id,birthdate,deathdate,ssn,drivers,passport,prefix,first,last,suffix,maiden,marital,race,ethnicity,gender,birthplace,address,city,state,county,zip,lat,lon,healthcare_expenses,healthcare_coverage,_ingest_time_utc,_source_file,_raw_row_id,id_is_null
579dc752-5705-6967-db68-1e20800a1661,2016-05-07,None,999-23-3974,None,None,None,Chanell45,Skiles927,None,None,None,white,nonhispanic,F,Arlington  Massachusetts  US,729 Weber Ramp Unit 63,Adams,Massachusetts,Berkshire County,1220,42.640746830058589,-73.124466221703415,18663.719,11280.660999999998,2025-11-07T12:24:53.157036,patients.csv,621,false
436a7fef-6640-96ab-2557-77e40e947bc9,2005-04-27,None,999-46-1194,S99940037,None,None,Arline53,Rohan584,None,None,None,white,nonhispanic,F,Millis-Clicquot  Massachusetts  US,584 Dare Station,Agawam,Massachusetts,Hampden County,1001,42.113554439002677,-72.672307349885884,593825.64,6160.56,2025-11-07T12:24:53.157036,patients.csv,540,false
32203cdc-00ea-b95b-15b3-a3eb870db382,1986-04-06,1998-03-26,999-25-5642,None,None,None,Mario764,Towne435,None,None,None,white,nonhispanic,M,Avon  Massachusetts  US,683 Pagac Rest Unit 56,Agawam,Massachusetts,Hampden County,,42.022144524616607,-72.619057876571944,291813.87999999995,11297.88,2025-11-07T12:24:53.157036,patients.csv,641,false
863d30c0-d34e-be6c-6a5b-1c7aa0333ee7,2017-06-19,None,999-81-1752,None,None,None,Ricardo560,Stracke611,None,None,None,white,nonhispanic,M,Sandwich  Massachusetts  US,814 Stehr Tunnel,Agawam,Massachusetts,Hampden County,1030,42.121359752498833,-72.697815233279556,110848.02000000002,183.08999999999995,2025-11-07T12:24:53.157036,patients.csv,735,false
68444584-c6e0-8d53-923e-ce79ba7c1911,2011-09-03,None,999-21-5083,None,None,None,Timmy68,Pfannerstill264,None,None,None,white,nonhispanic,M,Amherst  Massachusetts  US,426 Kuvalis Ville Apt 24,Amherst,Massachusetts,Hampshire County,,42.318033781151868,-72.548718358237622,253391.99,206.22,2025-11-07T12:24:53.157036,patients.csv,137,false
97a30f0c-5ece-06e1-f7c1-1f8d46057ea7,2012-11-26,None,999-36-8814,None,None,None,Lucretia377,Mann644,None,None,None,white,nonhispanic,F,Blandford  Massachusetts  US,642 Rosenbaum Avenue Suite 89,Andover,Massachusetts,Essex County,,42.694941913326367,-71.1182535852012,224223.3375,761.1225,2025-11-07T12:24:53.157036,patients.csv,134,false
3f9712f8-51e2-02e9-3ebc-0a72b0f9cac0,2014-01-19,None,999-24-3216,None,None,None,Waldo53,Nienow652,None,None,None,white,nonhispanic,M,Weymouth  Massachusetts  US,560 Bednar Mill Unit 33,Andover,Massachusetts,Essex County,,42.631105832839232,-71.1736296122515,196477.0925,523.89749999999992,2025-11-07T12:24:53.157036,patients.csv,809,false
1a3c4dbc-9cf9-3967-ac48-389057e4f2aa,2014-11-23,None,999-69-7819,None,None,None,Billie243,Grady603,None,None,None,white,nonhispanic,M,Newton  Massachusetts  US,433 DuBuque Promenade Unit 71,Andover,Massachusetts,Essex County,,42.678712893304358,-71.19186871631382,171579.6,353.34,2025-11-07T12:24:53.157036,patients.csv,992,false
284ef746-0103-40df-9c1b-28870ec27d62,2006-10-17,None,999-99-3677,None,None,None,Pablo44,Rojo930,None,None,None,white,hispanic,M,Juarez  Chihuahua  MX,304 Moen Trace Apt 76,Andover,Massachusetts,Essex County,,42.6055205549272,-71.168632871417529,595777.77750000008,179.57249999999996,2025-11-07T12:24:53.157036,patients.csv,1069,false
a8eed586-7fc7-e064-78ee-c6d227039940,2015-12-12,None,999-87-2722,None,None,None,Augustine565,Dickinson688,None,None,None,white,nonhispanic,M,Boston  Massachusetts  US,936 Mohr Rapid Suite 31,Arlington,Massachusetts,Middlesex County,,42.410283502538434,-71.180388260787041,136673.3875,3770.7825,2025-11-07T12:24:53.157036,patients.csv,251,false
7603d7e2-7e39-24cc-4068-dca4098f29f1,2010-04-11,None,999-17-3722,None,None,None,Nery414,Zemlak964,None,None,None,white,nonhispanic,F,Framingham  Massachusetts  US,100 Hahn Viaduct Apt 2,Arlington,Massachusetts,Middlesex County,,42.404190849786509,-71.115913166556112,376975.6075,95530.1325,2025-11-07T12:24:53.157036,patients.csv,707,false
27050e3a-dba0-61b9-3041-373c323e16a4,2004-02-20,None,999-55-3329,S99966055,None,None,Jenifer459,Abshire638,None,None,None,white,nonhispanic,F,Norwood  Massachusetts  US,783 Yundt Burg,Attleboro,Massachusetts,Bristol County,2703,41.928588256933288,-71.368662628708577,448059.63,487.05,2025-11-07T12:24:53.157036,patients.csv,153,false
bde529cd-a87e-f646-6b7d-d0370a097d70,2012-04-30,None,999-68-8044,None,None,None,Lance203,Daugherty69,None,None,None,white,nonhispanic,M,Taunton  Massachusetts  US,716 McDermott Meadow Unit 55,Attleboro,Massachusetts,Bristol County,2861,41.840189996442419,-71.31465911861082,241722.295,904.815,2025-11-07T12:24:53.157036,patients.csv,440,false
86e983ea-29df-a34a-c0b4-9a171859195f,2010-03-23,None,999-67-3570,None,None,None,Raul814,D'Amore443,None,None,None,white,nonhispanic,M,Falmouth  Massachusetts  US,493 Koelpin Vista Apt 26,Attleboro,Massachusetts,Bristol County,2703,41.890369387315332,-71.320107010757,381272.36500000011,123.07499999999992,2025-11-07T12:24:53.157036,patients.csv,670,false
bfc8a71f-2f61-d8fc-e2aa-615b1d4598d3,2014-07-11,None,999-58-5482,None,None,None,Deangelo7,Romaguera67,None,None,None,white,nonhispanic,M,Lowell  Massachusetts  US,1049 Reynolds Walk,Attleboro,Massachusetts,Bristol County,,41.94005869075071,-71.250679638417552,175749.685,60.10499999999999,2025-11-07T12:24:53.157036,patients.csv,1138,false
ff0e4d0e-6181-e36e-d817-64dbcaecb5d0,1994-08-12,2008-04-04,999-12-9188,None,None,None,Domingo513,Bashirian201,None,None,None,white,nonhispanic,M,Ware  Massachusetts  US,799 Labadie Orchard Apt 88,Barnstable,Massachusetts,Barnstable County,2655,41.650010487514614,-70.307155015056651,420643.4825,215.85749999999987,2025-11-07T12:24:53.157036,patients.csv,155,false
c1f1fcaa-82fd-d5b7-3544-c8f9708b06a8,2005-07-04,None,999-49-3323,S99941126,None,None,Thi53,Wunsch504,None,None,None,white,nonhispanic,F,Danvers  Massachusetts  US,972 Tillman Branch Suite 48,Bellingham,Massachusetts,Norfolk County,,42.035213357528178,-71.48251904737748,402723.415,14064.135000000002,2025-11-07T12:24:53.157036,patients.csv,2,false
19162199-ffeb-d890-6d5e-ed7afe08f1c0,2011-03-12,None,999-74-5964,None,None,None,Mateo562,Cardenas331,None,None,None,white,hispanic,M,Marigot  Saint Andrew Parish  DM,952 Carroll Parade,Bellingham,Massachusetts,Norfolk County,,42.1063102503786,-71.484294234199623,121580.27999999998,0,2025-11-07T12:24:53.157036,patients.csv,275,false
d4be4998-9b0d-8304-1413-14c68377d114,2008-05-27,None,999-22-9566,None,None,None,Leo278,Thiel172,None,None,None,white,nonhispanic,M,Dartmouth  Massachusetts  US,238 Pfeffer Promenade Suite 54,Billerica,Massachusetts,Middlesex County,,42.539124772299623,-71.266600919559252,336527.05999999994,0,2025-11-07T12:24:53.157036,patients.csv,1071,false
a47eed09-9942-9cbf-9220-2843ded300e9,2007-01-26,None,999-84-2012,None,None,None,Elvin140,Senger904,None,None,None,white,nonhispanic,M,Medford  Massachusetts  US,526 Kub Flat Apt 73,Blackstone,Massachusetts,Worcester County,,42.081408445204808,-71.5122933994795,368003.96,56.219999999999921,2025-11-07T12:24:53.157036,patients.csv,869,false
122b4063-18dc-f20f-204c-6f2da758717b,2018-09-16,None,999-63-4674,None,None,None,Carlota980,Morales679,None,None,None,white,hispanic,F,Santiago de los Caballeros  Santiago  DO,990 Morissette Parade,Boston,Massachusetts,Suffolk County,,42.290594379019225,-71.092167209270357,10334.434,7684.2459999999992,2025-11-07T12:24:53.157036,patients.csv,23,false
363f50e2-9771-dfb4-1ff5-3d7db24b9ada,2021-09-04,None,999-22-4018,None,None,None,Juliette736,McClure239,None,None,None,white,nonhispanic,F,Quincy  Massachusetts  US,293 Pacocha Knoll Unit 74,Boston,Massachusetts,Suffolk County,2128,42.43601260286119,-71.014352163969178,7728.18,0,2025-11-07T12:24:53.157036,patients.csv,57,false
71a8b156-760b-df6b-859e-eefc7932a526,2014-11-15,None,999-12-3038,None,None,None,Adriana394,Hintz995,None,None,None,white,nonhispanic,F,Amherst Center  Massachusetts  US,455 Bayer Rapid Suite 75,Boston,Massachusetts,Suffolk County,2120,42.3980503884975,-70.971345479509679,192947.81,0,2025-11-07T12:24:53.157036,patients.csv,103,false
87bd827a-41ca-256f-6e86-2d5e9623f805,2007-10-21,None,999-11-5111,None,None,None,Marlen929,Batz141,None,None,None,white,nonhispanic,F,Palmer  Massachusetts  US,241 Muller Plaza,Boston,Massachusetts,Suffolk County,2134,42.377261711713189,-71.009127612854229,409941.16,37530.24,2025-11-07T12:24:53.157036,patients.csv,169,false
a19e5a5b-084c-13c5-fcd6-c5fb27e80b14,2017-02-07,None,999-11-8197,None,None,None,Demetra94,Jaskolski867,None,None,None,white,nonhispanic,F,Cambridge  Massachusetts  US,317 Feil Dale,Boston,Massachusetts,Suffolk County,2126,42.342386430433251,-71.157508273132592,140465.045,563.295,2025-11-07T12:24:53.157036,patients.csv,238,false
6eca45da-1034-4775-72fd-fa3012b4ca45,2011-09-13,None,999-58-6213,None,None,None,Charlott617,Ryan260,None,None,None,white,nonhispanic,F,Andover  Massachusetts  US,856 Ankunding Mews,Boston,Massachusetts,Suffolk County,2113,42.356322291832427,-71.055275428056575,256275.9525,65.58749999999992,2025-11-07T12:24:53.157036,patients.csv,250,false
d3bb709c-94a8-35fe-cf31-974eba325f8b,2009-01-17,2011-03-13,999-21-1445,None,None,None,Luis923,Juárez383,None,None,None,white,hispanic,M,Buenos Aires  Ciudad de Buenos Aires  AR,197 Blick Fork Suite 49,Boston,Massachusetts,Suffolk County,2114,42.353336207695463,-71.0780774519353,76997.209999999992,25.589999999999897,2025-11-07T12:24:53.157036,patients.csv,274,false
11256c20-8feb-4033-de96-7d689a7d123a,2009-01-17,None,999-31-1814,None,None,None,Gabriel934,Villalpando154,None,None,None,white,hispanic,M,Lima  Lima Province  PE,884 Rowe Green Unit 43,Boston,Massachusetts,Suffolk County,2127,42.387889584742432,-71.032374758335351,306117.5125,82.027499999999947,2025-11-07T12:24:53.157036,patients.csv,279,false
81fbeaeb-d95a-1d34-e260-291f23fec526,2011-01-02,None,999-25-9079,None,None,None,Eva64,Soria950,None,None,None,white,hispanic,F,Bogota  Bogota  CO,1073 Beer Fork Unit 13,Boston,Massachusetts,Suffolk County,2199,42.2614899345523,-71.128011077975046,22194.886,26209.854,2025-11-07T12:24:53.157036,patients.csv,467,false
61adebe2-451a-0518-8424-dabde68087ea,2020-02-05,None,999-22-5398,None,None,None,Norma469,Apodaca347,None,None,None,asian,hispanic,F,Puebla  Puebla  MX,226 McDermott Harbor Suite 17,Boston,Massachusetts,Suffolk County,2120,42.31478708109146,-71.091997174674447,7931.4,0,2025-11-07T12:24:53.157036,patients.csv,484,false
fae0edab-0c3d-d1ed-5fbd-bb87125da5c4,2004-02-18,None,999-43-1984,S99919262,None,None,Milagros256,Douglas31,None,None,None,asian,nonhispanic,F,Lawrence  Massachusetts  US,701 Walter Hollow Unit 21,Boston,Massachusetts,Suffolk County,2199,42.41955042592118,-70.956948623332508,1173722.13,1168.62,2025-11-07T12:24:53.157036,patients.csv,502,false
02ea18ed-ad6e-4c59-a3aa-393bae7ab7fe,1976-08-26,1994-01-24,999-23-5305,S99972009,None,None,Justine412,Hackett68,None,None,None,white,nonhispanic,F,Pembroke  Massachusetts  US,550 Crooks Vista Suite 66,Boston,Massachusetts,Suffolk County,,42.325155656212459,-70.956002252150583,439584.25,0,2025-11-07T12:24:53.157036,patients.csv,558,false
bfe5fb30-e78a-abb8-a83a-788816ae9fe4,2014-10-16,None,999-76-6827,None,None,None,Shelby741,Muller251,None,None,None,black,nonhispanic,M,North Reading  Massachusetts  US,860 Boyer Underpass,Boston,Massachusetts,Suffolk County,2120,42.294172618204058,-70.981569728169987,189319.37,56.219999999999921,2025-11-07T12:24:53.157036,patients.csv,587,false
1f6ca3a4-3383-37f6-45d3-bfe282c43b10,2012-03-05,None,999-62-1439,None,None,None,Roseanna881,Mayer370,None,None,None,white,nonhispanic,F,Boston  Massachusetts  US,927 Prohaska Fork,Boston,Massachusetts,Suffolk County,2136,42.385377915857248,-71.047991293526508,236989.885,10067.655,2025-11-07T12:24:53.157036,patients.csv,613,false
da6e1124-d294-58f9-ff16-a0fe6a3f30dd,2018-07-22,None,999-93-7104,None,None,None,Shantae970,Glover433,None,None,None,white,nonhispanic,F,Orleans  Massachusetts  US,493 Dietrich Avenue,Boston,Massachusetts,Suffolk County,2118,42.321208970687948,-71.098369367586784,10966.8665,10200.4635,2025-11-07T12:24:53.157036,patients.csv,655,false
1edd887a-05a6-d93a-1cff-f78e3c5da92f,2011-06-18,None,999-81-4201,None,None,None,Cary869,Rutherford999,None,None,None,white,nonhispanic,M,Billerica  Massachusetts  US,1069 Ebert Bay Apt 48,Boston,Massachusetts,Suffolk County,2130,42.33978996478676,-71.074401859329555,19157.1255,5680.1544999999987,2025-11-07T12:24:53.157036,patients.csv,725,false
3c0f81dc-96bf-3f9c-6e4f-5763f9614fb2,2021-07-28,None,999-93-4680,None,None,None,Leanna255,Witting912,None,None,None,white,nonhispanic,F,Boston  Massachusetts  US,258 Keeling Flat,Boston,Massachusetts,Suffolk County,2113,42.3077727917184,-71.036458663799579,9801.48,0,2025-11-07T12:24:53.157036,patients.csv,753,false
f2f98ceb-38a9-72f3-5193-a849efce41ce,2016-03-28,None,999-25-4373,None,None,None,Ángela136,Saldaña5,None,None,None,white,hispanic,F,Portsmouth  Saint John Parish  DM,616 Grimes Crossroad Suite 48,Boston,Massachusetts,Suffolk County,2136,42.398738671169887,-71.05976627176625,141132.67,602.79,2025-11-07T12:24:53.157036,patients.csv,761,false
2e7f9367-ada3-e09c-876d-32b551578630,2013-11-04,None,999-93-1898,None,None,None,Mikaela760,Keeling57,None,None,None,other,nonhispanic,F,Fall River  Massachusetts  US,877 Schmidt Landing Suite 20,Boston,Massachusetts,Suffolk County,2467,42.22766030532518,-71.064971746263183,197283.53,131.21999999999994,2025-11-07T12:24:53.157036,patients.csv,785,false
43169892-50d5-afc6-e713-d9dd1a2657d3,1968-01-12,1970-01-16,999-11-1217,None,None,None,Kirstin394,Crooks415,None,None,None,white,nonhispanic,F,Boston  Massachusetts  US,319 Skiles Village Unit 56,Boston,Massachusetts,Suffolk County,2114,42.355157026968008,-71.131685322922408,49967.380000000005,0,2025-11-07T12:24:53.157036,patients.csv,799,false
a2f532cc-184b-d28c-b702-7b3fd99c77bd,2021-01-02,None,999-64-9334,None,None,None,Raphael767,Feeney44,None,None,None,white,nonhispanic,M,Boston  Massachusetts  US,128 Wunsch Route Apt 38,Boston,Massachusetts,Suffolk County,2136,42.3064540579927,-70.974374440970038,19859.33,2877.99,2025-11-07T12:24:53.157036,patients.csv,843,false
ae590ac7-640b-17b5-724f-497ff3cb346f,2018-04-22,None,999-56-5545,None,None,None,Tynisha348,Abbott774,None,None,None,white,nonhispanic,F,Norton  Massachusetts  US,1061 Toy Brook,Boston,Massachusetts,Suffolk County,2467,42.406703414323289,-71.0862834264057,11880.636000000002,12172.084,2025-11-07T12:24:53.157036,patients.csv,901,false
16374251-beab-44f9-ac53-faece4e66bc2,2017-11-17,None,999-42-4182,None,None,None,Cyrus914,Schuster709,None,None,None,white,nonhispanic,M,Barnstable  Massachusetts  US,855 Luettgen Well,Boston,Massachusetts,Suffolk County,2199,42.307116714653681,-71.104955238089929,77405.459999999992,523.07999999999993,2025-11-07T12:24:53.157036,patients.csv,926,false
2a1d4786-435c-6633-3b6f-b555f5d3519b,2009-03-23,None,999-32-6057,None,None,None,Eduardo902,Barela183,None,None,None,white,hispanic,M,Guatemala City  Guatemala  GT,784 Hayes Vale Unit 91,Boston,Massachusetts,Suffolk County,2136,42.226304746081,-71.152812549014826,450667.825,195452.71500000003,2025-11-07T12:24:53.157036,patients.csv,1070,false
34108223-8018-ed73-d675-449d69965f95,2009-11-18,None,999-34-5129,None,None,None,Dino214,Schultz619,None,None,None,black,nonhispanic,M,Watertown  Massachusetts  US,990 Bradtke Promenade Apt 31,Boston,Massachusetts,Suffolk County,2111,42.365430307336311,-71.0372373782709,307668.33999999991,0,2025-11-07T12:24:53.157036,patients.csv,1149,false
53cc5b94-3c84-3ecf-ae94-f98203e3d8ba,2014-03-07,None,999-85-1461,None,None,None,Elwood28,Gottlieb798,None,None,None,white,nonhispanic,M,New Bedford  Massachusetts  US,289 Mraz Knoll,Braintree,Massachusetts,Norfolk County,2184,42.2199482596054,-70.97768016132693,189892.04,0,2025-11-07T12:24:53.157036,patients.csv,36,false
dae01f0d-6147-47e0-bd58-bb20569a283c,2018-06-11,None,999-73-3806,None,None,None,Teddy976,Batz141,None,None,None,white,nonhispanic,M,Waltham  Massachusetts  US,769 Pacocha Center Suite 66,Braintree,Massachusetts,Norfolk County,,42.244579096362266,-70.957820005262377,98729.13,0,2025-11-07T12:24:53.157036,patients.csv,201,false
92f5789e-9175-3815-b189-654c2671d19b,2013-12-15,None,999-11-3736,None,None,None,Ping698,Abbott774,None,None,None,white,nonhispanic,F,Wareham  Massachusetts  US,400 Orn Landing,Braintree,Massachusetts,Norfolk County,2184,42.238417478947142,-71.024341937941841,195503.1325,4538.4975,2025-11-07T12:24:53.157036,patients.csv,423,false
ef318e4c-8d1c-c2a4-ce37-d76fbf8b9906,2016-04-13,None,999-44-9851,None,None,None,Neoma676,Halvorson124,None,None,None,white,nonhispanic,F,Northborough  Massachusetts  US,741 O'Connell Port Unit 74,Braintree,Massachusetts,Norfolk County,,42.22192963452774,-70.9577050201015,77042.09,0,2025-11-07T12:24:53.157036,patients.csv,720,false
f93c78a3-57b8-4858-cad5-e449f26e3857,2008-12-10,None,999-80-8776,None,None,None,Man114,Halvorson124,None,None,None,white,nonhispanic,M,Marblehead  Massachusetts  US,644 Abshire Park Suite 19,Brockton,Massachusetts,Plymouth County,,42.093319887827242,-70.949425312015876,327035.025,2953.305,2025-11-07T12:24:53.157036,patients.csv,50,false
5fe0db77-0fe4-4472-ce22-b6e860ec103a,2010-09-18,None,999-23-5318,None,None,None,Louis204,Wintheiser220,None,None,None,white,nonhispanic,F,Salem  Massachusetts  US,266 Hermiston Forge,Brockton,Massachusetts,Plymouth County,,42.091107212345563,-70.9880990130206,342231.6125,12082.3875,2025-11-07T12:24:53.157036,patients.csv,183,false
ce1153cb-d4ad-77e2-cd07-575e249a83ad,2006-10-18,None,999-76-5232,None,None,None,Deidra675,Rosenbaum794,None,None,None,white,nonhispanic,F,Boston  Massachusetts  US,619 Keeling Bypass,Brockton,Massachusetts,Plymouth County,2301,42.138012810564959,-70.91466163766647,53260.3195,41426.0705,2025-11-07T12:24:53.157036,patients.csv,477,false
132baf63-cbc4-cfec-1772-d88d7762fc4e,2019-06-16,None,999-12-5968,None,None,None,Damien170,Konopelski743,None,None,None,white,nonhispanic,M,Leominster  Massachusetts  US,453 Champlin Stravenue,Brookline,Massachusetts,Norfolk County,2445,42.332023039271832,-71.105721349946052,59967.482500000006,3686.7075,2025-11-07T12:24:53.157036,patients.csv,1116,false
18f70d07-28a0-17f3-2605-bf21cceb194b,2020-02-08,None,999-52-7055,None,None,None,Ernestina649,Fahey393,None,None,None,white,nonhispanic,F,Medford  Massachusetts  US,631 Muller Junction Apt 77,Cambridge,Massachusetts,Middlesex County,2141,42.35348723578543,-71.0679519301084,46898.77,56.219999999999921,2025-11-07T12:24:53.157036,patients.csv,38,false
0dcad249-f39f-b137-eee3-8dd59a7ede1c,2001-04-19,2015-02-12,999-73-3313,None,None,None,Dwayne786,Fisher429,None,None,None,white,nonhispanic,M,Melrose  Massachusetts  US,105 Wuckert Crossroad,Cambridge,Massachusetts,Middlesex County,2142,42.332559999280392,-71.084625773806223,321384.74000000011,1676.1,2025-11-07T12:24:53.157036,patients.csv,303,false
75fde6d2-84e9-feb2-088f-b99f5347881a,2012-01-24,None,999-63-4743,None,None,None,Katelyn962,Schaden604,None,None,None,white,nonhispanic,F,Canton  Massachusetts  US,1029 Kiehn Lock Unit 83,Cambridge,Massachusetts,Middlesex County,2138,42.4050793249168,-71.19493585691761,248822.415,1251.255,2025-11-07T12:24:53.157036,patients.csv,786,false
ce0cf6c2-6420-9443-5fcf-d60b8398048e,2010-09-09,None,999-95-3951,None,None,None,Sunshine777,Friesen796,None,None,None,white,nonhispanic,F,Ludlow  Massachusetts  US,1060 Lang Wynd Unit 84,Cambridge,Massachusetts,Middlesex County,2138,42.386995427564933,-71.1701435940092,292670.7,605.06999999999982,2025-11-07T12:24:53.157036,patients.csv,854,false
798f8865-ab80-0353-df73-b87b1d1f4b8f,2012-04-29,None,999-47-5206,None,None,None,Brooks264,Rowe323,None,None,None,white,nonhispanic,M,Brockton  Massachusetts  US,195 Ondricka Trailer,Chelmsford,Massachusetts,Middlesex County,,42.576519536816882,-71.372174801894516,29964.6325,12818.0175,2025-11-07T12:24:53.157036,patients.csv,974,false
b1b0fe43-a0f7-3ea6-67f8-0b5a3afd5a8e,2020-02-02,None,999-38-1447,None,None,None,Hassan290,Wyman904,None,None,None,white,nonhispanic,M,Douglas  Massachusetts  US,606 Ferry Quay Unit 80,Chicopee,Massachusetts,Hampden County,1022,42.1763819745767,-72.607078433570166,48098.28,282.2999999999999,2025-11-07T12:24:53.157036,patients.csv,163,false
c32ba41a-49da-124e-8858-e6398d9f43ca,2009-06-02,None,999-31-6931,None,None,None,Damien170,Ebert178,None,None,None,white,nonhispanic,M,Natick  Massachusetts  US,252 Johnson Route,Chicopee,Massachusetts,Hampden County,1022,42.220889391397805,-72.6206412176185,153040.72749999998,3764.4525,2025-11-07T12:24:53.157036,patients.csv,1012,false
7f2d1840-f991-e132-6614-40d219fb2474,2012-04-28,None,999-26-5187,None,None,None,Jeanne553,Pfeffer420,None,None,None,white,nonhispanic,F,Framingham  Massachusetts  US,1097 Dickens Club Suite 27,Clinton,Massachusetts,Worcester County,,42.377253330470538,-71.674088256384522,18776.7115,5132.4985,2025-11-07T12:24:53.157036,patients.csv,1072,false
56bf1a47-8065-1ba5-6d8c-430b37a621bf,2007-06-22,None,999-56-2288,None,None,None,Denny560,Watsica258,None,None,None,asian,nonhispanic,M,Boston  Massachusetts  US,112 Hintz Annex Unit 63,Concord,Massachusetts,Middlesex County,,42.481629199307321,-71.395661101812237,328040.88,0,2025-11-07T12:24:53.157036,patients.csv,32,false
3a4e4953-19cb-5a92-d896-cfeaa03f5ba8,2004-07-18,None,999-71-5684,S99966905,None,None,Sudie246,Rowe323,None,None,None,white,nonhispanic,F,Hopedale  Massachusetts  US,128 Dietrich Trail Suite 27,Concord,Massachusetts,Middlesex County,,42.487678978844109,-71.340129974747839,421814.99050000007,12032.499499999998,2025-11-07T12:24:53.157036,patients.csv,222,false
35e37786-cae2-06f7-f0da-7fca4b33f3e7,2017-01-03,None,999-23-9038,None,None,None,Gudrun69,Glover433,None,None,None,white,nonhispanic,F,Dedham  Massachusetts  US,567 McDermott Gateway Unit 84,Dalton,Massachusetts,Berkshire County,,42.519516469518337,-73.189554688626544,125050.14,474.50999999999988,2025-11-07T12:24:53.157036,patients.csv,561,false
1cd0fcc2-1fc9-6471-510b-2b524494d9f3,2004-02-01,None,999-86-3549,S99928755,None,None,Alton320,Parker433,None,None,None,white,nonhispanic,M,Boston  Massachusetts  US,176 Botsford Avenue,Dartmouth,Massachusetts,Bristol County,,41.572007438866642,-70.998809802121031,453323.47999999992,0,2025-11-07T12:24:53.157036,patients.csv,116,false
162135b4-931d-a531-c2ad-047b0c24abe8,2006-03-14,None,999-45-4911,None,None,None,Genna99,Stehr398,None,None,None,white,nonhispanic,F,Ludlow  Massachusetts  US,956 Doyle Trace,Dartmouth,Massachusetts,Bristol County,,41.58674364526621,-71.001606759845,910878.0775,42.442499999999896,2025-11-07T12:24:53.157036,patients.csv,227,false
1d4373dc-be5a-dd4a-15c3-0117198d94c0,2008-08-13,None,999-30-8063,None,None,None,Cheri871,Prosacco716,None,None,None,black,nonhispanic,F,Malden  Massachusetts  US,494 Grant Park Unit 87,Dartmouth,Massachusetts,Bristol County,,41.524559653623008,-70.9839611611765,341069.9275,461.30249999999984,2025-11-07T12:24:53.157036,patients.csv,868,false
9bbc77f6-c1e1-0c48-c64e-eb5958f15faf,2012-02-16,None,999-58-4205,None,None,None,Sheron583,Leffler128,None,None,None,white,nonhispanic,F,Andover  Massachusetts  US,545 O'Reilly Mall,Douglas,Massachusetts,Worcester County,,42.013777795307483,-71.793569298183741,246579.25,0,2025-11-07T12:24:53.157036,patients.csv,458,false
68f34b8e-efce-ce3e-836d-a815503c7b56,2006-07-02,None,999-28-3330,None,None,None,Ana972,Bonilla161,None,None,None,white,hispanic,F,Roseau  Saint George  DM,733 Ward Arcade Unit 36,Dracut,Massachusetts,Middlesex County,,42.685093093965307,-71.2951226551709,401423.4275,4605.2925000000005,2025-11-07T12:24:53.157036,patients.csv,651,false
59ec0cc4-d7ed-b48a-e3d2-3471d81c715f,1975-06-01,1991-03-24,999-66-4950,None,None,None,Emelina469,Howell947,None,None,None,white,nonhispanic,F,Wareham  Massachusetts  US,233 Frami Street,Duxbury,Massachusetts,Plymouth County,,42.070619254558544,-70.705881511294,411279.155,10751.265,2025-11-07T12:24:53.157036,patients.csv,766,false
e6850161-dedc-1d4e-ba95-d834d06351fe,1975-06-01,1990-03-16,999-95-8884,None,None,None,Karima879,Dare640,None,None,None,white,nonhispanic,F,Boston  Massachusetts  US,1010 Turner Mews,Duxbury,Massachusetts,Plymouth County,2332,42.016391418017562,-70.683378198207819,374934.1,0,2025-11-07T12:24:53.157036,patients.csv,771,false
02df500c-4884-89ee-981c-e160dd1f6902,2012-11-06,None,999-39-8251,None,None,None,Tijuana228,Abbott774,None,None,None,white,nonhispanic,F,Methuen  Massachusetts  US,926 Kiehn Alley Suite 71,East Bridgewater,Massachusetts,Plymouth County,,42.059023340149,-70.976041931880076,228511.655,3005.895,2025-11-07T12:24:53.157036,patients.csv,1146,false
4e100688-c089-1057-395a-eb4ced369230,2012-05-26,None,999-78-8433,None,None,None,Bev675,Morissette863,None,None,None,white,nonhispanic,F,Boston  Massachusetts  US,157 Kling Gardens,East Brookfield,Massachusetts,Worcester County,,42.172349601219643,-72.089053453657854,247195.56,601.1099999999999,2025-11-07T12:24:53.157036,patients.csv,495,false
36c63375-a5be-f2fd-5ead-457c203771ed,2009-03-22,None,999-17-8021,None,None,None,Ji399,Powlowski563,None,None,None,white,nonhispanic,F,Hopedale  Massachusetts  US,935 Marquardt Walk Unit 98,East Longmeadow,Massachusetts,Hampden County,,42.107249234388483,-72.46237692937909,314112.57249999995,3431.7975,2025-11-07T12:24:53.157036,patients.csv,1042,false
54d3fa3e-b79e-8123-4dfa-b4d9b0e735de,2004-10-13,None,999-69-2604,S99928333,None,None,Marylin690,Sipes176,None,None,None,white,nonhispanic,F,Rockland  Massachusetts  US,1021 Hoppe Way,Easton,Massachusetts,Bristol County,,42.088193553909939,-71.102749104279113,420842.0625,3069.6375000000003,2025-11-07T12:24:53.157036,patients.csv,152,false
525ea6a8-91ea-4600-39a6-d6ef271d11ec,2010-10-27,None,999-46-8508,None,None,None,Antione404,Hamill307,None,None,None,white,nonhispanic,M,Melrose  Massachusetts  US,596 Legros Path Apt 63,Easton,Massachusetts,Bristol County,,42.02916578389943,-71.15522635288869,281353.19999999995,131.21999999999994,2025-11-07T12:24:53.157036,patients.csv,1005,false
aa83e9bd-e4d5-1874-01ec-539e4a8356e1,2016-08-08,None,999-26-4112,None,None,None,Mitch821,Stark857,None,None,None,asian,nonhispanic,M,Scituate  Massachusetts  US,785 Jaskolski Manor Apt 5,Essex,Massachusetts,Essex County,,42.609732088104,-70.7235683552534,17657.243,21227.617,2025-11-07T12:24:53.157036,patients.csv,131,false
98e4223a-5ad8-94e0-2d73-ee5203dd4e2b,2008-11-09,None,999-92-2908,None,None,None,Delfina519,Parisian75,None,None,None,asian,nonhispanic,F,Boston  Massachusetts  US,752 Heller Vale Apt 5,Everett,Massachusetts,Middlesex County,2149,42.408721913017153,-71.057596736431,162931.84749999997,1462.6425,2025-11-07T12:24:53.157036,patients.csv,19,false
63198606-7c07-e63a-42a3-2f47419c881c,2015-01-22,None,999-39-5566,None,None,None,Rashida558,Murray856,None,None,None,white,nonhispanic,F,Westborough  Massachusetts  US,400 Crooks Orchard,Everett,Massachusetts,Middlesex County,,42.430317207167057,-71.0188571341331,188478.56,131.21999999999994,2025-11-07T12:24:53.157036,patients.csv,40,false
19d74a46-a73e-9493-1eb8-e40b39f89db8,2020-03-27,None,999-22-7971,None,None,None,Reta616,West559,None,None,None,black,nonhispanic,F,North Attleborough  Massachusetts  US,282 Metz Run Unit 17,Everett,Massachusetts,Middlesex County,,42.381819132518963,-71.075496605629851,26052.93,0,2025-11-07T12:24:53.157036,patients.csv,677,false
a812494f-ce21-de00-8983-87d93077c751,2017-06-12,None,999-42-3424,None,None,None,Richie600,Flatley871,None,None,None,white,nonhispanic,M,Southampton  Massachusetts  US,386 Howe Union Unit 51,Fall River,Massachusetts,Bristol County,,41.6059189117132,-71.113321310319961,70811.98000000001,34.349999999999945,2025-11-07T12:24:53.157036,patients.csv,161,false
403f6042-df1e-7ef4-d24d-1ad3042b1c1c,2007-08-02,None,999-69-1977,None,None,None,Tona622,O'Keefe54,None,None,None,white,nonhispanic,F,St Petersburg  St Petersburg  RU,162 Mills Terrace,Fall River,Massachusetts,Bristol County,2790,41.65230978283752,-71.135757086133708,372773.49249999993,2251.8075,2025-11-07T12:24:53.157036,patients.csv,166,false
8baeb614-ce03-cedf-2694-92b70f894886,2013-09-16,None,999-46-3147,None,None,None,Emilie407,Kozey370,None,None,None,white,nonhispanic,F,Gloucester  Massachusetts  US,128 Schmitt Manor,Fall River,Massachusetts,Bristol County,2790,41.612532466454141,-71.06525763523392,208262.0375,132.44249999999991,2025-11-07T12:24:53.157036,patients.csv,634,false
59006c13-4c8e-7d51-5392-8a78ea30c159,2014-01-01,None,999-58-6320,None,None,None,Deirdre267,Langosh790,None,None,None,white,nonhispanic,F,Auburn  Massachusetts  US,774 Cartwright Rue Suite 76,Fall River,Massachusetts,Bristol County,2721,41.6193877171992,-71.060389499642724,202278.25,1909.11,2025-11-07T12:24:53.157036,patients.csv,770,false
50253c1b-528a-3481-74a5-3a879de27675,2004-09-23,None,999-18-4539,S99982067,None,None,Abel832,Dooley940,None,None,None,white,nonhispanic,M,Hudson  Massachusetts  US,608 Marks Row,Fall River,Massachusetts,Bristol County,2724,41.760773823374279,-71.106065061600617,202591.19,0,2025-11-07T12:24:53.157036,patients.csv,1123,false
e6c17129-ce47-da17-b4ee-dbab7ebf8e48,2007-02-21,None,999-98-9837,None,None,None,Marvella276,Paucek755,None,None,None,black,nonhispanic,F,North Andover  Massachusetts  US,685 Gibson Quay Apt 60,Forestdale,Massachusetts,Barnstable County,2644,41.71249116404465,-70.557389256535572,369310.59,56.219999999999921,2025-11-07T12:24:53.157036,patients.csv,1075,false
a74d0e94-a25c-e5b1-3d27-d23552bd29f1,2014-05-13,None,999-88-1125,None,None,None,Sydney660,O'Hara248,None,None,None,white,nonhispanic,M,Boston  Massachusetts  US,156 Muller Ferry,Gloucester,Massachusetts,Essex County,1930,42.656894156989495,-70.72750647595943,24289.873,15577.586999999998,2025-11-07T12:24:53.157036,patients.csv,93,false
c49a00b1-cead-b093-f02c-be9b7789c584,2012-02-16,None,999-62-6454,None,None,None,Ernesto186,Pacocha935,None,None,None,white,nonhispanic,M,Northborough  Massachusetts  US,789 Fahey Plaza,Gloucester,Massachusetts,Essex County,1930,42.613308635977617,-70.675216248632267,254486.41,0,2025-11-07T12:24:53.157036,patients.csv,462,false
6ca8bd16-892f-5fe6-ce6e-c9e16d6523e9,2007-04-16,None,999-82-6094,None,None,None,Roscoe437,Marquardt819,None,None,None,black,nonhispanic,M,Newton  Massachusetts  US,429 Wehner Landing,Grafton,Massachusetts,Worcester County,,42.176237012551454,-71.665193105938272,367322.9275,2874.3825,2025-11-07T12:24:53.157036,patients.csv,1028,false
426cade9-82be-f335-7340-c4413e4bdd6a,2008-04-26,None,999-25-6350,None,None,None,Erich201,Gulgowski816,None,None,None,white,nonhispanic,M,Wakefield  Massachusetts  US,352 Spencer Village Suite 12,Great Barrington,Massachusetts,Berkshire County,,42.250855022012246,-73.289564397650736,341130.94999999995,206.22,2025-11-07T12:24:53.157036,patients.csv,220,false
6a6a1b30-9966-bd68-e732-b7ce2c0b6ade,2013-11-19,None,999-17-5887,None,None,None,Roberto515,Quiroz936,None,None,None,white,hispanic,M,Portsmouth  Saint John Parish  DM,759 Schimmel Hollow Unit 24,Haverhill,Massachusetts,Essex County,1835,42.774142236718532,-71.100912612649,201925.44,1434.3,2025-11-07T12:24:53.157036,patients.csv,47,false
251ec304-b5fb-e3fa-72ed-197b957c3378,2020-05-13,None,999-74-4099,None,None,None,Harris789,Torphy630,None,None,None,white,nonhispanic,M,Fall River  Massachusetts  US,380 Gibson Street Unit 30,Haverhill,Massachusetts,Essex County,,42.798938279326883,-71.154480725476517,5147.4385,6411.3314999999993,2025-11-07T12:24:53.157036,patients.csv,89,false
ef3624d5-0c77-e990-c856-064916d06155,2021-09-24,None,999-48-8881,None,None,None,Tabatha105,Schaefer657,None,None,None,white,nonhispanic,F,Norton  Massachusetts  US,608 Green Light,Haverhill,Massachusetts,Essex County,1835,42.751874829650966,-71.164185978228261,4919.3600000000006,0,2025-11-07T12:24:53.157036,patients.csv,762,false
9055bf8d-a995-d068-a3e0-666a002b5683,2010-11-12,None,999-85-5488,None,None,None,Manuela585,Villalpando154,None,None,None,white,hispanic,F,Puebla  Puebla  MX,931 Beatty Loaf,Holliston,Massachusetts,Middlesex County,,42.151266912110586,-71.41134400718849,267670.0725,69.127499999999969,2025-11-07T12:24:53.157036,patients.csv,493,false
ca934cf9-a055-9b04-fd86-037eece56e90,2014-07-07,None,999-54-5846,None,None,None,Daniela614,Hagenes547,None,None,None,white,hispanic,F,Revere  Massachusetts  US,425 Corwin Heights,Holliston,Massachusetts,Middlesex County,,42.175715546699927,-71.49045723562925,180208.8825,196.20749999999995,2025-11-07T12:24:53.157036,patients.csv,841,false
144e80cf-0e24-0958-e987-0afc0339b98e,1996-01-11,2000-09-11,999-97-9118,None,None,None,Perry780,Zulauf375,None,None,None,white,nonhispanic,M,Cologne  North Rhine-Westphalia  DE,364 Konopelski Manor Unit 56,Hudson,Massachusetts,Middlesex County,,42.360761645066781,-71.550412714369543,151882.8075,1309.0424999999998,2025-11-07T12:24:53.157036,patients.csv,891,false
994223d1-9b84-a63f-e081-27cc1951e9b7,2008-04-06,None,999-98-8769,None,None,None,Golda777,Green467,None,None,None,white,nonhispanic,F,Fall River  Massachusetts  US,569 Bechtelar Passage,Ipswich,Massachusetts,Essex County,1938,42.697978416562655,-70.840071053725211,352904.87999999989,0,2025-11-07T12:24:53.157036,patients.csv,807,false
39b4eaac-6d32-3610-6cdf-20196fd708cb,2005-04-13,None,999-85-7342,S99974594,None,None,Noriko180,Herman763,None,None,None,hawaiian,nonhispanic,F,Fall River  Massachusetts  US,1024 Russel Divide Suite 36,Kingston,Massachusetts,Plymouth County,2364,41.988433836225461,-70.782863680308864,320508.42,8292.7799999999988,2025-11-07T12:24:53.157036,patients.csv,136,false
d1822991-eb4f-aafe-6a88-cd5279b4385b,2017-01-09,None,999-39-2759,None,None,None,Solomon675,Moore224,None,None,None,white,nonhispanic,M,Peabody  Massachusetts  US,948 Wilkinson Passage,Lancaster,Massachusetts,Worcester County,,42.528144623456633,-71.7013504839964,127579.35,32828.16,2025-11-07T12:24:53.157036,patients.csv,52,false
9be0edbf-60c3-cbd4-4e68-5d6000282684,2007-02-06,None,999-35-1348,None,None,None,Francisco472,Sauer652,None,None,None,white,hispanic,M,Pittsfield  Massachusetts  US,269 Littel Manor,Lancaster,Massachusetts,Worcester County,,42.462705296865678,-71.6758949792929,640551.44499999983,2496.5550000000003,2025-11-07T12:24:53.157036,patients.csv,1132,false
49e94ea9-a534-15f8-fd74-3c739f2c0eb2,2005-09-29,None,999-67-9255,S99976986,None,None,Gillian484,Langworth352,None,None,None,white,hispanic,F,Marblehead  Massachusetts  US,228 Murazik Lock Unit 65,Lawrence,Massachusetts,Essex County,1840,42.671498830789794,-71.183243015456881,894460.57,0,2025-11-07T12:24:53.157036,patients.csv,188,false
6895f047-ab31-c293-b335-374256e01eb1,2020-02-14,None,999-98-3221,None,None,None,Alicia629,Jakubowski832,None,None,None,white,nonhispanic,F,West Springfield  Massachusetts  US,120 Rippin Terrace,Leominster,Massachusetts,Worcester County,1453,42.491005918029209,-71.75301383493418,52125.28,0,2025-11-07T12:24:53.157036,patients.csv,214,false
221517f1-556c-2b5b-0553-6e26aa4466a1,2010-07-16,None,999-39-2038,None,None,None,Cinthia596,Cremin516,None,None,None,white,nonhispanic,F,Ayer  Massachusetts  US,363 Rice Frontage road Unit 20,Littleton Common,Massachusetts,Middlesex County,,42.54486009623421,-71.458307216739016,275672.9825,2554.4475,2025-11-07T12:24:53.157036,patients.csv,1098,false
3ff3637c-86a6-6d45-8e41-f1b2c96fbcf4,2010-01-13,None,999-95-3226,None,None,None,Rosana394,Kessler503,None,None,None,white,nonhispanic,F,Mashpee  Massachusetts  US,276 Deckow Tunnel Unit 19,Lowell,Massachusetts,Middlesex County,,42.604714829560734,-71.304234629546016,298852.3775,543.98249999999985,2025-11-07T12:24:53.157036,patients.csv,60,false
f4018f25-2220-b846-1dea-5d0818e0baea,1971-04-29,1972-02-06,999-31-4093,None,None,None,Vennie613,Hermiston71,None,None,None,white,nonhispanic,F,Shirley  Massachusetts  US,538 Morar Trafficway,Lowell,Massachusetts,Middlesex County,1854,42.664419805758243,-71.349427064706092,26742.310000000005,0,2025-11-07T12:24:53.157036,patients.csv,352,false
7442e18c-ac59-805d-6140-6db8778408b5,2006-11-03,None,999-36-1547,None,None,None,Kristeen693,Paucek755,None,None,None,other,nonhispanic,F,Sharon  Massachusetts  US,797 Nikolaus Lane Suite 38,Lowell,Massachusetts,Middlesex County,1851,42.6291831109308,-71.268789429577353,377244.57,659.22,2025-11-07T12:24:53.157036,patients.csv,363,false
1a9659fb-0cbb-50af-d820-04a12c1b2604,2008-10-24,None,999-90-4292,None,None,None,Sylvia544,Collins926,None,None,None,white,nonhispanic,F,Shrewsbury  Massachusetts  US,482 Collier Spur Apt 44,Lowell,Massachusetts,Middlesex County,1854,42.640340144488434,-71.320045111543536,167199.68999999997,0,2025-11-07T12:24:53.157036,patients.csv,365,false
707051d8-8fea-209d-7a46-556f060df1b2,1978-02-27,1991-06-18,999-91-5811,None,None,None,Essie785,Kuhn96,None,None,None,white,nonhispanic,F,Saugus  Massachusetts  US,368 Jones Parade Suite 96,Lowell,Massachusetts,Middlesex County,1850,42.616799995405913,-71.351242860471856,36586.955,20426.425000000003,2025-11-07T12:24:53.157036,patients.csv,612,false
a5ca099b-c28d-c0f4-653a-0d926051840a,2019-08-29,None,999-43-1306,None,None,None,Kevin729,Kautzer186,None,None,None,white,nonhispanic,M,New Bedford  Massachusetts  US,538 Stroman Pathway Apt 39,Lynn,Massachusetts,Essex County,1906,42.432214089921011,-70.929173025767128,61668.180000000008,56.219999999999921,2025-11-07T12:24:53.157036,patients.csv,67,false
be11f8fe-52e4-7748-8835-1f2435aeb7db,2020-04-28,None,999-28-9940,None,None,None,Reynaldo722,Koch169,None,None,None,white,nonhispanic,M,Littleton  Massachusetts  US,1000 Kovacek Heights Apt 27,Lynn,Massachusetts,Essex County,1940,42.483314867148373,-71.007315617456825,44472.3425,65.5874999999999,2025-11-07T12:24:53.157036,patients.csv,411,false
7249d5ba-664d-786e-f1c8-924588615e7a,2004-01-21,None,999-98-2374,S99972443,None,None,Cecilia788,Arroyo916,None,None,None,white,hispanic,F,Carolina  Puerto Rico  PR,907 Metz Ranch,Lynn,Massachusetts,Essex County,1901,42.430772082458304,-70.873159685244261,474129.575,121.51499999999982,2025-11-07T12:24:53.157036,patients.csv,524,false
9ccd0d4f-f8f2-34a4-4ba9-9b9b92c6370a,2007-05-08,None,999-28-5066,None,None,None,Javier97,Tijerina14,None,None,None,white,hispanic,M,Caguas  Puerto Rico  PR,446 Jast Mission Unit 87,Lynn,Massachusetts,Essex County,1906,42.489563802752848,-70.949133531317813,366191.7375,820.76249999999993,2025-11-07T12:24:53.157036,patients.csv,533,false
916fc065-f5a1-219f-42c2-13066c4e20eb,2012-01-21,None,999-27-2538,None,None,None,Betsy439,Morissette863,None,None,None,white,nonhispanic,F,New Bedford  Massachusetts  US,351 Ferry Street Suite 24,Lynn,Massachusetts,Essex County,1906,42.49731634690793,-71.040949040790537,253153.19,1354.05,2025-11-07T12:24:53.157036,patients.csv,593,false
81d042b4-40c3-976a-efb0-b9e36a0f28e1,2006-03-05,None,999-14-5254,None,None,None,Bryce11,Schinner682,None,None,None,white,nonhispanic,M,Woburn  Massachusetts  US,187 Orn Vale,Lynn,Massachusetts,Essex County,1904,42.489749080741056,-70.932861451198747,49999.6125,30582.6375,2025-11-07T12:24:53.157036,patients.csv,746,false
dd7739d6-6c0f-7f01-2ad2-67f979397a96,2005-06-09,None,999-66-2227,S99990167,None,None,Rich940,Beatty507,None,None,None,white,nonhispanic,M,Fall River  Massachusetts  US,171 Boyle Gardens Apt 67,Lynn,Massachusetts,Essex County,1904,42.546486494528985,-71.012392294011946,247741.3425,1408.4475,2025-11-07T12:24:53.157036,patients.csv,774,false
91329ab8-b00d-db22-4c3e-12269e4f0ec3,2003-11-23,None,999-41-9252,S99989994,None,None,Joaquina124,Boyle917,None,None,None,asian,nonhispanic,F,Worcester  Massachusetts  US,1037 Schinner Dale Apt 18,Lynnfield,Massachusetts,Essex County,1940,42.573871570953088,-71.04409716166596,447760.5725,2505.3075,2025-11-07T12:24:53.157036,patients.csv,1066,false
46a347db-536c-5074-ab87-66802ca5395b,2017-08-06,None,999-14-6917,None,None,None,Shona685,Swift555,None,None,None,white,nonhispanic,F,Wilmington  Massachusetts  US,617 Lubowitz Stravenue Unit 37,Malden,Massachusetts,Middlesex County,2148,42.394495656790589,-71.088579917918821,109992.63,131.21999999999994,2025-11-07T12:24:53.157036,patients.csv,602,false
3724187a-4b7f-43ef-aa6f-22e13b76449b,2019-06-25,None,999-78-8833,None,None,None,Dan465,Tromp100,None,None,None,white,hispanic,M,Spencer  Massachusetts  US,771 Rutherford Mill,Mansfield,Massachusetts,Bristol County,,42.016901719793658,-71.2286694946773,84399.39,206.22,2025-11-07T12:24:53.157036,patients.csv,523,false
e35a7f38-bb1a-0c47-3a3e-8390f726ef08,2020-01-04,None,999-19-3747,None,None,None,Antonietta855,Collier206,None,None,None,white,nonhispanic,F,Sandwich  Massachusetts  US,197 Baumbach Plaza,Marlborough,Massachusetts,Middlesex County,1752,42.3977991817334,-71.499572609713525,48110.2,0,2025-11-07T12:24:53.157036,patients.csv,798,false
c88891ca-5796-aca3-c67d-0b2043dd0463,2007-12-14,None,999-76-2033,None,None,None,Alexander630,Robel940,None,None,None,white,nonhispanic,M,Westfield  Massachusetts  US,337 Nicolas Light,Marshfield,Massachusetts,Plymouth County,2050,42.120656156562909,-70.712245101027591,629927.13,131.21999999999994,2025-11-07T12:24:53.157036,patients.csv,66,false
f7130650-ec26-4a43-fc30-ac3f05cc793d,2005-10-23,None,999-61-9411,S99954499,None,None,David908,Dicki44,None,None,None,asian,nonhispanic,F,Salem  Massachusetts  US,953 Bartoletti Center Apt 1,Mashpee,Massachusetts,Barnstable County,,41.615473701610448,-70.490506549888238,51465.8015,25570.2285,2025-11-07T12:24:53.157036,patients.csv,208,false
38d96869-3e34-d6c4-9e10-eaa1468de9a8,2005-01-10,None,999-24-7605,S99999976,None,None,Yelena240,Kozey370,None,None,None,white,nonhispanic,F,Ashland  Massachusetts  US,542 Christiansen Brook Suite 39,Mashpee,Massachusetts,Barnstable County,,41.64367989377417,-70.5150183402376,438249.28,1766.1,2025-11-07T12:24:53.157036,patients.csv,1111,false
4a3c6287-bc6a-681b-4382-0036f2432a51,2015-06-24,None,999-11-7324,None,None,None,Norman647,Glover433,None,None,None,white,nonhispanic,M,Boston  Massachusetts  US,531 Will Vale Unit 54,Maynard,Massachusetts,Middlesex County,1754,42.385025294951213,-71.460147862374384,20618.201500000003,14595.828499999998,2025-11-07T12:24:53.157036,patients.csv,840,false
7e2e283e-fef9-4061-4fa7-cf68be4a6dbf,2017-03-25,None,999-28-8368,None,None,None,Latesha830,Breitenberg711,None,None,None,asian,nonhispanic,F,Belmont  Massachusetts  US,963 Langosh Station,Medford,Massachusetts,Middlesex County,,42.469625401670818,-71.068298674045792,125567.25,0,2025-11-07T12:24:53.157036,patients.csv,339,false
d515a84c-6dce-4070-8794-d59b7c5cf2ca,2011-10-27,None,999-64-1316,None,None,None,Jeff859,Wehner319,None,None,None,white,nonhispanic,M,Framingham  Massachusetts  US,1088 Hirthe Orchard Suite 25,Melrose,Massachusetts,Middlesex County,,42.47295879438029,-71.1012270615434,272386.39,56.219999999999921,2025-11-07T12:24:53.157036,patients.csv,961,false
bb79a5f5-c5bd-7c04-02b6-9589fd41e840,2010-08-11,None,999-61-9730,None,None,None,Valentine262,Sanford861,None,None,None,white,nonhispanic,M,Taunton  Massachusetts  US,684 Cartwright Bridge Unit 85,Merrimac,Massachusetts,Essex County,,42.860110089850721,-70.992130768422527,281222.59,2665.68,2025-11-07T12:24:53.157036,patients.csv,1010,false
22b01ffb-7537-e873-3a7c-0d6961c498d7,2018-10-29,None,999-61-6244,None,None,None,Elton404,Homenick806,None,None,None,black,nonhispanic,M,Marlborough  Massachusetts  US,859 King Road,Middleborough,Massachusetts,Plymouth County,,41.906541572202393,-70.82643897069039,88103.03,206.22,2025-11-07T12:24:53.157036,patients.csv,372,false
ae59c2c9-648d-6f76-2d42-a1b8cac21c8b,1935-03-23,1945-10-20,999-52-7773,None,None,None,Allan198,Koelpin146,None,None,None,white,nonhispanic,M,Boston  Massachusetts  US,1025 Mosciski Flat Apt 85,Middleborough Center,Massachusetts,Plymouth County,,41.9120407010324,-70.909021320222337,311126.28750000003,9.68249999999989,2025-11-07T12:24:53.157036,patients.csv,258,false
179d9711-5c0f-958e-4466-2295daac7451,1975-12-24,1991-11-18,999-59-9563,None,None,None,Rosendo998,Padberg411,None,None,None,white,nonhispanic,M,Sandwich  Massachusetts  US,595 Tromp Gateway,Milford,Massachusetts,Worcester County,,42.146366315611843,-71.547380897389,430138.19000000006,2185.65,2025-11-07T12:24:53.157036,patients.csv,209,false
b3700252-f7e3-e8f9-aca4-6a759c52f4b9,2019-03-10,None,999-19-3943,None,None,None,Leana211,Keeling57,None,None,None,white,nonhispanic,F,Sandisfield  Massachusetts  US,240 Fisher Tunnel Apt 11,Montague,Massachusetts,Franklin County,,42.5930214261213,-72.509078122110921,42990.435000000005,2617.905,2025-11-07T12:24:53.157036,patients.csv,661,false
155e8fa2-a0ac-80e4-23e2-0395cdcf1794,2008-10-11,None,999-58-4150,None,None,None,Myrtice99,Ernser583,None,None,None,white,hispanic,F,Boston  Massachusetts  US,822 Eichmann Key Apt 39,Nantucket,Massachusetts,Nantucket County,2554,41.299941849839286,-70.1089379411243,319525.86999999994,479.42999999999984,2025-11-07T12:24:53.157036,patients.csv,555,false
ed01aca0-b28f-4b31-711b-3114e5d3c661,2012-04-18,None,999-48-4955,None,None,None,Irish781,Torp761,None,None,None,black,nonhispanic,F,Lynnfield  Massachusetts  US,531 Schoen Road,Natick,Massachusetts,Middlesex County,,42.318853098784842,-71.329408901908337,246067.7225,113.70749999999992,2025-11-07T12:24:53.157036,patients.csv,117,false
1f4b009b-80bf-da5f-a2c1-dad8e71e8927,2014-12-05,None,999-53-4906,None,None,None,Herminia75,Hahn503,None,None,None,asian,nonhispanic,F,Northbridge  Massachusetts  US,434 Hills Brook,Natick,Massachusetts,Middlesex County,,42.262457976975732,-71.3358502173774,183656.9625,1756.5975,2025-11-07T12:24:53.157036,patients.csv,218,false
faac724a-a9e9-be66-fe1e-3044dc0ba8ea,2020-12-04,None,999-31-8261,None,None,None,Brandon214,Watsica258,None,None,None,white,nonhispanic,F,Northborough  Massachusetts  US,734 Brakus Pathway Unit 28,New Marlborough,Massachusetts,Berkshire County,,42.147028011364384,-73.217103203539821,31468.04,206.22,2025-11-07T12:24:53.157036,patients.csv,6,false
7fc60498-21c5-6527-1502-dcd0c44adf74,2019-06-15,None,999-51-9084,None,None,None,Epifania219,Lemke654,None,None,None,white,nonhispanic,F,Quincy  Massachusetts  US,338 Crona Landing Apt 21,Newburyport,Massachusetts,Essex County,,42.768045851094648,-70.892519706571122,44268.51,0,2025-11-07T12:24:53.157036,patients.csv,734,false
0d2673ea-1ad2-be4f-0f45-fcf802d7785f,2017-11-24,None,999-83-1614,None,None,None,Jim478,Lubowitz58,None,None,None,white,nonhispanic,M,Springfield  Massachusetts  US,803 Spencer Glen Apt 14,Newton,Massachusetts,Middlesex County,2461,42.3034553908473,-71.119553342551782,99578.49,4376.79,2025-11-07T12:24:53.157036,patients.csv,823,false
dc234609-fb36-d5ba-bf99-c04b4f107790,2021-03-13,None,999-51-6602,None,None,None,Otto672,Padberg411,None,None,None,white,nonhispanic,M,Lynn  Massachusetts  US,520 Tromp Viaduct,North Andover,Massachusetts,Essex County,,42.626364759729121,-71.055018540134952,18799.59,0,2025-11-07T12:24:53.157036,patients.csv,551,false
a706bd75-a69b-5bb8-db87-8a29b45c989d,2003-12-06,None,999-47-1225,S99972599,None,None,Vivienne78,Doyle959,None,None,None,white,nonhispanic,F,Quincy  Massachusetts  US,264 King Bay,North Attleborough,Massachusetts,Bristol County,,42.008476284077936,-71.3266847668713,443728.40499999991,434.92499999999984,2025-11-07T12:24:53.157036,patients.csv,676,false
720f6209-ee05-b675-ee87-8de4b8d3919d,2015-11-01,None,999-58-2610,None,None,None,Shad704,Jones311,None,None,None,white,nonhispanic,M,Lynn  Massachusetts  US,741 Boehm Rapid,North Attleborough,Massachusetts,Bristol County,,41.941342642662576,-71.343608931308466,158711.09,206.22,2025-11-07T12:24:53.157036,patients.csv,994,false
9e9a8955-c4c4-dd80-2a2a-1c6b602efbf5,2019-05-15,None,999-75-4152,None,None,None,Luella739,Corwin846,None,None,None,white,nonhispanic,F,Methuen  Massachusetts  US,530 Abbott Overpass,North Plymouth,Massachusetts,Plymouth County,,41.9308911732642,-70.725136973048734,68706.135,934.785,2025-11-07T12:24:53.157036,patients.csv,281,false
361cf862-7199-0230-c62d-3a3319bdc1d6,2019-10-02,None,999-47-2555,None,None,None,Johnny786,Blick895,None,None,None,white,nonhispanic,M,Marblehead  Massachusetts  US,1052 Herzog Wynd,Northbridge,Massachusetts,Worcester County,,42.175440607054668,-71.643679466264317,43777.47,0,2025-11-07T12:24:53.157036,patients.csv,1019,false
a4ce9a28-c676-33d4-1656-0cb7e4419883,2009-02-25,None,999-31-6930,None,None,None,Arnette709,Schamberger479,None,None,None,white,nonhispanic,F,Upton  Massachusetts  US,183 Auer Trailer Unit 2,Northwest Harwich,Massachusetts,Barnstable County,,41.678577339124651,-70.1499308659487,232409.9575,3037.7025,2025-11-07T12:24:53.157036,patients.csv,344,false
1e6c1763-afae-06b8-e9ec-6a3cfee72c45,2012-09-30,None,999-22-9855,None,None,None,Anderson154,Haag279,None,None,None,white,nonhispanic,M,Hingham  Massachusetts  US,166 Jerde Pathway Suite 28,Norton,Massachusetts,Bristol County,,41.955007924941391,-71.208454134107853,226608.6675,2908.8525,2025-11-07T12:24:53.157036,patients.csv,392,false
eabceccb-fd23-1253-2037-dee4fa41fbd5,2014-04-01,None,999-34-5087,None,None,None,Alene865,Hermann103,None,None,None,asian,nonhispanic,F,Boston  Massachusetts  US,1049 Haag Walk,Oxford,Massachusetts,Worcester County,1540,42.11380012875896,-71.860675318252461,196757.6,131.21999999999994,2025-11-07T12:24:53.157036,patients.csv,930,false
2798ae24-ef3b-1906-6e41-a31e0fd833a0,1973-07-14,1974-10-22,999-66-7954,None,None,None,Jolynn62,Conn188,None,None,None,black,hispanic,F,Lowell  Massachusetts  US,123 Price Vista,Palmer,Massachusetts,Hampden County,1095,42.194532918080704,-72.305766352333251,47710.289999999994,0,2025-11-07T12:24:53.157036,patients.csv,278,false
62767100-3af3-e021-1ad2-db9509f743a2,2009-07-17,None,999-95-3276,None,None,None,Anh979,Schaden604,None,None,None,white,nonhispanic,F,Boston  Massachusetts  US,566 Funk Crossing,Pittsfield,Massachusetts,Berkshire County,1201,42.4556644432066,-73.265107814849316,245393.31,5882.34,2025-11-07T12:24:53.157036,patients.csv,977,false
3ccff3bb-35a0-bf09-e87e-ff16b4fd6a66,2007-01-05,None,999-55-9856,None,None,None,Reyna401,Kemmer137,None,None,None,white,nonhispanic,F,Falmouth  Massachusetts  US,217 Zboncak Bypass Apt 19,Plainville,Massachusetts,Norfolk County,,42.024033372213317,-71.3860153775844,367767.41749999992,2763.3525,2025-11-07T12:24:53.157036,patients.csv,1131,false
8daa23b6-137c-abd3-58c8-da0f70b98143,2015-03-31,None,999-82-4846,None,None,None,Elenora790,Buckridge80,None,None,None,white,nonhispanic,F,Falmouth  Massachusetts  US,716 Medhurst Walk Unit 96,Plymouth,Massachusetts,Plymouth County,,41.861444974225904,-70.5928697290944,185855.78,206.22,2025-11-07T12:24:53.157036,patients.csv,407,false
db44d702-2951-de80-0bd9-7c89472963f0,2011-07-17,None,999-62-3432,None,None,None,Elbert916,Stehr398,None,None,None,white,nonhispanic,M,Ware  Massachusetts  US,397 Lebsack Mission,Plymouth,Massachusetts,Plymouth County,,41.906760494338357,-70.663071584723141,247635.4075,763.4625,2025-11-07T12:24:53.157036,patients.csv,706,false
ff59238a-9508-b0e5-39f4-0d4afcbe6f43,2004-06-17,None,999-32-7169,S99981576,None,None,Keven605,Botsford977,None,None,None,white,nonhispanic,M,Methuen  Massachusetts  US,914 Purdy Promenade Suite 6,Quincy,Massachusetts,Norfolk County,2171,42.224478850329206,-71.117972658287613,1059614.1775,144071.2725,2025-11-07T12:24:53.157036,patients.csv,586,false
eb98cdce-f8b2-bbb8-a720-cef7cca9823e,2011-04-11,None,999-73-9325,None,None,None,Shalanda398,Price929,None,None,None,white,nonhispanic,F,Chicopee  Massachusetts  US,789 Kovacek Brook Unit 78,Randolph,Massachusetts,Norfolk County,,42.208460058402643,-71.010976498266146,261667.2125,144.33749999999995,2025-11-07T12:24:53.157036,patients.csv,290,false
19e3f2b0-8fd1-a8ae-2767-f0c89005b8d2,2010-11-27,None,999-97-1329,None,None,None,Keena534,Balistreri607,None,None,None,asian,hispanic,F,Holliston  Massachusetts  US,938 Becker Common Unit 43,Revere,Massachusetts,Suffolk County,,42.398416709995729,-70.946895982156818,152495.90499999997,2362.605,2025-11-07T12:24:53.157036,patients.csv,56,false
423a9252-21e3-6141-4207-46a9066fd7f4,2020-12-14,None,999-94-4527,None,None,None,Pam996,Kris249,None,None,None,black,nonhispanic,F,Boston  Massachusetts  US,343 McKenzie Trail,Revere,Massachusetts,Suffolk County,,42.44777352506388,-71.0379710839183,3173.6035000000006,3298.4665,2025-11-07T12:24:53.157036,patients.csv,416,false
c30d42e6-8e9e-d548-8114-482cdd553fcb,2008-04-20,None,999-54-2286,None,None,None,Hong136,Miller503,None,None,None,white,nonhispanic,F,Raynham  Massachusetts  US,1009 Upton Parade,Revere,Massachusetts,Suffolk County,2151,42.388726701866126,-70.950074868450486,43946.2055,32037.9045,2025-11-07T12:24:53.157036,patients.csv,470,false
67712337-676a-c36f-ebae-e4b584e42d49,2010-12-15,None,999-44-7717,None,None,None,Silvia880,Pichardo350,None,None,None,other,hispanic,F,Wesley  Saint Andrew Parish  DM,864 Zulauf Rue,Revere,Massachusetts,Suffolk County,2151,42.407739125950883,-71.0229525540715,34871.8645,23025.4255,2025-11-07T12:24:53.157036,patients.csv,842,false
9857903a-c631-ab62-5672-438625f232c9,2008-12-20,None,999-26-2934,None,None,None,Felice694,Rodriguez71,None,None,None,white,nonhispanic,F,Brockton  Massachusetts  US,604 Brekke Haven,Revere,Massachusetts,Suffolk County,2151,42.382893953916181,-70.987885345279423,309989.9175,133.88249999999991,2025-11-07T12:24:53.157036,patients.csv,978,false
19362ed4-09cb-6096-9b73-1c4e434d1cfa,2008-08-24,None,999-69-3928,None,None,None,Brianna665,Smitham825,None,None,None,white,nonhispanic,F,Wilbraham  Massachusetts  US,1066 Hayes Frontage road Suite 44,Rochester,Massachusetts,Plymouth County,,41.723191481314188,-70.879041608456049,335340.38,5573.2200000000012,2025-11-07T12:24:53.157036,patients.csv,498,false
b5e092a6-8d10-a0b4-4cf5-66aee144f7ed,2011-10-01,None,999-30-8191,None,None,None,Sterling124,Mitchell808,None,None,None,asian,nonhispanic,M,Dennis Port  Massachusetts  US,990 Huel Hollow,Rockland,Massachusetts,Plymouth County,,42.131293595915359,-70.922742870731483,252956.3275,250.88249999999996,2025-11-07T12:24:53.157036,patients.csv,187,false
e61fe1f4-3daa-bbeb-649a-fdae0eeee227,2013-07-16,None,999-15-4143,None,None,None,Hilario934,Stroman228,None,None,None,hawaiian,nonhispanic,M,Hadley  Massachusetts  US,423 Johns Esplanade Suite 26,Rockport,Massachusetts,Essex County,,42.699212503207079,-70.654403362965425,205587.17,2453.1600000000003,2025-11-07T12:24:53.157036,patients.csv,313,false
e7066cb1-7d7b-a1cb-8788-16325c24154b,2012-07-19,None,999-39-6942,None,None,None,Wilber603,Rath779,None,None,None,white,nonhispanic,M,Boston  Massachusetts  US,421 Reichel Boulevard,Rowley,Massachusetts,Essex County,1969,42.673605799956931,-70.88453618817131,15263.668,512.39199999999994,2025-11-07T12:24:53.157036,patients.csv,816,false
fab540db-3bc8-bbf8-69bc-5d8a9dbb752f,2020-12-24,None,999-66-3827,None,None,None,Charlsie105,Jacobson885,None,None,None,white,nonhispanic,F,Needham  Massachusetts  US,122 Hyatt Fort,Royalston,Massachusetts,Worcester County,,42.645026687928464,-72.178566201007456,27676.87,0,2025-11-07T12:24:53.157036,patients.csv,85,false
b3c96d58-b033-6bc7-a65f-3acd85698fd6,2021-05-07,None,999-93-4564,None,None,None,Raymonde315,Marvin195,None,None,None,white,nonhispanic,F,Raynham  Massachusetts  US,991 Boyle Forge Apt 95,Salem,Massachusetts,Essex County,1970,42.516964680962261,-70.92410058922701,17681.86,12.479999999999968,2025-11-07T12:24:53.157036,patients.csv,509,false
f31882d0-db01-facc-d7b5-1c62134441d7,2020-02-22,None,999-77-4592,None,None,None,Israel728,Koepp521,None,None,None,white,nonhispanic,M,Leominster  Massachusetts  US,1059 Baumbach Run,Salem,Massachusetts,Essex County,,42.4865684327781,-70.905847970249411,5989.7515,5885.2785,2025-11-07T12:24:53.157036,patients.csv,888,false
ad95e4f9-ac42-a37b-9844-01a21e8fd5db,2006-04-19,None,999-36-3358,None,None,None,Rachell479,Lesch175,None,None,None,white,nonhispanic,F,Leominster  Massachusetts  US,587 Daugherty Brook,Saugus,Massachusetts,Essex County,,42.422100438593993,-70.972305217958436,923442.965,194.535,2025-11-07T12:24:53.157036,patients.csv,247,false
4d842986-92fc-ba68-b496-9d21913a7141,2010-04-19,None,999-26-6205,None,None,None,Louvenia131,Wisozk929,None,None,None,white,nonhispanic,F,Falmouth  Massachusetts  US,700 Conn Common,Saugus,Massachusetts,Essex County,1906,42.4750715251945,-70.974122977895462,293372.835,157.45499999999993,2025-11-07T12:24:53.157036,patients.csv,457,false
3fda13ae-c868-c505-10ee-3f6d4b694b84,2019-06-26,None,999-23-5202,None,None,None,Nelida367,Jacobi462,None,None,None,white,nonhispanic,F,Brookline  Massachusetts  US,501 Donnelly Mall,Scituate,Massachusetts,Plymouth County,,42.19989995413264,-70.711567483618822,63085.5325,3095.7675000000004,2025-11-07T12:24:53.157036,patients.csv,584,false
db827d6a-d1c7-cd51-9b86-626ab88d58da,2010-02-06,None,999-52-5183,None,None,None,Donny470,Howe413,None,None,None,black,nonhispanic,M,North Andover  Massachusetts  US,235 Ullrich Trace Apt 91,Seekonk,Massachusetts,Bristol County,,41.845730502521619,-71.341321673923147,303455.11,0,2025-11-07T12:24:53.157036,patients.csv,603,false
f2308839-f572-e86e-8f29-cb0fd61e0f57,2013-08-21,None,999-45-1259,None,None,None,Ozella681,Ortiz186,None,None,None,white,nonhispanic,F,Dracut  Massachusetts  US,726 Hills Passage,Sharon,Massachusetts,Norfolk County,2067,42.133023155939483,-71.228860103058437,208968.63,0,2025-11-07T12:24:53.157036,patients.csv,398,false
9dff13cc-4283-5466-7f55-481d0c7267e0,2014-08-24,None,999-70-1949,None,None,None,Reta616,Koch169,None,None,None,white,nonhispanic,F,North Reading  Massachusetts  US,758 Sawayn Vale Unit 10,Shelburne,Massachusetts,Franklin County,,42.597537447714089,-72.640557906360854,194064.9325,14250.007499999996,2025-11-07T12:24:53.157036,patients.csv,800,false
ae687024-df69-5d7f-cfa7-2333b6b72279,1999-06-04,2012-09-28,999-95-4236,None,None,None,Katie634,Feest103,None,None,None,white,nonhispanic,F,Cambridge  Massachusetts  US,370 Lueilwitz Mission Apt 8,Shrewsbury,Massachusetts,Worcester County,,42.278123156689148,-71.678299239673024,321808.91,0,2025-11-07T12:24:53.157036,patients.csv,159,false
eac36a6d-a107-216a-9584-ee7837236627,2019-01-24,None,999-14-4669,None,None,None,Gary33,Hoppe518,None,None,None,white,nonhispanic,M,Brockton  Massachusetts  US,258 Huel Estate,Shrewsbury,Massachusetts,Worcester County,,42.3346556446782,-71.727876217575655,69192.135000000009,2903.2050000000004,2025-11-07T12:24:53.157036,patients.csv,193,false
56e2acb9-efb3-f7b5-39bd-c2a1f860e553,2009-11-15,None,999-87-3049,None,None,None,Jackie93,Cummerata161,None,None,None,white,nonhispanic,M,North Brookfield  Massachusetts  US,947 Runolfsdottir Lane Suite 21,Shrewsbury,Massachusetts,Worcester County,,42.259632913111737,-71.72507713515013,301589.66750000004,4910.6625,2025-11-07T12:24:53.157036,patients.csv,472,false
9f876c35-7d5a-dc96-971d-2e1b11700318,2018-08-28,None,999-44-6948,None,None,None,Kenton313,Purdy2,None,None,None,white,nonhispanic,M,New Bedford  Massachusetts  US,842 Metz Trace,Shrewsbury,Massachusetts,Worcester County,,42.2655122308434,-71.666503659292331,76044.1525,2639.8875,2025-11-07T12:24:53.157036,patients.csv,506,false
795045ce-11be-b8ac-a5c7-886d4eca732c,2007-07-08,None,999-59-3877,None,None,None,Tyrell880,Fadel536,None,None,None,white,hispanic,M,Pittsfield  Massachusetts  US,528 Parker Divide Unit 82,Shrewsbury,Massachusetts,Worcester County,,42.309703566141479,-71.763905245523944,468983.72749999992,191622.95250000004,2025-11-07T12:24:53.157036,patients.csv,528,false
c28b00a3-54c0-21ba-4ed7-de871f1b157f,2021-09-05,None,999-95-2667,None,None,None,Nathanial472,Beatty507,None,None,None,white,nonhispanic,M,Hingham  Massachusetts  US,422 Kassulke Grove Suite 3,Smith Mills,Massachusetts,Bristol County,,41.61838336327282,-71.011171530348875,825.99200000000008,1443.848,2025-11-07T12:24:53.157036,patients.csv,154,false
c57fbe47-ea62-b01f-054d-4088979dc739,2020-01-21,None,999-23-5747,None,None,None,Jimmie93,Effertz744,None,None,None,white,hispanic,M,Lincoln  Massachusetts  US,927 Gorczany Rapid,Somerset,Massachusetts,Bristol County,2726,41.808677373042869,-71.159512178019341,45105.822500000009,3917.4675,2025-11-07T12:24:53.157036,patients.csv,674,false
ce032ded-978b-b56b-425f-5159d4a4038e,1988-01-30,1988-09-22,999-17-4216,None,None,None,Francisco472,Stracke611,None,None,None,white,hispanic,M,Framingham  Massachusetts  US,1060 Legros Viaduct,Somerville,Massachusetts,Middlesex County,2144,42.373682044485363,-71.135771964707416,30735.91,0,2025-11-07T12:24:53.157036,patients.csv,366,false
01f8bbfd-cfc6-3b97-8bc1-8da6f0b4a9a8,2011-01-15,None,999-70-7412,None,None,None,Eustolia154,Barton704,None,None,None,white,nonhispanic,F,Boston  Massachusetts  US,359 Schmitt Track Unit 80,Somerville,Massachusetts,Middlesex County,2155,42.451452344906457,-71.095354441113443,261963.635,90.884999999999962,2025-11-07T12:24:53.157036,patients.csv,418,false
acbb6a45-6e0d-a628-8dc5-8b15fae31b8a,2018-09-26,None,999-20-6565,None,None,None,Brunilda665,Will178,None,None,None,white,nonhispanic,F,Huntington  Massachusetts  US,956 Walker Neck Apt 1,Somerville,Massachusetts,Middlesex County,2145,42.464689609918985,-71.1104420880326,85209.84,0,2025-11-07T12:24:53.157036,patients.csv,678,false
d47017f1-c334-f720-16cb-c1be6338b2d3,2005-01-12,None,999-46-4275,S99942365,None,None,Dorian295,Huel628,None,None,None,other,nonhispanic,F,Newton  Massachusetts  US,919 Witting Fork Apt 15,Somerville,Massachusetts,Middlesex County,2144,42.386687384288173,-71.091731795618458,416938.41999999993,0,2025-11-07T12:24:53.157036,patients.csv,1087,false
964576b0-7527-b34a-d7c8-37cee9f6e396,2005-05-07,None,999-67-6025,S99928897,None,None,Yuriko393,Rogahn59,None,None,None,white,nonhispanic,F,East Douglas  Massachusetts  US,107 Becker Loaf Suite 96,South Amherst,Massachusetts,Hampshire County,,42.329007621011563,-72.533726152359989,415058.246,144624.28400000004,2025-11-07T12:24:53.157036,patients.csv,433,false
ba98c858-d00a-77a3-3453-ba337ffdaead,2004-04-08,None,999-55-9600,S99920773,None,None,Milton509,Effertz744,None,None,None,white,nonhispanic,M,Pittsfield  Massachusetts  US,236 Osinski Gateway,South Yarmouth,Massachusetts,Barnstable County,2664,41.6642781032834,-70.212390363850247,441522.78,2314.8,2025-11-07T12:24:53.157036,patients.csv,1155,false
69280d14-c5eb-897b-59ce-e4432cd9509a,2008-09-22,None,999-80-4942,None,None,None,Suzan149,Franecki195,None,None,None,white,nonhispanic,F,Lynn  Massachusetts  US,584 Runte Ville,Southborough,Massachusetts,Worcester County,,42.26544534425107,-71.571502565443112,367249.8875,4545.1425,2025-11-07T12:24:53.157036,patients.csv,157,false
b9c610cd-28a6-4636-ccb6-c7a0d2a4cb85,2019-02-17,None,999-65-3251,None,None,None,Damon455,Langosh790,None,None,None,white,nonhispanic,M,Middleborough  Massachusetts  US,620 Lynch Tunnel Apt 0,Springfield,Massachusetts,Hampden County,1104,42.080389425015582,-72.480431449177388,9039.1645,7964.1255,2025-11-07T12:24:53.157036,patients.csv,1,false
dc6c06d0-a7d8-100f-c08b-46c93700c188,2006-07-11,None,999-30-6555,None,None,None,Taylor21,Gulgowski816,None,None,None,white,nonhispanic,M,East Longmeadow  Massachusetts  US,1037 Hills Extension,Springfield,Massachusetts,Hampden County,1013,42.13505594447831,-72.481749864071347,390675.5774999999,1826.3325,2025-11-07T12:24:53.157036,patients.csv,10,false
7fc4f0ed-3671-9ba3-43ba-f7e8da8ca108,2005-01-12,None,999-33-8801,S99984743,None,None,Cher186,Becker968,None,None,None,white,nonhispanic,F,Clinton  Massachusetts  US,265 Steuber Gate,Springfield,Massachusetts,Hampden County,1118,42.120456232213407,-72.591674448799679,643595.94049999991,266894.71949999995,2025-11-07T12:24:53.157036,patients.csv,234,false
859e5c6f-f1db-308d-0e33-57d392c1bf04,2009-09-19,None,999-10-9579,None,None,None,Augustine565,Gorczany269,None,None,None,white,nonhispanic,M,Marseille  Provence-Alpes-Cote d'Azur  FR,591 Bartoletti Spur Suite 22,Springfield,Massachusetts,Hampden County,1106,42.152359573597344,-72.580857579207574,367967.65000000008,8529.48,2025-11-07T12:24:53.157036,patients.csv,246,false
7d5e31d3-163b-4a77-576b-1ed21adf8c09,2021-01-24,None,999-61-3773,None,None,None,Eli762,Douglas31,None,None,None,white,nonhispanic,M,Boston  Massachusetts  US,981 Feeney Vista,Springfield,Massachusetts,Hampden County,1105,42.094397475428913,-72.492432518718545,27109.5,34.349999999999945,2025-11-07T12:24:53.157036,patients.csv,357,false
33edcda2-4853-abe6-9e2b-5a40279cd50b,2015-03-12,None,999-15-9126,None,None,None,Rex53,Bailey598,None,None,None,white,nonhispanic,M,Swansea  Massachusetts  US,283 Mann Byway Suite 87,Springfield,Massachusetts,Hampden County,1105,42.106443139469775,-72.529588610857857,15944.5455,4068.1945,2025-11-07T12:24:53.157036,patients.csv,630,false
ff06d32e-e1df-b8db-484a-2d0d9e5d8461,1979-06-10,1989-04-02,999-26-6106,None,None,None,Bobby524,Harris789,None,None,None,white,nonhispanic,M,Taunton  Massachusetts  US,1045 Kovacek Drive,Springfield,Massachusetts,Hampden County,1104,42.111956371648773,-72.560948195399689,273193.8475,54560.4225,2025-11-07T12:24:53.157036,patients.csv,653,false
1c920b99-e6b8-2445-0f90-0648f2856434,2020-01-13,None,999-45-7076,None,None,None,Patrick786,Bergnaum523,None,None,None,white,nonhispanic,F,Ashland  Massachusetts  US,1046 Hyatt Brook,Springfield,Massachusetts,Hampden County,1108,42.109410825877418,-72.496132297221536,48072.100000000006,56.219999999999921,2025-11-07T12:24:53.157036,patients.csv,696,false
f0a44b21-3f9d-6c44-4520-9665e3734fcb,2009-10-21,None,999-99-4170,None,None,None,Maxie520,Green467,None,None,None,white,nonhispanic,F,Randolph  Massachusetts  US,248 Swaniawski Flat Apt 77,Springfield,Massachusetts,Hampden County,1129,42.100217047418873,-72.597753688223378,309808.66,131.21999999999994,2025-11-07T12:24:53.157036,patients.csv,815,false
97ee081a-d0e0-e0eb-238c-fa00e7dfba7d,1961-03-23,1966-09-04,999-67-8256,None,None,None,Lecia978,Emmerich580,None,None,None,black,hispanic,F,Weymouth  Massachusetts  US,923 Tromp Extension Apt 91,Springfield,Massachusetts,Hampden County,1107,42.131756035637437,-72.530809810361646,155691.24000000002,0,2025-11-07T12:24:53.157036,patients.csv,875,false
fee59556-c971-ebeb-3c39-8fda3470501e,2018-03-02,None,999-72-8715,None,None,None,Foster87,Stokes453,None,None,None,white,nonhispanic,M,Quincy  Massachusetts  US,454 Kshlerin Dale Unit 53,Sturbridge,Massachusetts,Worcester County,1566,42.118736277562171,-71.964943819203867,99523.17,206.22,2025-11-07T12:24:53.157036,patients.csv,971,false
e0385e19-8fee-2a84-3ce6-193b08587ecc,2012-05-28,None,999-85-1641,None,None,None,Jospeh459,Mann644,None,None,None,white,nonhispanic,M,Beverly  Massachusetts  US,772 Prohaska Ferry Apt 59,Sutton,Massachusetts,Worcester County,,42.106191191206392,-71.799145628119931,244396.28,56.219999999999921,2025-11-07T12:24:53.157036,patients.csv,295,false
eb16b994-f2ca-beee-fce4-25286f1a0e89,2006-04-08,None,999-87-6831,None,None,None,Julieta402,Schmitt836,None,None,None,white,nonhispanic,F,Westborough  Massachusetts  US,591 Nicolas Glen Unit 4,Sutton,Massachusetts,Worcester County,,42.144708701235608,-71.775382414305938,388189.365,1554.8249999999998,2025-11-07T12:24:53.157036,patients.csv,500,false
81466d70-5714-130a-24dc-b7fa2e2bc15c,2018-02-09,None,999-40-6522,None,None,None,Hershel911,Gutmann970,None,None,None,white,nonhispanic,M,Somerville  Massachusetts  US,995 Aufderhar Stravenue,Swansea,Massachusetts,Bristol County,,41.78951297736446,-71.246101045119374,100847.16,0,2025-11-07T12:24:53.157036,patients.csv,149,false
2783a318-7e6d-e3a7-fce7-2a70e66c6ba9,2006-01-27,None,999-74-1908,None,None,None,Yevette778,Tillman293,None,None,None,white,nonhispanic,F,Amherst  Massachusetts  US,1046 Farrell Corner Unit 88,Swansea,Massachusetts,Bristol County,,41.793469538711463,-71.235486879933418,410812.72000000009,0,2025-11-07T12:24:53.157036,patients.csv,349,false
146f9020-c423-72ce-7c96-12e60f3f5910,2009-04-26,None,999-25-6534,None,None,None,Darin74,Williamson769,None,None,None,white,nonhispanic,M,Billerica  Massachusetts  US,496 Blanda Forge Unit 90,Taunton,Massachusetts,Bristol County,,41.912731651677142,-71.076906364185788,327545.61750000005,7949.8425000000007,2025-11-07T12:24:53.157036,patients.csv,358,false
2c6287fd-399c-c0ca-1041-38564cb611ab,2009-04-27,None,999-48-7311,None,None,None,Shavonne800,Barton704,None,None,None,white,hispanic,F,Boston  Massachusetts  US,244 Runolfsdottir Landing Unit 30,Topsfield,Massachusetts,Essex County,1983,42.673372149455908,-70.989995285705689,311737.23,131.21999999999994,2025-11-07T12:24:53.157036,patients.csv,223,false
1f276bd6-37f3-f5e8-5f02-6118235e2988,2011-05-08,None,999-46-4444,None,None,None,Kori635,Gleichner915,None,None,None,white,nonhispanic,F,Merrimac  Massachusetts  US,529 Legros Hollow Unit 65,Upton,Massachusetts,Worcester County,,42.2259884443058,-71.589128862397914,32973.252000000008,12818.957999999997,2025-11-07T12:24:53.157036,patients.csv,638,false
140c88b4-afb8-dca3-92e5-3e688aa19800,2018-05-20,None,999-74-8211,None,None,None,Terri848,Grimes165,None,None,None,white,nonhispanic,F,Leominster  Massachusetts  US,1004 Reichert Vale Apt 38,Uxbridge,Massachusetts,Worcester County,,42.090414288641981,-71.660424273477815,92022.17,56.219999999999921,2025-11-07T12:24:53.157036,patients.csv,346,false
91f3dfb6-9545-a0cf-7c12-64d89cab1db3,2015-09-12,None,999-94-4634,None,None,None,Anisa442,West559,None,None,None,white,nonhispanic,F,Westborough  Massachusetts  US,838 Johns Common,Uxbridge,Massachusetts,Worcester County,,42.083338051719963,-71.637373814403617,150899.44749999998,1558.3725,2025-11-07T12:24:53.157036,patients.csv,719,false
050358a1-fcf7-1182-7ad1-6b663afa3002,2005-12-13,None,999-80-9173,None,None,None,Eugene421,Heller342,None,None,None,white,nonhispanic,M,Fitchburg  Massachusetts  US,598 Conroy Branch,Waltham,Massachusetts,Middlesex County,2453,42.377733273207227,-71.267933418154485,489368.335,51831.495,2025-11-07T12:24:53.157036,patients.csv,865,false
f26edc0d-057d-5dcc-3be2-26eb85730912,2013-02-04,None,999-98-9719,None,None,None,Jerome176,Kihn564,None,None,None,white,nonhispanic,M,Charlton  Massachusetts  US,602 Wilkinson Extension,Watertown,Massachusetts,Middlesex County,,42.404547664933176,-71.140261546568013,223418.105,420.52499999999992,2025-11-07T12:24:53.157036,patients.csv,140,false
c329ae00-976d-4165-1e89-7e1f9e46ef43,1981-12-23,1993-12-15,999-21-1380,None,None,None,Morris740,Ruecker817,None,None,None,white,nonhispanic,M,Waltham  Massachusetts  US,490 Lang Gateway,Watertown,Massachusetts,Middlesex County,,42.34697938454098,-71.142880189526622,348048.71000000008,0,2025-11-07T12:24:53.157036,patients.csv,312,false
95dd641e-8d91-91c7-9986-ab400aba1fa5,2010-02-05,None,999-50-4617,None,None,None,Mel236,Labadie908,None,None,None,white,nonhispanic,M,Northbridge  Massachusetts  US,116 Rau Stravenue Unit 3,Watertown,Massachusetts,Middlesex County,2472,42.357042381989253,-71.1753595175573,299111.17,131.21999999999994,2025-11-07T12:24:53.157036,patients.csv,922,false
d1f767cc-a980-8bd9-8a1b-f7ada327b40c,2020-04-20,None,999-66-5404,None,None,None,Miguel815,Braun514,None,None,None,white,nonhispanic,M,Belchertown  Massachusetts  US,961 Rolfson Skyway Unit 38,Webster,Massachusetts,Worcester County,,42.055801776244643,-71.833346218197619,46245.5125,284.1674999999999,2025-11-07T12:24:53.157036,patients.csv,482,false
f53de9cd-1222-a913-829a-08a06e9b1581,2004-06-18,None,999-72-4879,S99993234,None,None,Tyler508,Bergnaum523,None,None,None,white,nonhispanic,M,Holliston  Massachusetts  US,740 Goodwin Corner Apt 26,Wellesley,Massachusetts,Norfolk County,2481,42.2952812507903,-71.315716420949656,438602.8175,906.3225,2025-11-07T12:24:53.157036,patients.csv,374,false
6f49aebb-074b-cc99-b71b-2fb9c43a67e2,2016-08-19,None,999-52-2258,None,None,None,Reid278,MacGyver246,None,None,None,white,nonhispanic,M,Gloucester  Massachusetts  US,1032 Stark Divide Unit 27,Wellesley,Massachusetts,Norfolk County,2481,42.301050414132426,-71.300343081066359,133031.0075,3030.6525,2025-11-07T12:24:53.157036,patients.csv,687,false
bd7cc2ff-e160-e880-a29c-2fca1a3dd4d4,1990-03-07,2005-09-21,999-89-7019,None,None,None,Amos720,Wehner319,None,None,None,black,nonhispanic,M,Lawrence  Massachusetts  US,723 Boehm Overpass Suite 45,Wellesley,Massachusetts,Norfolk County,2481,42.275620085942776,-71.250603538476639,303995.49000000005,54599.01,2025-11-07T12:24:53.157036,patients.csv,1092,false
6149e55a-5f2f-98ca-2767-c7f1ac73ca50,2006-02-28,None,999-21-7002,None,None,None,Chantel847,Grady603,None,None,None,white,nonhispanic,F,Lowell  Massachusetts  US,1096 Jacobson Arcade Apt 6,West Springfield,Massachusetts,Hampden County,,42.089659655402563,-72.610434010219635,35726.09,0,2025-11-07T12:24:53.157036,patients.csv,288,false
4e97faf9-19b3-5125-8f7d-96758e9d7d46,2018-02-05,None,999-86-4945,None,None,None,Soraya693,White193,None,None,None,white,nonhispanic,F,Munich  Bavaria  DE,620 Beahan Mission,West Springfield,Massachusetts,Hampden County,,42.092429744056282,-72.6101959703983,51003.900000000009,12.479999999999968,2025-11-07T12:24:53.157036,patients.csv,673,false
48fe9d25-b0b2-df56-3756-90843b3044a9,2005-09-17,None,999-37-3003,S99916173,None,None,Bibi254,Stoltenberg489,None,None,None,white,nonhispanic,F,Rome  Lazio  IT,149 Legros Quay Apt 66,Westborough,Massachusetts,Worcester County,,42.226977720499477,-71.633066066977,1029866.9125,3306.0975000000003,2025-11-07T12:24:53.157036,patients.csv,276,false
75769925-0611-20c3-f2fe-51d0e4a2901a,2012-05-05,None,999-89-5371,None,None,None,Von197,Botsford977,None,None,None,white,nonhispanic,M,Waltham  Massachusetts  US,1029 Schuppe Spur Apt 92,Westfield,Massachusetts,Hampden County,1086,42.185368223667687,-72.737364700618841,30850.365,25086.935,2025-11-07T12:24:53.157036,patients.csv,914,false
d00d8a67-a23f-6fda-d97d-2a6391685500,2015-02-11,None,999-22-9448,None,None,None,Andera917,Lindgren255,None,None,None,white,nonhispanic,F,Sturbridge  Massachusetts  US,643 Corwin Row,Westford,Massachusetts,Middlesex County,,42.547107560757887,-71.426135199579733,173226.96999999997,56.219999999999921,2025-11-07T12:24:53.157036,patients.csv,184,false
9724e8c9-3f30-702a-f75a-95082c024706,2010-09-27,None,999-66-7355,None,None,None,Gonzalo160,Botello137,None,None,None,white,hispanic,M,Carolina  Puerto Rico  PR,991 McClure Brook,Westford,Massachusetts,Middlesex County,,42.570247439017749,-71.465559133210633,276372.305,729.97499999999991,2025-11-07T12:24:53.157036,patients.csv,1109,false
81aa7647-779f-fd6b-94cf-782e606efeb2,2014-12-29,None,999-92-3781,None,None,None,Aimee901,Hudson301,None,None,None,white,nonhispanic,F,Medford  Massachusetts  US,573 Tremblay Station Unit 3,Weston,Massachusetts,Middlesex County,,42.38452752742667,-71.331503382270043,168038.01,0,2025-11-07T12:24:53.157036,patients.csv,490,false
0631ad5a-2c27-b7bf-f2eb-e2deec82692a,2007-09-28,None,999-41-2854,None,None,None,Sharleen176,Cronin387,None,None,None,white,nonhispanic,F,Buckland  Massachusetts  US,897 Volkman Trafficway,Westport,Massachusetts,Bristol County,,41.614139753410193,-71.104389548692438,44758.061,28083.159,2025-11-07T12:24:53.157036,patients.csv,158,false
ce1b17d2-15ee-aa1c-bdd1-8be89ba22acf,2005-03-25,None,999-89-9961,S99925286,None,None,Caleb651,Lind531,None,None,None,white,nonhispanic,M,Plymouth  Massachusetts  US,870 Beer Approach,Westport,Massachusetts,Bristol County,,41.572551799346712,-71.034465129334478,432170.07249999989,1176.1574999999998,2025-11-07T12:24:53.157036,patients.csv,883,false
b28a9876-7b93-c2d5-2c24-df5cefc848b0,2013-06-27,None,999-89-4141,None,None,None,Micheline936,Barton704,None,None,None,white,nonhispanic,F,St Petersburg  St Petersburg  RU,417 Johns Estate Unit 86,Weweantic,Massachusetts,Plymouth County,,41.753219579140861,-70.783675073303129,211402.52,0,2025-11-07T12:24:53.157036,patients.csv,1022,false
b3e07511-608d-0034-f354-fab0ea176917,2019-07-15,None,999-37-2238,None,None,None,Gustavo235,Rael318,None,None,None,white,hispanic,M,Mexico City  Mexico City  MX,941 Kihn Dam Apt 22,Weymouth,Massachusetts,Norfolk County,2190,42.221645544471457,-70.966965741917548,67304.94,104.33999999999992,2025-11-07T12:24:53.157036,patients.csv,98,false
1037e617-a1f1-fe6c-6204-815c28293a22,2004-08-16,None,999-15-1760,S99936169,None,None,Jude172,Kerluke267,None,None,None,white,nonhispanic,M,Worcester  Massachusetts  US,867 Kautzer Trace Suite 89,Weymouth,Massachusetts,Norfolk County,2191,42.268858882519659,-70.958535079911513,445903.1,0,2025-11-07T12:24:53.157036,patients.csv,441,false
d042f0b1-7e1f-7adb-224d-991f597dade9,2018-01-03,None,999-35-1074,None,None,None,Reid278,Schimmel440,None,None,None,white,nonhispanic,M,Hudson  Massachusetts  US,428 Langworth Neck Apt 25,Weymouth,Massachusetts,Norfolk County,,42.223079746464649,-70.91990248484602,80193.15,34.349999999999945,2025-11-07T12:24:53.157036,patients.csv,857,false
e083022c-b3ac-7ba2-b278-6c59099dc22a,2004-09-21,None,999-46-4852,S99963807,None,None,Dirk334,Stehr398,None,None,None,white,nonhispanic,M,Holbrook  Massachusetts  US,1022 Herman Road Unit 56,Weymouth,Massachusetts,Norfolk County,2190,42.180921140249282,-70.999771452159777,446850.60499999992,3463.425,2025-11-07T12:24:53.157036,patients.csv,972,false
ec3c4200-341e-dc28-d580-cf6f78d90897,2021-02-09,None,999-96-7101,None,None,None,Miguel815,Keebler762,None,None,None,white,nonhispanic,M,Lynn  Massachusetts  US,794 Bailey Orchard,Weymouth,Massachusetts,Norfolk County,,42.241320605827575,-70.950066354532424,24925.29,109.34999999999997,2025-11-07T12:24:53.157036,patients.csv,991,false
b20e00a9-1567-09b9-1dd4-20b4607a2911,2017-03-02,None,999-35-7801,None,None,None,Hertha832,Lesch175,None,None,None,white,nonhispanic,F,Fall River  Massachusetts  US,1055 Kunde Fork,Whately,Massachusetts,Franklin County,,42.464812950314879,-72.686039955638208,113583.375,3462.135,2025-11-07T12:24:53.157036,patients.csv,1016,false
477d1553-c12f-bef6-bf9a-bc6ae658a6a0,2015-02-09,None,999-44-2696,None,None,None,Daren950,Schmidt332,None,None,None,black,nonhispanic,M,Boston  Massachusetts  US,460 Strosin Run,Whitman,Massachusetts,Plymouth County,,42.0318582864013,-70.918598305903643,170591.8625,2462.5875000000005,2025-11-07T12:24:53.157036,patients.csv,618,false
6243fe0e-167e-8fb0-58b1-a87b1090443e,2013-03-15,None,999-54-4844,None,None,None,Madge238,Jones311,None,None,None,white,nonhispanic,F,Arlington  Massachusetts  US,411 Gulgowski Byway,Whitman,Massachusetts,Plymouth County,,42.095666480913451,-70.949357586223087,219017.14,209.01,2025-11-07T12:24:53.157036,patients.csv,957,false
3bdbba38-5748-915e-5dc0-7cdcf66754d2,2004-05-16,None,999-84-2483,S99976313,None,None,Jackie93,Runolfsson901,None,None,None,white,hispanic,M,Dartmouth  Massachusetts  US,545 Kovacek Track Unit 60,Whitman,Massachusetts,Plymouth County,,42.102399634564712,-70.9770302558208,426590.3525,2219.6175,2025-11-07T12:24:53.157036,patients.csv,987,false
7381821c-e681-03e2-1f4d-14519b51ea6f,2009-06-05,None,999-85-7713,None,None,None,Vance413,Ernser583,None,None,None,white,nonhispanic,M,Southbridge  Massachusetts  US,949 Beer Club Unit 47,Winchendon,Massachusetts,Worcester County,1475,42.713087213676772,-72.055011242524941,304660.4,1467.15,2025-11-07T12:24:53.157036,patients.csv,931,false
4ba15182-a126-7f01-a46e-1901c5c5ceae,2005-09-27,None,999-42-1026,S99922153,None,None,Louis204,Senger904,None,None,None,white,nonhispanic,M,Seekonk  Massachusetts  US,441 Ankunding Viaduct,Woburn,Massachusetts,Middlesex County,1801,42.472182492264523,-71.129613425347316,998991.8525,11714.3775,2025-11-07T12:24:53.157036,patients.csv,291,false
97bd8789-5f31-dc8d-fec7-238b30135cf5,1995-01-04,2008-06-23,999-99-2726,None,None,None,Franklyn361,Abshire638,None,None,None,white,hispanic,M,New Bedford  Massachusetts  US,884 Bergstrom Meadow Suite 49,Woburn,Massachusetts,Middlesex County,1801,42.532979933401833,-71.112863025563385,377973.41499999992,11382.915,2025-11-07T12:24:53.157036,patients.csv,867,false
194c23d2-5e47-f9e1-9716-77c19aa167b3,2017-01-02,None,999-80-9682,None,None,None,Mohamed943,Mann644,None,None,None,white,nonhispanic,M,Braintree  Massachusetts  US,464 Kling Village Unit 94,Woburn,Massachusetts,Middlesex County,,42.439347719022123,-71.165887341280225,117299.7925,2534.1375,2025-11-07T12:24:53.157036,patients.csv,924,false
69bb7f3e-31ab-fee6-9ab6-4a83c24df020,2006-10-16,None,999-56-5204,None,None,None,Emilia403,Lemus978,None,None,None,white,hispanic,F,Carolina  Puerto Rico  PR,530 Ortiz Divide Apt 24,Worcester,Massachusetts,Worcester County,1604,42.284867547270586,-71.869142458546449,372471.09,206.22,2025-11-07T12:24:53.157036,patients.csv,101,false
d60a19c3-848d-6c3b-deed-8e2226bd5757,2011-04-25,None,999-93-5084,None,None,None,Monica757,Nikolaus26,None,None,None,white,nonhispanic,F,Hopkinton  Massachusetts  US,407 Bednar Throughway,Worcester,Massachusetts,Worcester County,1583,42.285679171866811,-71.69157518983323,136549.00999999998,0,2025-11-07T12:24:53.157036,patients.csv,114,false
e4c43a21-11b3-d96d-ede9-0c71e8cb1574,2021-03-07,None,999-62-1034,None,None,None,Buddy254,Gislason620,None,None,None,white,nonhispanic,M,Winthrop  Massachusetts  US,115 Jakubowski Branch Suite 60,Worcester,Massachusetts,Worcester County,1603,42.285777393217522,-71.7220300458134,21710.04,0,2025-11-07T12:24:53.157036,patients.csv,181,false
3f6c7ea3-e73b-025e-06ab-e452943effad,2006-07-15,None,999-46-8935,None,None,None,Olivia294,Lovato727,None,None,None,white,hispanic,F,Carolina  Puerto Rico  PR,877 Witting Dale Unit 76,Worcester,Massachusetts,Worcester County,1608,42.230689876411866,-71.895372875480319,409726.4075,3043.1025000000004,2025-11-07T12:24:53.157036,patients.csv,293,false
92fb7efc-5cfd-f8d3-927b-42f8ee099531,2013-06-12,None,999-34-2298,None,None,None,Ahmed109,O'Reilly797,None,None,None,white,nonhispanic,M,Westford  Massachusetts  US,857 Kling Arcade,Worcester,Massachusetts,Worcester County,1604,42.254164896044138,-71.700925100233789,210520.6675,2851.1325,2025-11-07T12:24:53.157036,patients.csv,538,false
d6a7458f-9502-ef68-1ff8-539bda019f8c,2009-11-18,None,999-49-2761,None,None,None,Claudio955,Swift555,None,None,None,white,hispanic,M,Canton  Massachusetts  US,1034 O'Keefe Wall Unit 28,Worcester,Massachusetts,Worcester County,1610,42.302658807338268,-71.885992062173088,46832.225500000015,137222.2845,2025-11-07T12:24:53.157036,patients.csv,545,false
e544e83b-edb5-ff7e-d31a-f4d40ee884d6,2011-07-14,None,999-81-1213,None,None,None,José Emilio366,Niño185,None,None,None,white,hispanic,M,Port-au-Prince  Haiti  HT,1082 Mohr Well Apt 29,Worcester,Massachusetts,Worcester County,1606,42.281317425570919,-71.741456532271215,23130.42200000001,768.588,2025-11-07T12:24:53.157036,patients.csv,915,false
1fe68d61-36a2-f78d-b342-9b5012e903ae,2005-03-01,None,999-86-3837,S99981799,None,None,Francisca486,Hammes673,None,None,None,white,nonhispanic,F,Danvers  Massachusetts  US,169 Erdman Rue Unit 88,Worcester,Massachusetts,Worcester County,1602,42.256963706914348,-71.801330295028151,54651.8235,53994.646499999988,2025-11-07T12:24:53.157036,patients.csv,1052,false
2346454f-bd4c-71c5-8f86-5c71d85f5dd2,2012-07-07,None,999-44-5569,None,None,None,Tom274,Frami345,None,None,None,white,nonhispanic,M,Weymouth  Massachusetts  US,776 Jenkins Ranch,Worcester,Massachusetts,Worcester County,1609,42.309518885871192,-71.75385799303416,254934.84000000003,131.21999999999994,2025-11-07T12:24:53.157036,patients.csv,1089,false
e43cd6c4-af6c-4be7-ba29-e5e893e7c73c,2010-04-08,None,999-33-9538,None,None,None,Branda994,Nienow652,None,None,None,white,nonhispanic,F,Belchertown  Massachusetts  US,176 Abernathy Lock Suite 43,Yarmouth,Massachusetts,Barnstable County,,41.711687078172581,-70.176090960574982,292918.19499999995,439.09499999999991,2025-11-07T12:24:53.157036,patients.csv,1101,false
9d02555e-0c14-7cec-d946-ec84ca30bce5,2005-12-27,None,999-25-4656,None,None,None,Vicente970,Gleason633,None,None,None,white,nonhispanic,M,Woburn  Massachusetts  US,475 Kutch Plaza Suite 22,Yarmouth Port,Massachusetts,Barnstable County,2675,41.748193656466043,-70.247332277267958,397742.3175,588.44249999999988,2025-11-07T12:24:53.157036,patients.csv,1013,false
eebbb6c9-87b3-9978-5eab-84edacbccc7c,1999-02-25,None,999-84-8741,S99951099,X13461615X,Mr.,Salvador46,Tromp100,None,None,None,white,nonhispanic,M,Lawrence  Massachusetts  US,218 Vandervort Lane Unit 20,Acton,Massachusetts,Middlesex County,,42.474468656968817,-71.415734078636063,1433532.8949999998,1077.8849999999995,2025-11-07T12:24:53.157036,patients.csv,479,false
50d01b5d-1b6d-4648-c32c-256e5309dc16,1986-04-06,None,999-17-7773,S99915089,X27892554X,Mr.,Colby655,Bernier607,None,None,M,white,nonhispanic,M,Harvard  Massachusetts  US,885 Medhurst Green Suite 24,Agawam,Massachusetts,Hampden County,,42.083580252338216,-72.691701138977308,861473.3025,6191.3775000000005,2025-11-07T12:24:53.157036,patients.csv,645,false
e259daec-8b59-74a7-a92c-e4451146d6fc,1994-02-14,None,999-45-7856,S99918877,X50073367X,Mr.,Josue598,Ortiz186,None,None,M,white,nonhispanic,M,Milton  Massachusetts  US,441 Ward Estate Apt 6,Amesbury,Massachusetts,Essex County,,42.836654765268563,-70.957274593177473,687195.2525,26071.687500000007,2025-11-07T12:24:53.157036,patients.csv,652,false
aa06e501-1a2a-548c-e176-6959b58e412f,2000-02-29,None,999-65-9919,S99972142,X26617043X,Mr.,Dane516,Jacobs452,None,None,None,white,nonhispanic,M,Billerica  Massachusetts  US,158 Mayert Haven,Amesbury,Massachusetts,Essex County,1913,42.825365957002944,-70.98654989152493,561995.60000000009,333.6299999999996,2025-11-07T12:24:53.157036,patients.csv,727,false
b141ce4a-6781-10b9-41ac-6dff8f64af54,1986-12-30,None,999-62-6482,S99991712,X21007640X,Mr.,Noel608,Windler79,None,None,M,white,nonhispanic,M,Amherst  Massachusetts  US,395 Hills Street,Amesbury,Massachusetts,Essex County,,42.888532327017366,-70.9480022842272,815361.4875,1965.5625,2025-11-07T12:24:53.157036,patients.csv,1011,false
3a74ce3c-442e-b4ef-fb10-560f58f8e613,1997-03-26,None,999-49-2054,S99976277,X9668781X,Mr.,Leif534,Williamson769,None,None,None,white,nonhispanic,M,Boston  Massachusetts  US,131 Shanahan Hollow Unit 98,Amherst,Massachusetts,Hampshire County,,42.32248430213231,-72.4888938156624,79244.404,30103.676,2025-11-07T12:24:53.157036,patients.csv,58,false
e000e5c8-30f7-7a53-a324-7f3e431ba008,1970-03-08,None,999-63-3223,S99915120,X58434553X,Mr.,Cletus494,Bartell116,None,None,M,white,nonhispanic,M,Lowell  Massachusetts  US,417 Jacobson Wynd,Amherst,Massachusetts,Hampshire County,,42.403636828728615,-72.500838199635623,327178.87500000006,203960.29499999995,2025-11-07T12:24:53.157036,patients.csv,77,false
83a86980-de17-1b13-d31a-78f2376649af,2001-08-31,None,999-99-5627,S99929008,X86326210X,Mr.,Stephan15,Krajcik437,None,None,None,white,nonhispanic,M,Boston  Massachusetts  US,975 Kuvalis Port Apt 95,Amherst,Massachusetts,Hampshire County,,42.405884438418589,-72.480191510638548,469468.57,5685.0299999999988,2025-11-07T12:24:53.157036,patients.csv,300,false
409330fa-7ffd-dbfb-4eba-2349d58a6324,1979-02-28,None,999-68-5445,S99991649,X72884711X,Mr.,Coy949,Schaden604,None,None,M,white,nonhispanic,M,Fitchburg  Massachusetts  US,434 Hickle Throughway Suite 15,Amherst,Massachusetts,Hampshire County,,42.380083590563139,-72.527376498400869,1050937.1825,346.50749999999994,2025-11-07T12:24:53.157036,patients.csv,1159,false
d7bb0340-9894-8bd0-056a-29efc5444fa0,2000-05-04,None,999-56-6460,S99963133,X17628109X,Mr.,Heath320,King743,None,None,None,white,nonhispanic,M,Somerville  Massachusetts  US,1011 Emmerich Frontage road Apt 78,Amherst Center,Massachusetts,Hampshire County,,42.401056594325375,-72.492742206044383,1241770.58,0,2025-11-07T12:24:53.157036,patients.csv,199,false
9f2b1e2f-f8e2-9990-8b39-6906a5721ac2,2002-06-24,None,999-68-5890,S99916702,None,Mr.,Arron144,Morar593,None,None,None,white,nonhispanic,M,Boston  Massachusetts  US,206 Shields Light Unit 97,Amherst Center,Massachusetts,Hampshire County,,42.330822123023573,-72.482572597432991,496468.14000000007,10126.29,2025-11-07T12:24:53.157036,patients.csv,830,false
079bd0b4-875b-a9d2-bb7f-4084e3360787,1998-09-09,None,999-71-3604,S99954968,X62436137X,Mr.,Armando772,Stiedemann542,None,None,None,white,nonhispanic,M,Marlborough  Massachusetts  US,327 Veum Arcade Apt 93,Amherst Center,Massachusetts,Hampshire County,,42.401846551019077,-72.55018302076509,75689.165,56984.135000000009,2025-11-07T12:24:53.157036,patients.csv,834,false
2987fe83-93bf-9d7d-1b8d-481913f54c5c,1987-08-23,None,999-84-5527,S99966194,X63004050X,Mr.,Tracy345,Kassulke119,None,None,M,white,nonhispanic,M,Middleborough Center  Massachusetts  US,261 Emard Gardens Apt 53,Ashby,Massachusetts,Middlesex County,,42.665499714493777,-71.785344976356441,840312.07999999984,0,2025-11-07T12:24:53.157036,patients.csv,286,false
396babc6-6b4f-e29b-40f7-ea119ee57ac4,1980-10-24,None,999-16-4687,S99915082,X74390693X,Mr.,Ralph813,Herzog843,None,None,M,asian,nonhispanic,M,Randolph  Massachusetts  US,361 Heller Trailer Apt 72,Ashland,Massachusetts,Middlesex County,,42.217433342926256,-71.514926146274476,1014435.1224999998,2030.6775,2025-11-07T12:24:53.157036,patients.csv,207,false
0ad457cc-32d8-20d1-7f13-d775f7172a0e,1996-07-16,None,999-37-7856,S99994579,X55187076X,Mr.,David908,Heidenreich818,None,None,None,white,nonhispanic,M,East Bridgewater  Massachusetts  US,950 DuBuque Gardens,Attleboro,Massachusetts,Bristol County,2861,41.910189380182565,-71.2909812981078,658465.24000000022,442.19999999999993,2025-11-07T12:24:53.157036,patients.csv,198,false
b91dc3fd-3ed0-eb50-9376-e9bd9ab26940,1964-05-04,None,999-70-6201,S99975578,X49011318X,Mr.,Lenard338,Carroll471,None,None,M,white,nonhispanic,M,Rockland  Massachusetts  US,365 Dickens Landing Suite 59,Attleboro,Massachusetts,Bristol County,,41.979617809866525,-71.303362187810563,1505267.2999999996,6863.9699999999975,2025-11-07T12:24:53.157036,patients.csv,298,false
1a5224e4-383b-6e73-79a7-98a499069b10,1958-01-30,None,999-22-8378,S99927640,X34469512X,Mr.,Andy346,Hirthe744,None,None,M,white,nonhispanic,M,Haverhill  Massachusetts  US,420 Hickle Vista,Avon,Massachusetts,Norfolk County,,42.123511187702618,-71.052861831417616,1567301.6100000006,0,2025-11-07T12:24:53.157036,patients.csv,683,false
80534c6c-b12d-caa5-42de-b179fd7f9695,1994-08-12,None,999-72-1186,S99951045,X58371316X,Mr.,Anthony633,Wehner319,None,None,M,white,nonhispanic,M,Boston  Massachusetts  US,711 Walter Parade,Barnstable,Massachusetts,Barnstable County,2635,41.6664689144629,-70.456632761422853,671635.59,825.78,2025-11-07T12:24:53.157036,patients.csv,162,false
d92df2e8-3c36-b226-ac2f-0318da0327b8,1999-04-24,None,999-16-4758,S99943076,X80626356X,Mr.,Long300,Thompson596,None,None,None,white,nonhispanic,M,Cambridge  Massachusetts  US,545 Crooks Bridge Apt 25,Barnstable,Massachusetts,Barnstable County,,41.6835597800218,-70.361411397024966,561055.22,1036.1099999999997,2025-11-07T12:24:53.157036,patients.csv,541,false
8aa6b366-1eb1-2649-95a2-18ce6fc5d7cf,1952-12-13,None,999-82-5846,S99913402,X6928276X,Mr.,Kristopher775,Ledner144,None,None,M,white,nonhispanic,M,Chelmsford  Massachusetts  US,487 Walsh Dam,Barnstable,Massachusetts,Barnstable County,,41.740640738541792,-70.239750573390168,1716788.3915000004,26400.6085,2025-11-07T12:24:53.157036,patients.csv,763,false
a03fbb92-ebae-8930-b170-5872d7e2fef7,2002-12-22,None,999-56-3226,S99962720,None,Mr.,Jamal145,Schmitt836,None,None,None,white,nonhispanic,M,West Bridgewater  Massachusetts  US,558 Raynor Tunnel,Bedford,Massachusetts,Middlesex County,1730,42.492751382138238,-71.302315751137826,1116418.6625,5022.9675,2025-11-07T12:24:53.157036,patients.csv,1046,false
32f516f7-b223-278c-d0de-5c0b9d70654c,1986-02-05,None,999-25-7185,S99987618,X29274744X,Mr.,Randell912,Reinger292,None,None,M,white,nonhispanic,M,Charlton  Massachusetts  US,800 O'Hara Fort Apt 20,Belmont,Massachusetts,Middlesex County,,42.414361073549614,-71.138254124256989,883046.3274999999,2485.7025,2025-11-07T12:24:53.157036,patients.csv,318,false
be01726c-4937-554f-6d8f-58f8ec72ebab,1997-11-21,None,999-36-8838,S99994002,X14680217X,Mr.,Wilford267,Hilpert278,None,None,None,asian,nonhispanic,M,Beverly  Massachusetts  US,822 Casper Green,Beverly,Massachusetts,Essex County,1915,42.553501878423347,-70.897537722668346,76164.279,33331.301000000007,2025-11-07T12:24:53.157036,patients.csv,256,false
7d92a965-b73e-fdd6-acd0-7b97a62d96f7,1993-05-18,None,999-63-8792,S99952593,X86488695X,Mr.,Lou594,Dickinson688,None,None,M,white,nonhispanic,M,Methuen  Massachusetts  US,407 Frami Frontage road,Beverly,Massachusetts,Essex County,1915,42.590689043312523,-70.882465244982015,706027.9125,2824.4475,2025-11-07T12:24:53.157036,patients.csv,598,false
6fc7b50b-61ff-9237-bcac-7b7b1d8606ab,1968-10-10,None,999-95-3081,S99924534,X46647800X,Mr.,Kieth891,Hermann103,None,None,M,white,hispanic,M,Shrewsbury  Massachusetts  US,761 Mitchell Branch Suite 90,Beverly,Massachusetts,Essex County,1915,42.54281190431962,-70.872425218040163,1329049.545,20738.684999999979,2025-11-07T12:24:53.157036,patients.csv,1050,false
df0d49f8-6136-1388-b5ec-0a19e7539b15,1994-11-21,None,999-51-3837,S99932375,X67513972X,Mr.,Fredrick998,Stehr398,None,None,None,white,nonhispanic,M,Webster  Massachusetts  US,899 Farrell Union,Billerica,Massachusetts,Middlesex County,,42.584943992854463,-71.286327729726423,677391.90749999986,6691.2525000000005,2025-11-07T12:24:53.157036,patients.csv,820,false
339144f8-50e1-633e-a013-f361391c4cff,1998-05-11,None,999-10-8743,S99996708,X75063318X,Mr.,Chi716,Greenfelder433,None,None,None,white,nonhispanic,M,Athens  Athens Prefecture  GR,1060 Bernhard Crossroad Suite 15,Boston,Massachusetts,Suffolk County,2131,42.292556623628272,-71.061160422041056,571935.8725,787.53749999999991,2025-11-07T12:24:53.157036,patients.csv,3,false
ceec80e3-5c50-be88-198c-e98375c8e8a2,1977-09-12,None,999-47-3565,S99925368,X8596122X,Mr.,Gerry91,Treutel973,None,None,M,white,nonhispanic,M,Lowell  Massachusetts  US,830 Lebsack Brook,Boston,Massachusetts,Suffolk County,2130,42.319000432000138,-71.060098197793238,1459667.6550000005,1421.9249999999995,2025-11-07T12:24:53.157036,patients.csv,55,false
b45719be-ad92-ca35-29be-daaacf4f258b,1966-03-01,None,999-63-7968,S99988817,X49302987X,Mr.,Pierre431,Collins926,None,None,M,white,nonhispanic,M,Lexington  Massachusetts  US,568 Stokes Course Unit 49,Boston,Massachusetts,Suffolk County,2163,42.333188430553882,-71.0209209240505,180626.78650000007,103678.9435,2025-11-07T12:24:53.157036,patients.csv,82,false
2aeeff83-dd7a-e599-6199-35b39c614293,1983-03-26,None,999-20-4922,S99925760,X63725108X,Mr.,Grady603,Predovic534,None,None,M,white,hispanic,M,New Bedford  Massachusetts  US,752 Schuppe Wynd,Boston,Massachusetts,Suffolk County,2108,42.353564654500794,-71.102729119333858,756504.93749999988,1093.4924999999996,2025-11-07T12:24:53.157036,patients.csv,105,false
de08c2b0-05d0-ba6a-a515-d7d779aa5191,1988-10-22,None,999-80-8701,S99961913,X36198153X,Mr.,Chase54,Okuneva707,None,None,M,white,nonhispanic,M,Springfield  Massachusetts  US,622 Crist Skyway,Boston,Massachusetts,Suffolk County,2115,42.324738534827382,-71.011845171858781,818187.7825000002,2996.7375,2025-11-07T12:24:53.157036,patients.csv,109,false
af0323f7-dcf2-5d97-8623-2f0d511016ec,1960-06-27,None,999-58-6823,S99924358,X50892594X,Mr.,Luigi346,Carroll471,None,None,M,white,nonhispanic,M,Agawam  Massachusetts  US,886 Gutkowski Route Apt 30,Boston,Massachusetts,Suffolk County,2135,42.302828547994977,-71.156235173922241,1524947.8700000003,113.90999999999995,2025-11-07T12:24:53.157036,patients.csv,115,false
c0b0f482-c7b7-c9dd-9f8d-66f8dc6b4f4d,1967-01-30,None,999-48-3138,S99944001,X1413282X,Mr.,Young120,Orn563,None,None,M,white,nonhispanic,M,Lowell  Massachusetts  US,629 Von Rue Unit 15,Boston,Massachusetts,Suffolk County,2110,42.339459562584317,-71.108144854152513,938387.00399999961,153263.196,2025-11-07T12:24:53.157036,patients.csv,160,false
e266fa7d-d981-ef94-45e7-3d253425c3f9,1999-11-27,None,999-59-1291,S99933685,X75462143X,Mr.,Yong583,Rodriguez71,None,None,None,white,nonhispanic,M,Hopkinton  Massachusetts  US,1032 Champlin Annex Unit 46,Boston,Massachusetts,Suffolk County,2151,42.31274275171954,-71.091691808802651,485337.96,964.10999999999956,2025-11-07T12:24:53.157036,patients.csv,167,false
7fea6a12-aae3-a4d5-4abf-d6b622deaeb1,1987-09-27,None,999-38-3842,S99938807,X24503116X,Mr.,Shelby741,Quigley282,None,None,M,black,hispanic,M,Weymouth  Massachusetts  US,482 Skiles Dale,Boston,Massachusetts,Suffolk County,2114,42.351420369628762,-71.051918680556454,847749.0925,2737.8675,2025-11-07T12:24:53.157036,patients.csv,206,false
319372b8-27b1-b827-5c89-ac991fc17407,1959-11-27,None,999-64-9292,S99910394,X21211331X,Mr.,Booker670,Brown30,None,None,M,white,nonhispanic,M,Newton  Massachusetts  US,336 Fay Rest Apt 60,Boston,Massachusetts,Suffolk County,2131,42.38240577559187,-71.016004891990761,1579319.0100000009,4439.04,2025-11-07T12:24:53.157036,patients.csv,268,false
35514332-8f8e-fc6c-6dc4-850fc975f574,1969-05-20,1993-01-05,999-43-9266,S99924990,X25960382X,Mr.,Benjamin360,Pfeffer420,None,None,None,asian,nonhispanic,M,Chongqing  Chongqing Municipality  CN,667 Howell Esplanade Unit 23,Boston,Massachusetts,Suffolk County,2115,42.37845683335339,-71.126184839145324,1166745.3199999998,0,2025-11-07T12:24:53.157036,patients.csv,342,false
918e387f-cb9a-ec9f-ab54-65467a4df548,1995-04-12,None,999-24-9850,S99939099,X5171132X,Mr.,Frederick289,Conroy74,None,None,None,white,nonhispanic,M,Methuen  Massachusetts  US,750 Feeney Terrace Apt 93,Boston,Massachusetts,Suffolk County,2110,42.216837907689886,-71.118192326683356,1458838.3199999998,1277.19,2025-11-07T12:24:53.157036,patients.csv,351,false
57e403fc-885a-3b44-804e-a034ca08413c,1969-05-20,None,999-87-1892,S99978148,X78538580X,Mr.,Marc757,Rutherford999,None,None,S,asian,nonhispanic,M,Hong Kong  Hong Kong Special Administrative Region  CN,434 Langworth Ville Suite 56,Boston,Massachusetts,Suffolk County,2113,42.327509549783969,-71.0896561823282,1289751.1775000002,12090.5325,2025-11-07T12:24:53.157036,patients.csv,356,false
a57215c7-228c-a1f3-ac96-c5fbe7f3e3f6,1914-12-20,2009-08-22,999-33-3995,S99966278,X52217819X,Mr.,Duncan491,Dooley940,None,None,M,black,nonhispanic,M,Cambridge  Massachusetts  US,1003 Wiza Approach Unit 98,Boston,Massachusetts,Suffolk County,2125,42.313900670167591,-71.192076145690038,2416598.9895000006,902484.6305,2025-11-07T12:24:53.157036,patients.csv,421,false
37af95e9-a06b-5048-30fb-28d9ac6a908d,1914-12-20,1984-09-02,999-22-6990,S99967753,X53351304X,Mr.,Shelby741,Schroeder447,None,None,M,black,nonhispanic,M,Watertown  Massachusetts  US,645 Nolan Fork Apt 38,Boston,Massachusetts,Suffolk County,2135,42.374305454848312,-71.104792040113608,1746816.2814999996,117764.5785,2025-11-07T12:24:53.157036,patients.csv,432,false
13ea6913-fb21-6307-89dc-03ca3cc45300,1914-12-20,1981-09-25,999-41-5747,S99935517,X5013539X,Mr.,Son314,Donnelly343,None,None,M,black,nonhispanic,M,Natick  Massachusetts  US,280 Waters Park,Boston,Massachusetts,Suffolk County,2203,42.34445315110198,-71.128496214360368,1658290.9049999998,13104.375,2025-11-07T12:24:53.157036,patients.csv,444,false
7673112e-f252-3c46-a7e7-ac1e1fe3fa45,1994-08-29,None,999-79-6206,S99986638,X27992836X,Mr.,Roosevelt595,Turner526,None,None,M,asian,nonhispanic,M,Billerica  Massachusetts  US,775 Legros Way Unit 65,Boston,Massachusetts,Suffolk County,2467,42.316845141255982,-71.0932824663028,496445.75000000006,3171.9299999999994,2025-11-07T12:24:53.157036,patients.csv,453,false
c90a6e66-0199-98db-346c-c8efb2ba8ccf,1987-08-25,None,999-11-8154,S99971179,X39981981X,Mr.,Jerrell6,Fahey393,None,None,S,black,nonhispanic,M,Lowell  Massachusetts  US,797 Ernser Promenade,Boston,Massachusetts,Suffolk County,,42.373633750076287,-71.034275193158933,200283.88250000004,230.9174999999999,2025-11-07T12:24:53.157036,patients.csv,456,false
9719bcc0-984c-66b7-263c-c4621e9c2fd2,1914-12-20,1990-06-19,999-19-6891,S99916766,X42233445X,Mr.,Gene733,McKenzie376,None,None,M,black,nonhispanic,M,Williamstown  Massachusetts  US,802 Leffler Pathway Apt 75,Boston,Massachusetts,Suffolk County,2129,42.352032432687231,-71.036222675573612,1954627.0665000009,213676.5835,2025-11-07T12:24:53.157036,patients.csv,461,false
1e08cb3f-9e6a-b083-b6ee-0bb38f70ba50,1914-12-20,1998-07-13,999-16-6749,S99919103,X62010253X,Mr.,Jamison785,Denesik803,None,None,M,black,nonhispanic,M,New Bedford  Massachusetts  US,803 Wisozk Underpass,Boston,Massachusetts,Suffolk County,2124,42.264500278961187,-71.14937484126321,1973241.5655000005,119360.8245,2025-11-07T12:24:53.157036,patients.csv,475,false
dbf10a3b-473c-ab44-3882-8c7f48244567,1989-11-18,None,999-94-2941,S99932650,X46902731X,Mr.,Carlos172,Cruickshank494,None,None,M,asian,nonhispanic,M,Littleton Common  Massachusetts  US,457 Hauck Dam Apt 66,Boston,Massachusetts,Suffolk County,2115,42.343984681629621,-71.1260034992754,808182.39000000025,4106.46,2025-11-07T12:24:53.157036,patients.csv,481,false
a3752f35-b99c-5da7-a16a-f6e06adc97ac,1993-10-14,None,999-93-2619,S99986354,X57944943X,Mr.,Marty115,Wisozk929,None,None,M,black,nonhispanic,M,Weymouth  Massachusetts  US,1076 Von Boulevard,Boston,Massachusetts,Suffolk County,2134,42.289025483355978,-71.10354039874305,707144.91749999986,1472.4225,2025-11-07T12:24:53.157036,patients.csv,485,false
f992b5b4-16f1-1587-cca6-a15bda17a557,1983-04-01,None,999-77-1520,S99995821,X83373748X,Mr.,Porter490,Wehner319,None,None,S,white,nonhispanic,M,Lynn  Massachusetts  US,337 Schmeler Bay Apt 29,Boston,Massachusetts,Suffolk County,2116,42.36988930803458,-71.012160494909736,121466.14800000002,44576.812,2025-11-07T12:24:53.157036,patients.csv,492,false
b0a06ead-cc42-aa48-dad6-841d4aa679fa,1952-12-05,2002-02-01,999-34-7510,S99921175,X35022937X,Mr.,Abdul218,Harris789,None,None,M,black,nonhispanic,M,Boston  Massachusetts  US,572 Keebler Esplanade,Boston,Massachusetts,Suffolk County,2134,42.377993706156481,-71.075703893326192,1326943.1124999998,1845.5475,2025-11-07T12:24:53.157036,patients.csv,501,false
915aacda-a5d6-b157-5f8a-572c9ed4eb0f,1963-09-05,None,999-50-8286,S99978242,X26393218X,Mr.,Jonas187,Sporer811,None,None,S,white,nonhispanic,M,Springfield  Massachusetts  US,201 Kris Terrace,Boston,Massachusetts,Suffolk County,,42.339770005441132,-70.957881025282276,1787435.055,1349.745,2025-11-07T12:24:53.157036,patients.csv,505,false
443e574b-0480-6ad5-8add-e22f5e87a9bb,1952-12-05,None,999-54-9059,S99970313,X43968298X,Mr.,Dorian295,Will178,None,None,M,black,nonhispanic,M,Athol  Massachusetts  US,935 Koelpin Meadow Suite 22,Boston,Massachusetts,Suffolk County,2136,42.289287441048252,-71.0973652747884,1883684.4050000005,80358.335,2025-11-07T12:24:53.157036,patients.csv,512,false
e23c7a6e-6ef2-3932-1361-b73b4c8a3961,1914-12-20,None,999-88-5404,S99968751,X9722170X,Mr.,Sung603,Weber641,None,None,M,black,nonhispanic,M,New Bedford  Massachusetts  US,754 Effertz Gardens Suite 78,Boston,Massachusetts,Suffolk County,2116,42.325629870123556,-71.126851247655765,23116549.359000005,1897464.2010000004,2025-11-07T12:24:53.157036,patients.csv,514,false
cf79ac17-78d8-6fa4-1210-b3efdea80f7d,1974-06-27,None,999-66-7185,S99920293,X49144611X,Mr.,Francisco472,Mora209,None,None,S,white,hispanic,M,Buenos Aires  Ciudad de Buenos Aires  AR,478 Rosenbaum Common Apt 50,Boston,Massachusetts,Suffolk County,,42.334219156041108,-71.088409194146536,1186293.4025,11754.2175,2025-11-07T12:24:53.157036,patients.csv,535,false
58287c7e-a28d-2607-00a4-8baab8c7e3ad,1994-07-09,None,999-88-6441,S99921705,X65095303X,Mr.,Sheldon401,Becker968,None,None,M,white,nonhispanic,M,Boston  Massachusetts  US,613 Gutkowski Gate,Boston,Massachusetts,Suffolk County,2115,42.335459297997041,-71.107713161556731,660323.1950000003,1429.0649999999998,2025-11-07T12:24:53.157036,patients.csv,566,false
cb6e8532-cd9a-0e39-48cd-c97b37cad662,1994-12-07,None,999-34-9481,S99965130,X69058X,Mr.,Ronny764,Klein929,None,None,None,asian,nonhispanic,M,Hong Kong  Hong Kong Special Administrative Region  CN,966 Pacocha Harbor Apt 68,Boston,Massachusetts,Suffolk County,2113,42.40206940194544,-70.976790780188082,667274.5199999999,3649.32,2025-11-07T12:24:53.157036,patients.csv,570,false
20a75f26-b297-4120-72e6-602ee5e9f4e4,1991-12-13,None,999-29-4643,S99916522,X77819579X,Mr.,Leif534,Rath779,None,None,M,hawaiian,nonhispanic,M,Westfield  Massachusetts  US,526 Reinger Club Apt 95,Boston,Massachusetts,Suffolk County,2116,42.257983757359561,-71.051330924697822,716112.60300000024,664284.13699999976,2025-11-07T12:24:53.157036,patients.csv,588,false
ed45e2f4-8d33-22c1-9dcc-979f2c801297,2000-03-21,None,999-61-1839,S99982841,X71813348X,Mr.,Jorge203,Boyer713,None,None,None,white,nonhispanic,M,East Longmeadow  Massachusetts  US,130 Leffler Throughway Suite 13,Boston,Massachusetts,Suffolk County,2129,42.320072744011263,-71.082464456214836,1286579.07,17772.84,2025-11-07T12:24:53.157036,patients.csv,595,false
1f10b0a5-575f-fde2-c602-f65c014c6bf7,1971-11-13,None,999-30-5743,S99943469,X66216760X,Mr.,Monroe732,Streich926,None,None,M,white,hispanic,M,Belmont  Massachusetts  US,695 Breitenberg Orchard,Boston,Massachusetts,Suffolk County,2203,42.349949771059961,-71.035082045944534,1110326.7899999998,0,2025-11-07T12:24:53.157036,patients.csv,611,false
a38b1195-9818-4286-ab60-96234d78c2b9,1960-12-23,None,999-99-9159,S99970997,X87002556X,Mr.,Isaiah615,Christiansen251,None,None,M,white,nonhispanic,M,Raynham  Massachusetts  US,950 Quitzon Parade Suite 4,Boston,Massachusetts,Suffolk County,2114,42.335784577965292,-71.126243831325482,194124.2025,123579.84749999996,2025-11-07T12:24:53.157036,patients.csv,617,false
43a8f60a-2b8e-26b5-3736-e64df96bf796,1973-10-06,None,999-79-1965,S99978991,X38584736X,Mr.,Francisco472,Lynch190,None,None,S,white,nonhispanic,M,Holden  Massachusetts  US,957 Smith Branch,Boston,Massachusetts,Suffolk County,2125,42.331966175579367,-71.117736229876954,1199559.7724999995,4392.8475,2025-11-07T12:24:53.157036,patients.csv,686,false
827356e9-9e28-2005-8a0b-1eea3266f43e,1963-07-05,None,999-16-6283,S99998329,X8441949X,Mr.,Francisco472,Alcántar600,None,None,M,white,hispanic,M,Bayamon  Puerto Rico  PR,1057 Ernser Fort Apt 55,Boston,Massachusetts,Suffolk County,2120,42.271835475647023,-71.147128654890793,1054468.6124999996,18931.0875,2025-11-07T12:24:53.157036,patients.csv,724,false
5bf9e7f3-ca8b-16d9-6ad8-5e46c20e9f4e,1994-12-09,None,999-93-4920,S99994647,X78347275X,Mr.,Duane703,Gibson10,None,None,None,white,nonhispanic,M,Everett  Massachusetts  US,177 Haag Lodge Apt 69,Boston,Massachusetts,Suffolk County,2118,42.4211485036266,-71.09371329648863,722893.3745,88102.3255,2025-11-07T12:24:53.157036,patients.csv,756,false
16daa36d-5e40-19aa-d2f6-3958f83a2b38,1992-05-06,None,999-96-5100,S99918718,X50524041X,Mr.,Andreas188,Macejkovic424,None,None,S,white,hispanic,M,Brockton  Massachusetts  US,850 O'Conner Common Unit 94,Boston,Massachusetts,Suffolk County,,42.416042614002009,-71.111020745286453,735619.44499999983,18327.915,2025-11-07T12:24:53.157036,patients.csv,776,false
a3501530-1af1-4244-15cd-40070be6e4f4,1948-05-31,None,999-13-4276,S99940323,X12782530X,Mr.,Elliot577,Fritsch593,None,None,M,white,nonhispanic,M,Boston  Massachusetts  US,243 Collins Loaf,Boston,Massachusetts,Suffolk County,2163,42.347477812980607,-71.0524676865383,252411.57000000004,5806.1900000000005,2025-11-07T12:24:53.157036,patients.csv,822,false
23d4a494-443e-fe6b-d0ec-e21a762d2a90,1921-11-21,2010-01-04,999-96-3024,S99974580,X39847191X,Mr.,Lamont867,Hoeger474,None,None,M,black,nonhispanic,M,Somerville  Massachusetts  US,718 Miller Fork,Boston,Massachusetts,Suffolk County,2111,42.3529891510164,-71.05742811352394,1053608.7459999998,170881.74399999998,2025-11-07T12:24:53.157036,patients.csv,833,false
418ce939-0b2d-4081-9003-a162e6467c09,1921-11-21,1987-07-03,999-56-6311,S99995609,X45362654X,Mr.,Thaddeus38,Dicki44,None,None,M,black,nonhispanic,M,Revere  Massachusetts  US,997 Mueller Center Suite 98,Boston,Massachusetts,Suffolk County,2124,42.31931702204016,-71.0584445499285,363100.10249999992,194360.3575,2025-11-07T12:24:53.157036,patients.csv,845,false
cd600da2-5ec8-5876-fafa-ccc1d1ad5fd3,1921-11-21,None,999-88-9248,S99962789,X76449949X,Mr.,Kurtis994,Watsica258,None,None,M,black,nonhispanic,M,Melrose  Massachusetts  US,566 Powlowski Throughway Apt 13,Boston,Massachusetts,Suffolk County,2132,42.368681309028574,-71.100556847576826,1120570.3809999998,140595.07900000003,2025-11-07T12:24:53.157036,patients.csv,859,false
58eb83f7-ab23-104b-697b-ec5be0624367,1949-06-17,None,999-51-3509,S99998309,X30330786X,Mr.,Elliott563,Nikolaus26,None,None,M,hawaiian,nonhispanic,M,Weston  Massachusetts  US,397 Reilly Vale Suite 4,Boston,Massachusetts,Suffolk County,2135,42.288514245852767,-71.140664683233808,276705.5045,240834.5855,2025-11-07T12:24:53.157036,patients.csv,863,false
156a959f-4abb-e935-3703-c8c6672ba3b0,1942-03-08,1999-06-13,999-43-6923,S99979622,X82260724X,Mr.,Craig656,Pfeffer420,None,None,M,asian,nonhispanic,M,Quincy  Massachusetts  US,1011 Graham Plaza,Boston,Massachusetts,Suffolk County,2108,42.360406223558059,-71.057559574368256,2227037.8274999992,2224.4025,2025-11-07T12:24:53.157036,patients.csv,895,false
987453c3-b90f-a21e-08b8-3e940923c52b,1942-03-08,None,999-98-4125,S99967782,X55258708X,Mr.,Mathew182,O'Conner199,None,None,M,asian,nonhispanic,M,Brookline  Massachusetts  US,767 Green Track Apt 63,Boston,Massachusetts,Suffolk County,2203,42.256572222042948,-71.159977599066877,1976438.8060000008,62866.424000000006,2025-11-07T12:24:53.157036,patients.csv,907,false
81a92922-827e-bc33-f4af-69c383f4cf13,1980-10-28,2014-12-09,999-69-5447,S99974503,X56858701X,Mr.,Don899,Nitzsche158,None,None,M,black,nonhispanic,M,Brockton  Massachusetts  US,1090 Schaefer View,Boston,Massachusetts,Suffolk County,2124,42.245354772315991,-71.083295634118059,813675.16250000009,17177.7675,2025-11-07T12:24:53.157036,patients.csv,958,false
d3e4ad8c-11f2-14cf-28be-e4400b6caff1,1980-10-28,None,999-11-5944,S99937538,X48999201X,Mr.,Merlin721,Paucek755,None,None,S,black,nonhispanic,M,Northborough  Massachusetts  US,901 Volkman Plaza Unit 68,Boston,Massachusetts,Suffolk County,2152,42.274872968039247,-71.037040234944371,1669415.9500000002,0,2025-11-07T12:24:53.157036,patients.csv,963,false
3cc17df4-192f-62a8-9459-af1cfcd1f0d3,1999-05-07,None,999-71-1856,S99914936,X72860295X,Mr.,Guillermo498,Vallejo39,None,None,None,black,nonhispanic,M,Portsmouth  Saint John Parish  DM,872 Hagenes Mission Suite 9,Boston,Massachusetts,Suffolk County,2116,42.316717937745722,-71.080069323278082,561462.6525,2648.1675,2025-11-07T12:24:53.157036,patients.csv,976,false
3fc211a5-042f-1332-2d89-62e21dde2e6b,1978-08-26,None,999-28-3757,S99911034,X33736072X,Mr.,Renato359,Bechtelar572,None,None,S,white,nonhispanic,M,North Attleborough  Massachusetts  US,1055 Hilpert Viaduct,Boston,Massachusetts,Suffolk County,2135,42.358655558906463,-71.065552731034231,1040172.52,1628.4299999999998,2025-11-07T12:24:53.157036,patients.csv,997,false
1b8984f4-0ea2-8bbc-2d7e-c04143277477,1997-03-20,None,999-86-9037,S99946258,X46807652X,Mr.,Leroy603,Rippin620,None,None,None,asian,nonhispanic,M,Haiphong  Kiến An  VN,149 Purdy Brook,Boston,Massachusetts,Suffolk County,2203,42.370981772928829,-71.068848969858792,623919.45499999984,4555.125,2025-11-07T12:24:53.157036,patients.csv,999,false
35606b5e-5492-b8b1-25c7-085c406d0dac,1979-05-30,None,999-24-2397,S99993206,X44987269X,Mr.,Ariel183,Berge125,None,None,M,asian,nonhispanic,M,Bridgewater  Massachusetts  US,186 Tromp Terrace Suite 48,Boston,Massachusetts,Suffolk County,2110,42.375298141317487,-71.111068415168958,158630.2975,313315.6525,2025-11-07T12:24:53.157036,patients.csv,1090,false
cd312ebd-502a-0aff-a4a2-484f2b1927eb,1968-01-11,None,999-50-9994,S99983332,X72190765X,Mr.,Emanuel231,Gaylord332,None,None,M,asian,nonhispanic,M,Lawrence  Massachusetts  US,749 Rowe Route Unit 59,Boston,Massachusetts,Suffolk County,2151,42.347202089930562,-71.062145114970264,1304128.1949999998,17453.805,2025-11-07T12:24:53.157036,patients.csv,1105,false
f69c0b32-65cf-2de2-ca8e-16fc575c2801,1964-04-04,None,999-74-4593,S99998143,X53511110X,Mr.,Pedro316,Maya972,None,None,M,white,hispanic,M,Tegucigalpa  Francisco Morazán  HN,1075 Weber Vale Apt 83,Boston,Massachusetts,Suffolk County,2130,42.315478888512629,-71.058553461623319,2206729.5525,2120.6175,2025-11-07T12:24:53.157036,patients.csv,1115,false
e15d5c46-48a2-2364-2b4f-529ecbe0c956,1970-12-26,None,999-43-7191,S99999275,X9664867X,Mr.,Edison640,Hudson301,None,None,S,white,nonhispanic,M,Seekonk  Massachusetts  US,946 Reichert Arcade Suite 67,Bourne,Massachusetts,Barnstable County,2532,41.784756758967077,-70.6140814363135,657408.255,56.114999999999952,2025-11-07T12:24:53.157036,patients.csv,69,false
1f629a95-5a68-0aec-b3ce-32d2beee7da9,1938-09-30,2020-11-20,999-24-9379,S99936080,X7015432X,Mr.,Robin66,Reichel38,None,None,M,white,nonhispanic,M,Boston  Massachusetts  US,293 Greenfelder Byway Suite 37,Bourne,Massachusetts,Barnstable County,,41.744316084247451,-70.624165197628344,2351045.803499999,224364.3865,2025-11-07T12:24:53.157036,patients.csv,264,false
9d92805b-c25a-c7ad-60ca-80c93ffb80b1,1938-09-30,None,999-97-2103,S99989635,X88158957X,Mr.,Frances376,Smitham825,None,None,M,white,nonhispanic,M,Somerville  Massachusetts  US,898 Bernier Mews,Bourne,Massachusetts,Barnstable County,,41.798972939136092,-70.589984892860485,2129345.356,229554.914,2025-11-07T12:24:53.157036,patients.csv,277,false
0e78dfee-9af0-046c-39bb-33fdcb910976,1964-04-23,None,999-28-6683,S99973670,X32925491X,Mr.,Carol737,Lesch175,None,None,M,white,nonhispanic,M,Springfield  Massachusetts  US,589 Hoeger Dale Unit 40,Bourne,Massachusetts,Barnstable County,,41.717298112351671,-70.626478599256913,2699630.2275,3440.6325,2025-11-07T12:24:53.157036,patients.csv,391,false
065e8a3d-b782-c088-2a17-6498d7d190bc,1996-11-01,None,999-98-7243,S99957909,X88664635X,Mr.,Ezequiel972,Gulgowski816,None,None,None,white,nonhispanic,M,Woburn  Massachusetts  US,110 Torphy Key,Braintree,Massachusetts,Norfolk County,2184,42.235730559771028,-71.008020467617541,620519.33999999985,12186.75,2025-11-07T12:24:53.157036,patients.csv,341,false
4c7bbf23-68f4-86e8-c61e-1a1b1e81c4ea,1950-10-06,None,999-43-6810,S99926125,X8913825X,Mr.,Ike571,Harvey63,None,None,M,white,nonhispanic,M,Northborough  Massachusetts  US,685 Grady Forge Suite 55,Braintree,Massachusetts,Norfolk County,,42.244785866988842,-71.01922065799296,1838037.0825,75280.7175,2025-11-07T12:24:53.157036,patients.csv,383,false
9027ebcb-fab1-6cb7-60c1-1c9dd2b7b729,1968-01-26,None,999-41-8602,S99989319,X51394672X,Mr.,Ned189,Emmerich580,None,None,M,asian,nonhispanic,M,Haiphong  Kiến An  VN,218 Hayes Path Unit 91,Braintree,Massachusetts,Norfolk County,,42.166142063450437,-70.958916212830786,1895343.9875,4350.6225,2025-11-07T12:24:53.157036,patients.csv,519,false
4b0301f7-6c9e-e170-d540-eda9466a29d7,1966-01-19,2021-06-18,999-87-8116,S99945853,X74351615X,Mr.,Dino214,Kulas532,None,None,S,black,nonhispanic,M,Bridgewater  Massachusetts  US,387 Fadel Mews Unit 43,Bridgewater,Massachusetts,Plymouth County,,41.970287406006577,-70.983052385391815,2868117.9575,2575.2825,2025-11-07T12:24:53.157036,patients.csv,831,false
7cc3df90-17f4-b8c1-f950-76de25bc3872,1966-01-19,2021-09-29,999-78-3560,S99981590,X59595542X,Mr.,Terrence276,Parisian75,None,None,M,black,nonhispanic,M,Hanover  Massachusetts  US,651 Runolfsdottir Knoll Suite 35,Bridgewater,Massachusetts,Plymouth County,2324,41.928559295057241,-71.027682455746842,1807362.2025,49971.697500000009,2025-11-07T12:24:53.157036,patients.csv,844,false
584056da-c05d-bc02-50eb-e24f8310c1d2,1966-01-19,None,999-88-5988,S99944078,X20343558X,Mr.,Ellis535,Trantow673,None,None,S,black,nonhispanic,M,Seekonk  Massachusetts  US,388 Pacocha Avenue,Bridgewater,Massachusetts,Plymouth County,,41.932068893448559,-70.973595533608588,1642328.3775,56827.852499999994,2025-11-07T12:24:53.157036,patients.csv,851,false
c09c4a85-e909-cfce-863a-7e363c9813a6,1955-05-18,None,999-26-6572,S99978292,X84923842X,Mr.,Antony83,Nikolaus26,None,None,S,white,nonhispanic,M,Wilmington  Massachusetts  US,303 Gerhold Avenue,Bridgewater,Massachusetts,Plymouth County,2324,41.943794911074114,-70.997673931872313,1682670.017500001,25803.4025,2025-11-07T12:24:53.157036,patients.csv,879,false
8732c6b3-c558-2182-e679-2d0fc0f130cb,1982-11-09,None,999-61-3856,S99956760,X7591062X,Mr.,Ronnie7,Streich926,None,None,M,white,nonhispanic,M,Westfield  Massachusetts  US,680 MacGyver Center Suite 10,Brockton,Massachusetts,Plymouth County,2351,42.127898031607437,-70.97628584157421,121717.454,27881.626,2025-11-07T12:24:53.157036,patients.csv,864,false
ef32a3f9-c68b-118f-27d3-b3d1b3f72214,2003-04-08,None,999-95-6003,S99910310,None,Mr.,Broderick767,Gerhold939,None,None,None,white,nonhispanic,M,Westfield  Massachusetts  US,450 Runolfsson Meadow Apt 27,Brockton,Massachusetts,Plymouth County,2351,42.113564263746547,-70.9215837857817,466776.39750000008,6657.2024999999994,2025-11-07T12:24:53.157036,patients.csv,1074,false
74bde71d-2498-6fa9-d8e1-1734c092af93,1967-04-04,None,999-76-9578,S99967330,X30002939X,Mr.,Napoleon578,Predovic534,None,None,M,white,nonhispanic,M,Wellfleet  Massachusetts  US,370 Nikolaus Road,Brockton,Massachusetts,Plymouth County,,42.113019054759874,-70.944970676780628,1352329.78,11902.079999999998,2025-11-07T12:24:53.157036,patients.csv,1128,false
34f26c54-34b6-ad2b-db7c-5ff818b0456c,1991-02-11,None,999-58-7405,S99913802,X7702108X,Mr.,Darrel772,O'Reilly797,None,None,M,white,nonhispanic,M,Boston  Massachusetts  US,122 Satterfield Neck Suite 20,Brookline,Massachusetts,Norfolk County,2467,42.321870882709007,-71.147922267694781,808206.44250000012,1982.1675,2025-11-07T12:24:53.157036,patients.csv,377,false
2afc9195-bd76-87d7-9ae4-290e5036c2fa,1973-10-14,None,999-42-8275,S99921611,X30865198X,Mr.,Chauncey770,Baumbach677,None,None,M,white,nonhispanic,M,Palermo  Sicily  IT,633 O'Keefe Club Suite 60,Brookline,Massachusetts,Norfolk County,,42.312761078012777,-71.137475800000715,1769709.1475000014,188780.39250000005,2025-11-07T12:24:53.157036,patients.csv,795,false
509344d5-cb2b-036c-17a8-a1ddedb8528d,2000-04-30,None,999-46-8105,S99991412,X36285852X,Mr.,Pierre431,Witting912,None,None,None,white,nonhispanic,M,Raynham  Massachusetts  US,289 Funk Manor Suite 30,Brookline,Massachusetts,Norfolk County,2467,42.35474913672163,-71.136550890789181,535706.3525,2652.0675,2025-11-07T12:24:53.157036,patients.csv,1133,false
17eddffe-9412-688c-7944-65251314b1c0,1977-11-21,None,999-11-9036,S99978871,X40317298X,Mr.,Orval846,Schaefer657,None,None,M,white,nonhispanic,M,Hull  Massachusetts  US,759 Stanton Union,Burlington,Massachusetts,Middlesex County,,42.540060715274223,-71.18436861151234,1096723.97,2199.36,2025-11-07T12:24:53.157036,patients.csv,348,false
f0660412-c40e-4d5c-5b11-08b6da289331,1975-01-24,None,999-42-9701,S99913944,X52330687X,Mr.,Terry864,King743,None,None,M,white,nonhispanic,M,Lynn  Massachusetts  US,827 Kling Burg Suite 32,Buzzards Bay,Massachusetts,Barnstable County,2542,41.778711797393072,-70.573178366620809,1196488.8525,3228.8775,2025-11-07T12:24:53.157036,patients.csv,35,false
ff9f14e4-d241-71fe-a501-2199e39aa79a,2003-07-26,None,999-44-2460,S99968580,None,Mr.,Andrew29,Wilkinson796,None,None,None,white,nonhispanic,M,Fitchburg  Massachusetts  US,975 Aufderhar Throughway,Cambridge,Massachusetts,Middlesex County,2142,42.4211271011532,-71.134574156677317,446069.5,2422.53,2025-11-07T12:24:53.157036,patients.csv,194,false
0cb8b8f9-fc42-2841-9578-dbff50c6c86e,2001-04-19,None,999-76-8776,S99971089,X34841574X,Mr.,Reyes140,White193,None,None,None,white,nonhispanic,M,Hingham  Massachusetts  US,175 Kihn Rapid Apt 20,Cambridge,Massachusetts,Middlesex County,2138,42.412730713092131,-71.10093976157745,1553465.5475,66037.852500000008,2025-11-07T12:24:53.157036,patients.csv,307,false
a0d22ce4-8c1f-1168-5a83-aff4f79f4a1f,1989-01-07,None,999-93-9172,S99977621,X53602914X,Mr.,Merlin721,Hane680,None,None,M,white,nonhispanic,M,Mansfield  Massachusetts  US,1079 Wiegand Alley Suite 26,Cambridge,Massachusetts,Middlesex County,2140,42.374429270141533,-71.094855702778361,808429.52749999985,518.33249999999975,2025-11-07T12:24:53.157036,patients.csv,338,false
3ec37e85-5d7f-2ace-82cf-352d99ccdb8a,1964-12-06,None,999-47-4001,S99984977,X19133706X,Mr.,Rodney21,Kohler843,None,None,S,asian,nonhispanic,M,Ho Chi Minh City  Gia Định  VN,395 Pollich Throughway Suite 87,Cambridge,Massachusetts,Middlesex County,2138,42.347649239663284,-71.080319952755318,1464022.2325000004,8666.1374999999989,2025-11-07T12:24:53.157036,patients.csv,399,false
b84e121c-8ce7-a6e9-9c45-f6867bcb757d,1988-01-31,None,999-98-9736,S99950937,X11006825X,Mr.,Darrell400,Pollich983,None,None,M,white,nonhispanic,M,Middleton  Massachusetts  US,968 Kling Avenue Apt 51,Cambridge,Massachusetts,Middlesex County,2141,42.384465942120428,-71.10638263620001,1659964.8725,4667.0175,2025-11-07T12:24:53.157036,patients.csv,409,false
f2f58c59-0ad7-302d-7d66-cfd3d0287a2a,1990-06-14,None,999-74-4304,S99945313,X5299691X,Mr.,Dino214,Dach178,None,None,M,white,nonhispanic,M,Randolph  Massachusetts  US,955 Donnelly Corner,Cambridge,Massachusetts,Middlesex County,,42.362494350167523,-71.1074381987494,99882.926500000016,44135.6035,2025-11-07T12:24:53.157036,patients.csv,529,false
08c885d3-43c9-efd4-e8b3-c6140832b18f,2000-09-17,None,999-10-2169,S99934185,X43973709X,Mr.,Otto672,Schmeler639,None,None,None,white,nonhispanic,M,Boston  Massachusetts  US,651 Weissnat Dale Suite 59,Cambridge,Massachusetts,Middlesex County,2142,42.412661238639295,-71.056840647279415,514650.56000000006,1466.4,2025-11-07T12:24:53.157036,patients.csv,554,false
1d9b5400-8fdc-1e8b-8f5c-546cc85383c3,1970-11-06,None,999-53-8188,S99960863,X17208128X,Mr.,Angel97,Jacobi462,None,None,S,white,nonhispanic,M,Auburn  Massachusetts  US,362 Schaden Mews Unit 68,Cambridge,Massachusetts,Middlesex County,2138,42.399203570977832,-71.055885234036978,1316977.805,1526.9549999999997,2025-11-07T12:24:53.157036,patients.csv,919,false
3685bf21-cf8b-669f-cc82-ba3f467087c8,1979-02-13,None,999-13-9742,S99937234,X79401780X,Mr.,Alvaro283,Altenwerth646,None,None,S,white,nonhispanic,M,Waltham  Massachusetts  US,140 Roberts Mall Unit 71,Cambridge,Massachusetts,Middlesex County,2139,42.369697639684325,-71.111076038604153,1045121.2450000003,13876.335,2025-11-07T12:24:53.157036,patients.csv,1001,false
13b1cf83-d511-15a7-5ac3-d5d42f57d6ef,1983-10-05,None,999-76-3780,S99971862,X66311943X,Mr.,Zachary28,Hane680,None,None,S,white,nonhispanic,M,Northbridge  Massachusetts  US,215 Hills Ferry,Cambridge,Massachusetts,Middlesex County,2138,42.340874505178249,-71.08846373466902,957945.6325,441.0675,2025-11-07T12:24:53.157036,patients.csv,1027,false
74b7fc31-8223-c477-0ec9-5b2ceea7c28f,1970-09-19,None,999-32-8750,S99959598,X89632338X,Mr.,Isiah14,Jacobs452,None,None,M,black,nonhispanic,M,Wenham  Massachusetts  US,856 Gerlach Branch,Canton,Massachusetts,Norfolk County,,42.134239208610317,-71.112837203017762,2104482.625,3307.545,2025-11-07T12:24:53.157036,patients.csv,80,false
f0aa92fa-13d6-6e8c-cc01-9986ce990b5e,1967-04-25,None,999-74-9907,S99930400,X29612195X,Mr.,Jamie386,Luettgen772,None,None,S,white,nonhispanic,M,Southampton  Massachusetts  US,757 Ankunding Annex Apt 35,Canton,Massachusetts,Norfolk County,,42.205368746860159,-71.084414629871247,1345893.8375,13081.3125,2025-11-07T12:24:53.157036,patients.csv,248,false
3a580919-26bf-fede-0908-33d23ba8fbc4,1982-11-11,None,999-68-1608,S99972416,X14395688X,Mr.,Kyle55,Towne435,None,None,M,white,nonhispanic,M,Norwell  Massachusetts  US,919 Johnson Park,Canton,Massachusetts,Norfolk County,,42.20290443424534,-71.156434183230957,971603.0725,1426.3275,2025-11-07T12:24:53.157036,patients.csv,1124,false
e4035211-964b-b90f-237d-655426c3aa1f,1971-10-31,None,999-43-9739,S99963088,X82576933X,Mr.,Dewitt635,Hane680,None,None,M,white,nonhispanic,M,Taunton  Massachusetts  US,461 Lesch Rue Suite 9,Carlisle,Massachusetts,Middlesex County,,42.576474160344439,-71.3843252646831,1248534.4525,6659.3475,2025-11-07T12:24:53.157036,patients.csv,668,false
86b4e80a-13f8-e14b-cf3f-9000cc0e96b5,1979-06-23,None,999-89-9390,S99927264,X63604556X,Mr.,Scottie437,Fritsch593,None,None,S,white,nonhispanic,M,Amherst  Massachusetts  US,216 Gottlieb View Unit 55,Carver,Massachusetts,Plymouth County,,41.862782150053789,-70.739145150476517,64731.710000000006,0,2025-11-07T12:24:53.157036,patients.csv,449,false
965ecf4b-40d6-02e3-fe08-acd9eafc68fe,1948-08-17,2002-12-06,999-94-2563,S99973040,X84525557X,Mr.,Arthur650,Mante251,None,None,S,white,nonhispanic,M,Fall River  Massachusetts  US,989 Auer Crossing,Charlton,Massachusetts,Worcester County,,42.095174789140117,-71.949777293766118,1417236.5924999998,4630.1474999999991,2025-11-07T12:24:53.157036,patients.csv,231,false
2e555528-3530-497a-222a-7a3bbb35d938,1948-08-17,None,999-47-8226,S99936016,X86072769X,Mr.,Bob965,Waelchi213,None,None,M,white,nonhispanic,M,Ashburnham  Massachusetts  US,930 Stamm Course Suite 33,Charlton,Massachusetts,Worcester County,,42.183390029887171,-71.930952979815473,1818009.7575,60278.2025,2025-11-07T12:24:53.157036,patients.csv,240,false
f6542a20-3b0a-addd-d3a2-6a621f67970f,1975-11-24,None,999-77-2075,S99955475,X35490807X,Mr.,Virgil85,Farrell962,None,None,S,white,nonhispanic,M,Lowell  Massachusetts  US,829 Hickle Gateway Unit 29,Charlton,Massachusetts,Worcester County,,42.090763871156611,-71.941127217702615,1169626.3449999995,2574.825,2025-11-07T12:24:53.157036,patients.csv,262,false
7edc835f-0063-6d39-0c35-112f82a3e131,1953-05-25,None,999-81-3679,S99943748,X77752732X,Mr.,Wilton999,Schamberger479,None,None,M,asian,nonhispanic,M,Chongqing  Chongqing Municipality  CN,975 Grady Bypass,Charlton,Massachusetts,Worcester County,,42.181695412473971,-72.015735223830447,2485642.52,30679.17,2025-11-07T12:24:53.157036,patients.csv,821,false
4acf924f-c7c9-e748-fbeb-d68681b510de,1992-10-10,None,999-64-6067,S99983348,X78594125X,Mr.,Emilio417,Partida347,None,None,M,white,hispanic,M,Bayamon  Puerto Rico  PR,576 Kuhic Light Unit 91,Chelsea,Massachusetts,Suffolk County,,42.44896019736246,-71.017209506380809,724926.47499999974,717.49499999999989,2025-11-07T12:24:53.157036,patients.csv,913,false
0a168e32-7b62-8597-0e11-296871bb764f,1998-12-09,None,999-55-4711,S99997701,X27409562X,Mr.,Bryon392,Howell947,None,None,None,black,nonhispanic,M,Orange  Massachusetts  US,328 Leffler Trace Unit 95,Chicopee,Massachusetts,Hampden County,1013,42.211993321847949,-72.541784105060017,593094.52500000014,578.92499999999984,2025-11-07T12:24:53.157036,patients.csv,459,false
e4c2980e-ffa5-4570-988e-3eb8e108aad3,1960-01-30,None,999-45-6613,S99927105,X88186358X,Mr.,Ethan766,Smitham825,None,None,M,white,nonhispanic,M,Worcester  Massachusetts  US,317 Veum Ferry Unit 67,Chicopee,Massachusetts,Hampden County,,42.17879957331234,-72.5715531548277,195136.38299999997,90751.277,2025-11-07T12:24:53.157036,patients.csv,469,false
dee053f0-4e8c-4115-1f6c-80730ad7b01b,1948-10-01,2003-06-10,999-16-7914,S99986266,X54797355X,Mr.,Dewayne363,Jacobi462,None,None,M,white,nonhispanic,M,Yarmouth Port  Massachusetts  US,187 Ziemann Mall Unit 74,Concord,Massachusetts,Middlesex County,,42.471737362519285,-71.341704050771042,1378043.0225,2906.5575,2025-11-07T12:24:53.157036,patients.csv,1093,false
02257002-550c-6de2-2bc0-0bb2bb497e84,1948-10-01,None,999-53-6951,S99971441,X12050770X,Mr.,Vito638,Toy286,None,None,M,white,nonhispanic,M,Tewksbury  Massachusetts  US,853 Ritchie Port Unit 65,Concord,Massachusetts,Middlesex County,,42.462164254940888,-71.3842944077823,2009451.9795,61424.030500000008,2025-11-07T12:24:53.157036,patients.csv,1106,false
4530f682-fb3a-fa9e-71b7-ce411bf37312,1913-06-10,2001-12-14,999-63-7247,S99923409,X62874655X,Mr.,Raul814,Heller342,None,None,S,white,nonhispanic,M,Framingham  Massachusetts  US,977 Bednar Branch,Conway,Massachusetts,Franklin County,,42.5402713767071,-72.657747426377824,2187954.057000001,186626.69300000003,2025-11-07T12:24:53.157036,patients.csv,705,false
b0332845-6c2a-bef0-04f1-8fc60ba829a5,1913-06-10,2001-09-09,999-28-3663,S99955999,X28191025X,Mr.,Elton404,Bradtke547,None,None,M,white,nonhispanic,M,Winchester  Massachusetts  US,1002 Legros Orchard Apt 58,Conway,Massachusetts,Franklin County,,42.546660327303357,-72.675473694583062,2132739.83,897482.81,2025-11-07T12:24:53.157036,patients.csv,718,false
da88735b-1240-851d-d7d9-f42747fba5be,1913-06-10,1982-08-02,999-93-5589,S99984196,X44668324X,Mr.,Lucio648,Ledner144,None,None,S,white,nonhispanic,M,Lowell  Massachusetts  US,1002 Turcotte Flat,Conway,Massachusetts,Franklin County,,42.49082210691892,-72.749388303445343,1772429.0365000006,489503.70350000006,2025-11-07T12:24:53.157036,patients.csv,731,false
cc0c6937-5332-8a52-79dd-b01553aae979,1913-06-10,2007-03-13,999-66-6993,S99977153,X16737644X,Mr.,Kermit56,Wolff180,None,None,M,white,nonhispanic,M,Dennis  Massachusetts  US,638 Cole Pathway,Conway,Massachusetts,Franklin County,,42.517979723279083,-72.686096907697817,2285719.3480000007,517707.602,2025-11-07T12:24:53.157036,patients.csv,748,false
be341f37-13a9-e54b-901a-23d59b802bb8,1913-06-10,1955-11-22,999-46-2564,S99959077,X37135925X,Mr.,Jason347,Johns824,None,None,M,white,nonhispanic,M,Stoughton  Massachusetts  US,572 Deckow Club Apt 22,Conway,Massachusetts,Franklin County,,42.511316963919981,-72.702366735824882,1258081.285,17988.915,2025-11-07T12:24:53.157036,patients.csv,758,false
442970b2-2f69-0f03-b394-96221a5a3ee6,1913-06-10,1986-03-04,999-82-4436,S99947496,X58819476X,Mr.,Herbert830,Kessler503,None,None,M,white,nonhispanic,M,Brookline  Massachusetts  US,367 Dietrich Tunnel,Conway,Massachusetts,Franklin County,,42.520113301902107,-72.662708609137766,1755935.179,163344.641,2025-11-07T12:24:53.157036,patients.csv,772,false
4fadd99c-4f13-0c0f-2b37-2c3c9c13ff78,1913-06-10,1966-05-07,999-49-2190,S99973698,X3683772X,Mr.,Porfirio146,Wunsch504,None,None,S,white,nonhispanic,M,Quincy  Massachusetts  US,949 Towne Wall Unit 98,Conway,Massachusetts,Franklin County,,42.555720853408296,-72.664590529622316,1314114.9150000005,36254.865000000005,2025-11-07T12:24:53.157036,patients.csv,779,false
f41e89ff-c2ff-9998-ca68-ad438f67447d,1913-06-10,1999-10-28,999-68-1665,S99973592,X44469066X,Mr.,Sterling124,Rau926,None,None,M,white,nonhispanic,M,Boston  Massachusetts  US,225 Crona Crossing Suite 66,Conway,Massachusetts,Franklin County,,42.49544615973813,-72.726224109573238,2155958.4655000004,118950.34450000002,2025-11-07T12:24:53.157036,patients.csv,793,false
d26086c9-4205-29b4-0e28-a77231a9724a,1913-06-10,2000-06-20,999-53-6005,S99910366,X86035178X,Mr.,Hubert238,Jenkins714,None,None,M,white,nonhispanic,M,Boston  Massachusetts  US,1015 Jakubowski Fork Unit 16,Conway,Massachusetts,Franklin County,,42.505892144157343,-72.756609540585984,2079534.4310000008,287731.979,2025-11-07T12:24:53.157036,patients.csv,812,false
b5d02e28-4948-f7d4-d4dc-a21d692d2b07,1913-06-10,2001-08-24,999-58-2711,S99995374,X62165962X,Mr.,Kristofer887,Schmitt836,None,None,M,white,nonhispanic,M,Whitman  Massachusetts  US,916 Feeney Burg,Conway,Massachusetts,Franklin County,,42.495834152620461,-72.7117254865466,2189358.5230000005,137710.72699999998,2025-11-07T12:24:53.157036,patients.csv,826,false
e599800d-fb97-6879-a8ea-656ebb0c5cb3,1913-06-10,2010-11-08,999-99-7453,S99947386,X61502136X,Mr.,Shelby741,Towne435,None,None,M,white,nonhispanic,M,Dartmouth  Massachusetts  US,209 Pacocha Station,Conway,Massachusetts,Franklin County,,42.4965573334859,-72.665851360395919,2382040.5595000004,172162.73049999992,2025-11-07T12:24:53.157036,patients.csv,837,false
139f1206-227d-4cf1-2bea-7d3154516bdf,1933-07-05,None,999-83-5959,S99919608,X63050010X,Mr.,Lyle846,Abshire638,None,None,S,white,nonhispanic,M,Raynham Center  Massachusetts  US,505 Brakus Approach,Conway,Massachusetts,Franklin County,,42.506455369810027,-72.709133129305727,2227801.109,266982.831,2025-11-07T12:24:53.157036,patients.csv,862,false
f6a7e98f-a5ca-f52d-1b65-4c548570d8bc,1989-07-25,None,999-18-7726,S99942477,X38657478X,Mr.,Hubert238,Dickinson688,None,None,M,white,nonhispanic,M,Palermo  Sicily  IT,199 Hirthe Vista,Cordaville,Massachusetts,Worcester County,,42.25839224217723,-71.485050723603422,1466723.08,167516.45999999996,2025-11-07T12:24:53.157036,patients.csv,904,false
bb4116b4-db28-ec8f-cce5-6ec08b2ea0a0,1981-10-06,None,999-39-4055,S99961759,X13888706X,Mr.,Son314,Rodriguez71,None,None,M,white,hispanic,M,Lunenburg  Massachusetts  US,1011 Stoltenberg Vista,Danvers,Massachusetts,Essex County,1923,42.543607208042012,-70.97650654422317,1009353.7575,1409.2424999999998,2025-11-07T12:24:53.157036,patients.csv,282,false
2961ef66-1eeb-1813-3217-c3c0176fd872,1944-02-01,None,999-25-8286,S99947197,X59455939X,Mr.,Eric487,Fahey393,None,None,S,white,nonhispanic,M,Springfield  Massachusetts  US,345 Farrell Frontage road,Dartmouth,Massachusetts,Bristol County,,41.585550307660988,-70.9336603559287,2144694.3374999994,408301.38250000007,2025-11-07T12:24:53.157036,patients.csv,797,false
d29560ea-5e1b-99a1-1beb-e8dd19b67468,1961-10-25,None,999-65-2973,S99938214,X48390913X,Mr.,Sherwood961,Glover433,None,None,M,white,nonhispanic,M,Westford  Massachusetts  US,1089 Ruecker Track Unit 24,Dedham,Massachusetts,Norfolk County,2026,42.215593937204332,-71.26255309692165,1576848.3225,1271.9175,2025-11-07T12:24:53.157036,patients.csv,405,false
e92e2c9d-d257-4f3c-73aa-a6ee61ec8db1,1981-12-31,None,999-11-8132,S99959684,X27010886X,Mr.,Pablo44,Schulist381,None,None,M,white,nonhispanic,M,Malden  Massachusetts  US,1043 McLaughlin Park,Dennis,Massachusetts,Barnstable County,2638,41.695527657782677,-70.20977375355703,995603.66999999981,0,2025-11-07T12:24:53.157036,patients.csv,259,false
153c68e6-08e5-a751-1f6b-4439d279681d,1951-11-27,None,999-95-8491,S99919171,X75482818X,Mr.,Brain142,Wuckert783,None,None,M,white,nonhispanic,M,Boston  Massachusetts  US,826 DuBuque Corner,Dennis,Massachusetts,Barnstable County,,41.699416837085629,-70.207314352274466,2234679.01,62377.95,2025-11-07T12:24:53.157036,patients.csv,350,false
a9a2c4dd-a0c9-97d4-8983-c4dbe2a76ca2,1951-10-06,None,999-54-3421,S99921924,X42581650X,Mr.,Cesar434,Strosin214,None,None,M,white,nonhispanic,M,Dennis  Massachusetts  US,348 Howe Arcade Apt 48,Dighton,Massachusetts,Bristol County,,41.796500235717517,-71.178853750732728,96444.655999999944,3785.784,2025-11-07T12:24:53.157036,patients.csv,170,false
811c2d6c-eef7-0134-6f19-d4aea9606922,1980-04-08,None,999-18-7464,S99922570,X41778439X,Mr.,Floyd420,Kunze215,None,None,M,white,nonhispanic,M,Westford  Massachusetts  US,635 Borer Lane Unit 4,Dover,Massachusetts,Norfolk County,2030,42.25776077747949,-71.281448476455679,1071479.3274999997,21124.0725,2025-11-07T12:24:53.157036,patients.csv,375,false
792a51c0-a2a4-ee26-c23c-7cb24f8a0e35,1969-05-05,None,999-85-9578,S99980583,X49093846X,Mr.,Pasquale620,Kuhn96,None,None,M,white,nonhispanic,M,Peabody  Massachusetts  US,225 Blanda Road,Dracut,Massachusetts,Middlesex County,,42.7263938517059,-71.287350357011164,1304025.9700000002,1822.5,2025-11-07T12:24:53.157036,patients.csv,422,false
8a69ae35-07ad-e093-0162-ad02d8e1e070,2000-05-05,None,999-11-2683,S99977121,X62564154X,Mr.,Dorsey40,Klein929,None,None,None,white,nonhispanic,M,Agawam  Massachusetts  US,776 Abbott Gateway,Duxbury,Massachusetts,Plymouth County,2332,42.005925806151282,-70.67406624160796,541817.305,20.234999999999928,2025-11-07T12:24:53.157036,patients.csv,328,false
94ef8874-f06c-ff83-553d-ef2427126c26,1938-10-20,1970-11-12,999-66-9248,S99958272,X89671255X,Mr.,Donnell534,Hills818,None,None,M,white,nonhispanic,M,Barre  Massachusetts  US,861 Schulist Mall,Duxbury,Massachusetts,Plymouth County,2332,42.02381070216363,-70.668850985343681,106588.2815,99337.3485,2025-11-07T12:24:53.157036,patients.csv,497,false
82493462-2eea-803b-7183-4e8b1b4ee8d9,1938-10-20,None,999-75-1531,S99975743,X80664603X,Mr.,Merrill415,Jones311,None,None,M,white,nonhispanic,M,Brookline  Massachusetts  US,806 Walsh Union Suite 13,Duxbury,Massachusetts,Plymouth County,,42.01071405248576,-70.735264381988429,329221.60100000014,227840.419,2025-11-07T12:24:53.157036,patients.csv,510,false
85f0a859-d272-8ed8-fea7-ff7a21d81887,1966-09-04,None,999-97-2246,S99984814,X78386932X,Mr.,Victor265,Carter549,None,None,M,black,nonhispanic,M,Weymouth  Massachusetts  US,851 Heller Avenue Unit 91,East Bridgewater,Massachusetts,Plymouth County,,41.991993621217411,-70.940395144129738,1382808.9500000002,13064.160000000002,2025-11-07T12:24:53.157036,patients.csv,752,false
be000965-b142-a7c8-8f14-ee3907609a55,1952-07-20,None,999-95-1511,S99994421,X25828210X,Mr.,Forrest301,Paucek755,None,None,M,white,nonhispanic,M,Boston  Massachusetts  US,232 Roberts Lock,East Dennis,Massachusetts,Barnstable County,2641,41.755647615191819,-70.146102616699977,1746438.8475,209184.61249999996,2025-11-07T12:24:53.157036,patients.csv,730,false
c2786fee-2b45-56cd-f36c-96ad2ce9ab01,1951-11-01,None,999-74-2353,S99941285,X45062570X,Mr.,Bernard308,Walsh511,None,None,M,white,nonhispanic,M,Fitchburg  Massachusetts  US,313 Zboncak Mission,Everett,Massachusetts,Middlesex County,,42.446603381640877,-71.043085626509964,2744802.4355,30073.834500000004,2025-11-07T12:24:53.157036,patients.csv,402,false
2af3a46e-757d-0544-452c-1231039f4a6b,1963-12-05,None,999-20-1427,S99993425,X21642505X,Mr.,Kenton313,Strosin214,None,None,M,asian,nonhispanic,M,Delhi  Delhi  IN,959 Fisher Frontage road,Everett,Massachusetts,Middlesex County,2148,42.407478726663591,-71.053573783993272,1470208.3500000003,2016.36,2025-11-07T12:24:53.157036,patients.csv,609,false
83373b44-7287-234f-a2d4-3462c703b64b,1974-10-09,None,999-10-9032,S99987188,X70924345X,Mr.,Duane703,Labadie908,None,None,M,white,nonhispanic,M,Milford  Massachusetts  US,252 Wisozk Dam,Everett,Massachusetts,Middlesex County,2149,42.359745246197512,-71.043991385035511,1084154.52,0,2025-11-07T12:24:53.157036,patients.csv,1049,false
c8448d6d-50cc-98e8-ceb0-7f7babf8c8c3,1970-01-14,None,999-81-4027,S99926054,X13456869X,Mr.,Luciano237,Bode78,None,None,M,white,nonhispanic,M,Braintree  Massachusetts  US,940 Murphy Tunnel Unit 39,Fairhaven,Massachusetts,Bristol County,,41.612382751496362,-70.864572329195823,1337134.3,10817.61,2025-11-07T12:24:53.157036,patients.csv,406,false
dee615ed-08f1-976e-1576-a2b2fd2dcfa0,1946-07-18,2014-02-26,999-98-6803,S99967248,X36658663X,Mr.,Mariano761,Metz686,None,None,M,white,nonhispanic,M,Boston  Massachusetts  US,950 Rogahn Spur,Fairhaven,Massachusetts,Bristol County,,41.611542031616757,-70.867904646479332,222412.842,237883.458,2025-11-07T12:24:53.157036,patients.csv,943,false
cfe18543-90e5-87d3-7ab3-f4cf60850cc1,1946-07-18,None,999-33-9812,S99942538,X54233582X,Mr.,Esteban536,Moore224,None,None,M,white,nonhispanic,M,Stoneham  Massachusetts  US,316 Veum Crossroad Unit 31,Fairhaven,Massachusetts,Bristol County,,41.614743868304494,-70.884376507169677,260317.4954999999,135289.4145,2025-11-07T12:24:53.157036,patients.csv,952,false
55c5b8d3-99d0-58ad-8444-e42bb81bd5c7,1941-12-04,None,999-66-7084,S99966939,X49125805X,Mr.,Jospeh459,Gerhold939,None,None,S,white,nonhispanic,M,Fitchburg  Massachusetts  US,161 Eichmann Grove Suite 84,Fall River,Massachusetts,Bristol County,2721,41.709201361681011,-71.02465430438798,12641788.6025,91344.6075,2025-11-07T12:24:53.157036,patients.csv,414,false
e0b4bd84-4df2-d30c-cd67-a9daee769602,1931-10-16,2005-03-17,999-99-4177,S99913575,X69113331X,Mr.,Olin642,Balistreri607,None,None,S,white,nonhispanic,M,Wakefield  Massachusetts  US,594 Rice Quay,Fall River,Massachusetts,Bristol County,2723,41.643931876418989,-71.1571245309487,1454948.9760000005,117080.624,2025-11-07T12:24:53.157036,patients.csv,663,false
50659146-2b4a-5091-ddc8-12d59f8da68c,1931-10-16,1985-06-06,999-78-6768,S99935709,X51464981X,Mr.,Josiah310,Trantow673,None,None,M,white,nonhispanic,M,Newbury  Massachusetts  US,636 Reichel Rapid Unit 33,Fall River,Massachusetts,Bristol County,2790,41.57876973001747,-71.060413703171832,93097.79,0,2025-11-07T12:24:53.157036,patients.csv,675,false
231d63a6-aaf9-7c0d-f452-3a79f112d880,1931-10-16,2014-05-13,999-24-1912,S99964397,X84738670X,Mr.,Antony83,McDermott739,None,None,M,white,nonhispanic,M,Springfield  Massachusetts  US,1059 Bernhard Arcade Apt 46,Fall River,Massachusetts,Bristol County,2790,41.703687193285184,-71.1649206818776,277558.002,65098.528000000006,2025-11-07T12:24:53.157036,patients.csv,689,false
f374b7ab-4d9b-c83b-ac48-7b10dcae1d12,1931-10-16,2016-09-11,999-91-7356,S99985119,X57619648X,Mr.,Darryl392,Collins926,None,None,M,white,nonhispanic,M,Attleboro  Massachusetts  US,575 Grant Green,Fall River,Massachusetts,Bristol County,2721,41.65600957070491,-71.175365718742228,135748.738,26035.032000000003,2025-11-07T12:24:53.157036,patients.csv,699,false
30d4add3-4d26-ab22-5a3d-53363f33332f,1931-10-16,1998-09-21,999-55-1214,S99977196,X27214667X,Mr.,Xavier983,Deckow585,None,None,S,white,nonhispanic,M,Lawrence  Massachusetts  US,604 Witting Pathway Apt 34,Fall River,Massachusetts,Bristol County,2790,41.679153434076511,-71.136077944334176,282432.458,37059.632000000005,2025-11-07T12:24:53.157036,patients.csv,711,false
a1c127d9-d31e-36b1-2a3e-3014be9bfdf0,1931-10-16,None,999-63-7777,S99943077,X54871643X,Mr.,Randal152,Herman763,None,None,S,white,nonhispanic,M,Harwich  Massachusetts  US,497 Schmeler Plaza,Fall River,Massachusetts,Bristol County,2790,41.706807030551786,-71.044703370007582,1356328.8779999998,207876.71200000009,2025-11-07T12:24:53.157036,patients.csv,740,false
34b1b3b3-73ce-1bc2-b26e-dce20c4f6cbc,1950-09-30,None,999-28-5628,S99963331,X69179845X,Mr.,Jerry654,Satterfield305,None,None,M,white,nonhispanic,M,Saugus  Massachusetts  US,230 Kub Hollow Apt 26,Fitchburg,Massachusetts,Worcester County,1420,42.544959995084042,-71.859772786183,1793639.1950000003,48734.935,2025-11-07T12:24:53.157036,patients.csv,127,false
498a12a7-d9bc-cee8-bd8e-0338c592f2d1,2001-03-23,None,999-13-2558,S99973304,X45804604X,Mr.,Lesley194,Towne435,None,None,None,white,nonhispanic,M,Leominster  Massachusetts  US,698 Bradtke Station,Forestdale,Massachusetts,Barnstable County,2644,41.719583976662172,-70.4620507828333,531979.0125,30.277499999999922,2025-11-07T12:24:53.157036,patients.csv,814,false
51b59c09-c5a3-9c00-9ff0-e18c05efe769,1979-02-14,None,999-38-7776,S99914229,X34167948X,Mr.,Carmen818,Gutkowski940,None,None,M,white,nonhispanic,M,Montgomery  Massachusetts  US,807 Ziemann Lock,Foxborough,Massachusetts,Norfolk County,,42.041985008417278,-71.248324447906825,1084557.2975,2914.8225,2025-11-07T12:24:53.157036,patients.csv,122,false
f2584626-5688-c47e-c8b2-f43a4134e837,1962-12-15,2017-11-01,999-12-9612,S99958485,X75763555X,Mr.,Carmine137,Schinner682,None,None,M,white,nonhispanic,M,Bedford  Massachusetts  US,226 Boyer Estate Unit 69,Foxborough,Massachusetts,Norfolk County,,42.034786809886327,-71.252865640019408,178573.95949999997,107425.2305,2025-11-07T12:24:53.157036,patients.csv,1088,false
68aa1bd6-c28a-73f5-ffab-c2a6cb0b7e99,1962-12-15,None,999-41-4998,S99919618,X9029026X,Mr.,Guillermo498,Wiegand701,None,None,M,white,nonhispanic,M,Cambridge  Massachusetts  US,695 Hagenes Estate Apt 42,Foxborough,Massachusetts,Norfolk County,2035,42.08740455294177,-71.235979036314831,180669.137,40073.603,2025-11-07T12:24:53.157036,patients.csv,1094,false
785e3f1f-b850-ab06-3f0e-39c860cf74fd,1993-01-07,None,999-18-4492,S99920989,X19247239X,Mr.,Justin359,Larson43,None,None,M,white,nonhispanic,M,Brookline  Massachusetts  US,1058 Cassin Estate Apt 21,Framingham,Massachusetts,Middlesex County,1701,42.307908793159079,-71.473791411464248,95881.0685,81150.301499999987,2025-11-07T12:24:53.157036,patients.csv,1073,false
683fc157-3f75-3396-c034-a3fb4ec710fe,1989-08-30,None,999-66-7811,S99952302,X76323945X,Mr.,Ian270,Ledner144,None,None,S,white,nonhispanic,M,Chicopee  Massachusetts  US,523 Hodkiewicz Camp Unit 29,Franklin,Massachusetts,Norfolk County,2038,42.079912136157482,-71.454901441711939,831869.47749999992,488.15249999999992,2025-11-07T12:24:53.157036,patients.csv,108,false
1293efbb-72dc-8b15-3bd6-916f96ed54f4,1959-10-18,None,999-73-1445,S99971978,X3223002X,Mr.,Chauncey770,Jones311,None,None,M,white,nonhispanic,M,Framingham  Massachusetts  US,786 Sipes Gate,Franklin,Massachusetts,Norfolk County,,42.1000243395544,-71.398279900126681,1535479.895,14816.295000000002,2025-11-07T12:24:53.157036,patients.csv,408,false
b8c195d4-0396-fb84-3aa2-57dd23ff5a23,1977-12-09,None,999-40-9663,S99955723,X30665475X,Mr.,Alexander630,Kovacek682,None,None,S,black,nonhispanic,M,Cambridge  Massachusetts  US,722 Bailey Harbor,Franklin,Massachusetts,Norfolk County,2038,42.069762150238553,-71.429689988254268,1104770.7675,1647.2624999999998,2025-11-07T12:24:53.157036,patients.csv,413,false
1405f86e-4660-8c8b-4876-a21c9487b179,1951-01-26,None,999-19-8700,S99932017,X60007113X,Mr.,Erin498,Schumm995,None,None,M,white,nonhispanic,M,Lowell  Massachusetts  US,130 Hane Station,Franklin,Massachusetts,Norfolk County,2038,42.087856203998228,-71.407709604662529,1712653.4850000008,9366.785,2025-11-07T12:24:53.157036,patients.csv,695,false
41862157-5c14-f706-4a94-d2929be969e7,1967-07-12,None,999-63-2407,S99976335,X68999803X,Mr.,Vance413,Jakubowski832,None,None,M,asian,nonhispanic,M,Brockton  Massachusetts  US,534 Strosin Corner,Gardner,Massachusetts,Worcester County,1440,42.604215363128304,-72.01324342997431,1028321.245,28607.505,2025-11-07T12:24:53.157036,patients.csv,1161,false
33c2ca32-ae38-66c5-474f-83273568906e,1955-10-25,None,999-85-9194,S99955746,X89300658X,Mr.,Franklyn361,Tromp100,None,None,M,white,hispanic,M,Westford  Massachusetts  US,394 Weissnat Meadow,Georgetown,Massachusetts,Essex County,,42.767251229794631,-71.024799186320934,1860937.735,52453.715,2025-11-07T12:24:53.157036,patients.csv,24,false
541cd3b1-d22b-3af8-f9f6-700d891df3ec,1992-02-07,None,999-37-1768,S99961555,X40720057X,Mr.,Lucius907,Abernathy524,None,None,M,white,nonhispanic,M,Holyoke  Massachusetts  US,315 Windler Extension Suite 43,Gloucester,Massachusetts,Essex County,1930,42.617002924953056,-70.637494805785934,794609.60000000009,931.38,2025-11-07T12:24:53.157036,patients.csv,1029,false
c6861ca8-bf6b-8912-57d6-68df88cbe481,1995-05-13,None,999-76-4741,S99916197,X21048924X,Mr.,Parker433,Hudson301,None,None,None,white,nonhispanic,M,Shrewsbury  Massachusetts  US,815 Hermann Course Suite 16,Granby,Massachusetts,Hampshire County,1033,42.2712989217577,-72.466553658016,670467.10999999987,1214.37,2025-11-07T12:24:53.157036,patients.csv,486,false
407ef75b-0a9c-ec23-60e5-c90ba86e27af,1952-10-28,None,999-92-6496,S99983411,X56952612X,Mr.,Brice635,Stark857,None,None,M,white,nonhispanic,M,Boston  Massachusetts  US,360 Farrell Bridge Suite 94,Greenfield,Massachusetts,Franklin County,,42.624243707253967,-72.6006362884395,1762864.6550000005,8470.185,2025-11-07T12:24:53.157036,patients.csv,454,false
70127d90-3c3f-6833-d770-2a86da5c3622,1961-08-11,None,999-46-4853,S99943253,X27209754X,Mr.,Rod343,Franecki195,None,None,M,black,nonhispanic,M,Lanesborough  Massachusetts  US,569 Cole Club,Halifax,Massachusetts,Plymouth County,,42.00078922454265,-70.881676731800752,192085.6015,116006.42849999998,2025-11-07T12:24:53.157036,patients.csv,1095,false
a376547d-1986-deaf-47cf-746bf9ca2165,1951-09-21,None,999-56-9822,S99986759,X8003943X,Mr.,Miguel815,Schneider199,None,None,M,white,nonhispanic,M,Taunton  Massachusetts  US,497 Farrell Ramp,Hampden,Massachusetts,Hampden County,,42.032351483050839,-72.399642970141215,1861630.6825,38604.867500000008,2025-11-07T12:24:53.157036,patients.csv,898,false
2c293700-fabf-3c0c-8d1a-67cd127dcb12,1926-11-12,2008-05-25,999-26-8515,S99925640,X37722027X,Mr.,Graham902,Willms744,None,None,M,asian,nonhispanic,M,Springfield  Massachusetts  US,1060 O'Keefe Estate Apt 76,Harwich,Massachusetts,Barnstable County,,41.726373051051787,-70.083939005745,1990304.0760000004,319024.02400000003,2025-11-07T12:24:53.157036,patients.csv,644,false
ab551306-3d73-765f-6c2a-95ddfb17f969,1926-11-12,1988-09-24,999-63-1565,S99961623,X16943587X,Mr.,Alonso270,Bahringer146,None,None,M,asian,nonhispanic,M,Seekonk  Massachusetts  US,1057 Pfeffer Trail,Harwich,Massachusetts,Barnstable County,,41.703137503541591,-70.048060996261967,1584732.7550000004,18041.205,2025-11-07T12:24:53.157036,patients.csv,656,false
0142b69f-57f0-9a08-4e2d-65a2b77fdea7,1926-11-12,1991-06-20,999-19-2079,S99916078,X76058030X,Mr.,Ralph813,Kuhlman484,None,None,M,asian,nonhispanic,M,Braintree  Massachusetts  US,492 Prosacco Dale Apt 7,Harwich,Massachusetts,Barnstable County,,41.708521453593818,-70.05262069655609,1648503.85,26034.63,2025-11-07T12:24:53.157036,patients.csv,664,false
d9bde0cc-3ea9-5329-2da3-1d9c3adbd86a,1926-11-12,None,999-28-5290,S99916542,X88662751X,Mr.,Boyd728,Gleichner915,None,None,S,asian,nonhispanic,M,Worcester  Massachusetts  US,191 Wolf Divide,Harwich,Massachusetts,Barnstable County,,41.671101804790162,-70.0783969180688,2251936.364,144529.63600000009,2025-11-07T12:24:53.157036,patients.csv,681,false
d7b59f8c-fe04-46a1-de11-1ca3bd0d58e9,1998-11-24,None,999-69-5975,S99927441,X55184932X,Mr.,Tad831,Pagac496,None,None,None,black,nonhispanic,M,Dedham  Massachusetts  US,934 Runolfsson Village Unit 4,Hatfield,Massachusetts,Hampshire County,1038,42.352123953074518,-72.601797288157911,568422.6475,940.3724999999996,2025-11-07T12:24:53.157036,patients.csv,95,false
4898f210-0f92-d5f8-0b8f-29c0899b69db,1983-04-09,None,999-11-1326,S99993912,X4154771X,Mr.,Herbert830,Pouros728,None,None,M,white,hispanic,M,Braintree  Massachusetts  US,1046 Stamm Quay,Hatfield,Massachusetts,Hampshire County,,42.411488911275057,-72.587208557045656,913136.05,3720.93,2025-11-07T12:24:53.157036,patients.csv,124,false
d868e198-8ebe-2338-5691-4c1de3421c65,1966-10-11,None,999-92-6622,S99958959,X10830423X,Mr.,Leonardo412,Effertz744,None,None,M,white,nonhispanic,M,Rochester  Massachusetts  US,229 McDermott Dam Suite 90,Haverhill,Massachusetts,Essex County,1832,42.758732820307394,-71.104884999214448,183181.04399999997,143279.83599999995,2025-11-07T12:24:53.157036,patients.csv,489,false
c628b9c2-31de-fd80-f913-2e9ad36393a9,1978-08-13,None,999-10-2560,S99988786,X41627514X,Mr.,Lemuel304,Lueilwitz711,None,None,M,white,nonhispanic,M,Monument Beach  Massachusetts  US,749 Denesik Way Suite 58,Haverhill,Massachusetts,Essex County,,42.775076893034289,-71.055667562082832,1061826.375,16851.675,2025-11-07T12:24:53.157036,patients.csv,537,false
b48ab7a7-cdd4-7604-c9e3-9a873e905359,1937-11-04,None,999-57-8621,S99934487,X74275556X,Mr.,Vaughn909,Crooks415,None,None,M,white,nonhispanic,M,Palmer  Massachusetts  US,478 Miller Bridge Apt 0,Haverhill,Massachusetts,Essex County,1830,42.733577953591137,-71.125459755809842,2198977.4794999994,65703.4905,2025-11-07T12:24:53.157036,patients.csv,601,false
1a0e1e20-e88e-6f88-032e-3e1c9793b6a7,1989-09-19,None,999-43-7786,S99984626,X57677088X,Mr.,Wendell199,Haag279,None,None,M,white,nonhispanic,M,Essex  Massachusetts  US,841 Borer Wynd Apt 74,Haverhill,Massachusetts,Essex County,,42.81168047252811,-71.133677364117474,1104134.173,201436.727,2025-11-07T12:24:53.157036,patients.csv,856,false
05a464a6-172a-3ad5-f4df-6a73ce4ad12e,1956-10-12,None,999-71-4347,S99932399,X49345020X,Mr.,Otis335,Koelpin146,MD,None,M,white,nonhispanic,M,Billerica  Massachusetts  US,727 Kassulke Green,Haverhill,Massachusetts,Essex County,1835,42.756286442646548,-71.089258225113241,1648834.4550000003,1131.4649999999997,2025-11-07T12:24:53.157036,patients.csv,979,false
3beee40e-512b-420f-38a3-28e56cddbc9b,1952-07-28,None,999-52-7932,S99926912,X71606156X,Mr.,Lou594,Crooks415,None,None,M,white,nonhispanic,M,Leicester  Massachusetts  US,581 Kassulke Trailer Unit 64,Heath,Massachusetts,Franklin County,,42.67644394305519,-72.8180838959979,2412845.779000001,36652.171,2025-11-07T12:24:53.157036,patients.csv,110,false
75fbfb0d-f51b-d3b3-c1a4-9357e412b447,1979-02-28,None,999-49-8372,S99966060,X60114134X,Mr.,Israel728,Oberbrunner298,None,None,M,white,nonhispanic,M,Springfield  Massachusetts  US,797 D'Amore Ferry Unit 98,Hingham,Massachusetts,Plymouth County,,42.193919768360622,-70.840664510898677,1107528.44,487.35,2025-11-07T12:24:53.157036,patients.csv,148,false
0afb59a5-12cb-3b6a-eead-3a72d24fb678,1980-12-05,None,999-49-6212,S99937895,X21978831X,Mr.,Hershel911,Lang846,MD,None,S,white,nonhispanic,M,Webster  Massachusetts  US,976 Abernathy Fort Unit 80,Holbrook,Massachusetts,Norfolk County,2343,42.2004542432617,-71.050238641442832,1034683.7574999998,158.06249999999986,2025-11-07T12:24:53.157036,patients.csv,44,false
2c622c62-af49-25e3-4f67-3ab19a455bb2,1989-03-17,None,999-89-8759,S99933732,X8346299X,Mr.,Isaac321,Marks830,None,None,S,white,nonhispanic,M,Norwood  Massachusetts  US,343 Kerluke Trafficway Suite 44,Holliston,Massachusetts,Middlesex County,,42.199159147598039,-71.476679346811508,823347.17749999987,129.32249999999996,2025-11-07T12:24:53.157036,patients.csv,252,false
d31bde96-deb4-7a7b-7a10-8a06cd0c3472,1999-04-05,None,999-98-7968,S99915137,X52246855X,Mr.,Reyes140,Witting912,None,None,None,asian,nonhispanic,M,East Longmeadow  Massachusetts  US,846 Reichel Fork,Hudson,Massachusetts,Middlesex County,,42.396961078394646,-71.550828454164375,561750.8,2922.2700000000004,2025-11-07T12:24:53.157036,patients.csv,427,false
459f6a66-b392-60b2-5164-cf29d3be444e,1985-11-30,None,999-57-9670,S99913539,X20425055X,Mr.,Earle679,Balistreri607,None,None,M,white,nonhispanic,M,Concord  Massachusetts  US,107 Nienow Manor Suite 91,Hudson,Massachusetts,Middlesex County,,42.389633622885228,-71.517898785170161,878170.6675,1189.9125,2025-11-07T12:24:53.157036,patients.csv,460,false
1d751b54-8ff3-4fe6-91df-751a230c94d7,1996-01-11,None,999-11-1093,S99919782,X70124016X,Mr.,Stanford577,Stracke611,None,None,None,white,nonhispanic,M,Berlin  Berlin  DE,384 Rodriguez Station,Hudson,Massachusetts,Middlesex County,1749,42.389987050012643,-71.530884420971873,714863.7825,20.137499999999928,2025-11-07T12:24:53.157036,patients.csv,894,false
20ea49a4-8c7e-5df6-b505-d00366fb774a,1965-12-07,None,999-55-7372,S99965293,X88272581X,Mr.,Isaac321,Davis923,None,None,M,white,nonhispanic,M,Waltham  Massachusetts  US,1022 Rice Highlands Apt 24,Kingston,Massachusetts,Plymouth County,2364,42.025395026894209,-70.771427651760362,2145428.465,15836.535000000002,2025-11-07T12:24:53.157036,patients.csv,885,false
88d520e7-276e-65c7-1b5b-354aa27f2358,2003-08-06,None,999-65-3260,S99943561,None,Mr.,Stevie682,Wolff180,None,None,None,white,hispanic,M,Weymouth  Massachusetts  US,747 Schultz Wynd,Lakeville,Massachusetts,Plymouth County,,41.842069106540748,-70.911022761117451,1122972.4149999998,164771.62500000003,2025-11-07T12:24:53.157036,patients.csv,334,false
09faca51-f561-cdc3-e524-a1d682f19258,1965-02-26,None,999-78-7307,S99998859,X45311661X,Mr.,Brendan864,Grady603,None,None,M,white,nonhispanic,M,Lowell  Massachusetts  US,358 Homenick Orchard,Lakeville,Massachusetts,Plymouth County,,41.791590284159874,-70.972637536801074,2221482.6100000008,5205.27,2025-11-07T12:24:53.157036,patients.csv,480,false
d6ace85c-86db-1675-b131-1409fd859ede,1963-07-01,None,999-92-2396,S99934696,X36076561X,Mr.,Boyce638,Olson653,None,None,M,white,nonhispanic,M,Haverhill  Massachusetts  US,486 Emard Promenade,Lakeville,Massachusetts,Plymouth County,,41.790470942594169,-70.920023693852258,1450874.46,3488.0999999999995,2025-11-07T12:24:53.157036,patients.csv,1032,false
7378ba81-94b8-baa9-93d0-bf7d25af0048,1976-06-30,None,999-32-4040,S99929350,X30184682X,Mr.,Nick779,Botsford977,None,None,M,hawaiian,hispanic,M,Salem  Massachusetts  US,321 Marquardt Parade,Lancaster,Massachusetts,Worcester County,,42.521784561941082,-71.713072190125274,1153357.285,3548.415,2025-11-07T12:24:53.157036,patients.csv,128,false
ee1a72db-aa92-9377-48fa-f7d9f1f8443b,1974-03-27,None,999-77-5034,S99948404,X55898106X,Mr.,Chung121,Stoltenberg489,None,None,M,black,nonhispanic,M,Arlington  Massachusetts  US,868 Waters Knoll Suite 25,Lancaster,Massachusetts,Worcester County,,42.495739968206045,-71.720378128020769,1970148.7175,4196.3325,2025-11-07T12:24:53.157036,patients.csv,975,false
1ea40a05-c295-8b66-66a2-fda3bc1ed13f,1960-05-25,None,999-91-1294,S99925900,X26839448X,Mr.,Brock407,Paucek755,None,None,M,white,nonhispanic,M,Agawam  Massachusetts  US,979 Jacobi Club Apt 30,Lawrence,Massachusetts,Essex County,1840,42.701798147678979,-71.172883783606224,1153016.49,2895.3299999999995,2025-11-07T12:24:53.157036,patients.csv,496,false
d19face0-6272-fbfb-7882-7745c0a86eb5,1970-12-12,None,999-83-2774,S99948713,X74344944X,Mr.,Carl856,Kunze215,None,None,M,white,nonhispanic,M,Marshfield  Massachusetts  US,596 Flatley Ranch Unit 93,Lawrence,Massachusetts,Essex County,1841,42.664949920541446,-71.158245238094636,1224536.0275,11048.5725,2025-11-07T12:24:53.157036,patients.csv,534,false
e2826a33-214c-e2c9-d2a3-1a14203ff1b5,1973-12-05,None,999-22-6207,S99914581,X80722427X,Mr.,Esteban536,Mitchell808,None,None,M,native,nonhispanic,M,Southwick  Massachusetts  US,560 Douglas Ferry Suite 17,Lawrence,Massachusetts,Essex County,1840,42.743529597750417,-71.140767615563533,1197662.475,3622.5449999999992,2025-11-07T12:24:53.157036,patients.csv,629,false
3a364909-94ec-e0c4-0156-8a2e15fa354e,1961-08-10,None,999-32-6662,S99943606,X68078082X,Mr.,German382,Trantow673,None,None,M,other,nonhispanic,M,East Brookfield  Massachusetts  US,1078 Dibbert Rue,Leominster,Massachusetts,Worcester County,,42.512921249686109,-71.7450508732987,1514622.2924999995,6112.0875,2025-11-07T12:24:53.157036,patients.csv,386,false
747405cb-2f91-e54a-c123-55f4e9edfc4c,1977-04-05,None,999-83-5294,S99985936,X76465580X,Mr.,Troy560,Jerde200,None,None,M,asian,nonhispanic,M,New Bedford  Massachusetts  US,352 Blanda Promenade Apt 28,Leominster,Massachusetts,Worcester County,1453,42.5026362642785,-71.806556806749,1074074.7075,10614.8925,2025-11-07T12:24:53.157036,patients.csv,531,false
b34c8073-3e54-6f3a-42c0-914b6cbcc3a2,1960-03-30,2008-07-02,999-92-2100,S99987793,X71929579X,Mr.,Eddie505,Beier427,None,None,M,white,nonhispanic,M,Leominster  Massachusetts  US,872 Herzog Esplanade Unit 90,Leominster,Massachusetts,Worcester County,1420,42.540813444923742,-71.8034689437363,1177263.5225000002,37824.3375,2025-11-07T12:24:53.157036,patients.csv,902,false
0f3fd5c2-7b2c-c3a7-a8da-9598c37470e2,1960-03-30,2021-08-05,999-50-5690,S99939728,X35462142X,Mr.,Kelley882,Lockman863,None,None,M,white,nonhispanic,M,Lowell  Massachusetts  US,205 Larkin Fort Apt 15,Leominster,Massachusetts,Worcester County,1453,42.520337755404832,-71.790641187442091,1626747.2075000007,35679.5625,2025-11-07T12:24:53.157036,patients.csv,909,false
342ba36d-53c8-1154-3876-fe69bf5e8225,1960-03-30,None,999-15-4286,S99979342,X64817457X,Mr.,Jayson808,Ryan260,None,None,S,white,nonhispanic,M,Quincy  Massachusetts  US,1025 Gerhold Street Unit 93,Leominster,Massachusetts,Worcester County,1453,42.510057049876906,-71.818891686373533,2286319.1975000012,2877.7725,2025-11-07T12:24:53.157036,patients.csv,920,false
fc8dfe9b-047b-4457-610f-75aff8e51692,1999-09-07,None,999-56-1614,S99956145,X61114999X,Mr.,Colin861,Barrows492,None,None,None,white,nonhispanic,M,Cambridge  Massachusetts  US,886 Rutherford Wynd Suite 40,Leverett,Massachusetts,Franklin County,,42.502386085810514,-72.460624812102381,540841.81,7040.31,2025-11-07T12:24:53.157036,patients.csv,465,false
5e9978a5-08e4-7fe9-9937-6a53179eb243,1981-10-07,None,999-78-8576,S99912106,X43825427X,Mr.,Lonnie913,Kuhlman484,None,None,S,white,nonhispanic,M,Tyngsborough  Massachusetts  US,916 Trantow Approach Apt 29,Leverett,Massachusetts,Franklin County,,42.517237764243816,-72.47400486756267,976021.715,3921.825,2025-11-07T12:24:53.157036,patients.csv,1061,false
c1075300-aae7-596d-df5a-c944d763a663,1913-07-15,None,999-11-6693,S99987926,X38948081X,Mr.,Zachariah133,Bergstrom287,None,None,S,white,nonhispanic,M,Belchertown  Massachusetts  US,700 Rohan Course,Lexington,Massachusetts,Middlesex County,,42.415029990454144,-71.253116014936154,2578249.1225,237079.67750000005,2025-11-07T12:24:53.157036,patients.csv,662,false
e51b6686-8e11-03a1-9699-ae0ecfde0bb6,1962-05-15,None,999-61-6972,S99949329,X71350276X,Mr.,Barton704,Breitenberg711,None,None,M,white,nonhispanic,M,Stoughton  Massachusetts  US,918 Huel Heights Unit 57,Littleton,Massachusetts,Middlesex County,,42.55888990542779,-71.47279528120751,1819075.5375000003,57626.5425,2025-11-07T12:24:53.157036,patients.csv,682,false
8471f747-3d66-ed9b-9b34-277ca99303d2,1979-10-27,None,999-26-5843,S99941986,X52537876X,Mr.,Hugo693,Quiñónez764,None,None,M,white,hispanic,M,Marigot  Saint Andrew Parish  DM,210 Murray Route Suite 42,Longmeadow,Massachusetts,Hampden County,1106,42.025424073331429,-72.589697265946924,1032495.6924999998,2607.3375,2025-11-07T12:24:53.157036,patients.csv,1007,false
81271fc1-f27b-4a6a-49ca-f8d0ba9a55fb,1980-04-04,None,999-92-6357,S99976512,X18262071X,Mr.,Lavern240,Gerlach374,None,None,M,white,nonhispanic,M,Boston  Massachusetts  US,736 Bernhard Neck Unit 88,Lowell,Massachusetts,Middlesex County,1852,42.664960576395117,-71.348484344302392,1039098.9225000002,17297.857500000002,2025-11-07T12:24:53.157036,patients.csv,934,false
fdacb252-9528-be09-c6c6-ac9efee10380,1944-12-16,None,999-42-2381,S99984753,X19397881X,Mr.,Caleb651,Nienow652,None,None,S,white,nonhispanic,M,Leicester  Massachusetts  US,844 Schneider Spur,Lowell,Massachusetts,Middlesex County,1851,42.660773419932575,-71.348578324333289,2032543.594,151726.056,2025-11-07T12:24:53.157036,patients.csv,1140,false
29b21635-3f05-3634-1941-4122fb2471ce,1987-09-21,None,999-85-3058,S99937571,X86464210X,Mr.,Marty115,Nader710,None,None,M,white,hispanic,M,Westborough  Massachusetts  US,530 Gaylord Knoll Suite 45,Ludlow,Massachusetts,Hampden County,,42.233190526844957,-72.430313285247976,867371.48249999993,2932.2075,2025-11-07T12:24:53.157036,patients.csv,474,false
9a632ddc-b352-6dd7-0fb3-916fde80c9a3,1989-02-22,None,999-66-5814,S99917255,X27930221X,Mr.,Shaun461,Dickens475,None,None,M,white,hispanic,M,Swampscott  Massachusetts  US,484 Bernier Orchard,Lunenburg,Massachusetts,Worcester County,,42.564948116857273,-71.7107186760784,797287.09000000008,2312.82,2025-11-07T12:24:53.157036,patients.csv,31,false
5b2f8ddd-408a-884c-00e9-047b13e6cc45,1999-07-06,None,999-71-4100,S99988351,X19730009X,Mr.,Refugio197,Ratke343,None,None,None,white,nonhispanic,M,Lowell  Massachusetts  US,692 Lakin View Unit 66,Lynn,Massachusetts,Essex County,1901,42.435875929814685,-70.993434876578718,659431.81,31019.67,2025-11-07T12:24:53.157036,patients.csv,53,false
9e84e569-7adc-ff42-ccdb-9fe9c23842a6,1945-11-04,None,999-92-3898,S99988486,X72768860X,Mr.,Armando772,Hilll811,None,None,M,white,nonhispanic,M,Boston  Massachusetts  US,397 Rodriguez Promenade Suite 93,Lynn,Massachusetts,Essex County,1902,42.437840386134191,-71.019895181588979,1991590.1935000003,746653.66649999993,2025-11-07T12:24:53.157036,patients.csv,111,false
02b1604a-1bad-bc6f-5b72-d219ecd8f7f4,1960-06-24,None,999-36-5754,S99924315,X45814294X,Mr.,Tanner110,Hoeger474,None,None,M,black,nonhispanic,M,Marblehead  Massachusetts  US,615 Kulas Trailer,Lynn,Massachusetts,Essex County,1907,42.453624885856748,-70.995202242049686,1485437.3975000009,13338.5325,2025-11-07T12:24:53.157036,patients.csv,289,false
1274aab1-2191-3796-dd29-d1f7f919d63c,1960-08-21,2019-04-21,999-38-5329,S99965498,X89851091X,Mr.,Elwood28,Lindgren255,None,None,M,white,nonhispanic,M,Chelsea  Massachusetts  US,985 Walsh Trace,Lynn,Massachusetts,Essex County,1901,42.49464627522304,-70.981264824249152,1681101.645,58469.565,2025-11-07T12:24:53.157036,patients.csv,941,false
20553b9e-2375-883a-0d5c-ba8ff4eceb1c,1960-08-21,None,999-49-8102,S99920076,X69263274X,Mr.,Miquel905,Hettinger594,None,None,S,white,nonhispanic,M,North Scituate  Massachusetts  US,141 Herman Parade Suite 48,Lynn,Massachusetts,Essex County,1940,42.488969109950645,-70.9983648586782,1511611.9075000009,525.47249999999985,2025-11-07T12:24:53.157036,patients.csv,948,false
0f14bd45-9faa-6216-31b1-d46e7f73d4fe,1970-03-15,None,999-17-7415,S99983253,X41264183X,Mr.,Aurelio227,Wehner319,None,None,M,white,nonhispanic,M,Franklin  Massachusetts  US,480 Keeling Gardens Unit 16,Lynn,Massachusetts,Essex County,1902,42.439228227928105,-70.936294107417922,1386164.3924999996,4276.0575,2025-11-07T12:24:53.157036,patients.csv,951,false
b24f84f8-7adf-2b2e-dfb3-1c1c466d0a74,2002-04-24,None,999-98-9613,S99937284,None,Mr.,Barney639,Ledner144,None,None,None,white,nonhispanic,M,Sharon  Massachusetts  US,667 Terry Heights,Lynn,Massachusetts,Essex County,1902,42.523433675145363,-71.029053403008078,491653.11,493.35,2025-11-07T12:24:53.157036,patients.csv,1023,false
98ec589f-fec6-99ea-8c69-4df45c0b3a77,1971-08-10,None,999-93-7640,S99994334,X25119407X,Mr.,Brice635,Ferry570,None,None,M,white,nonhispanic,M,Williamstown  Massachusetts  US,229 Hauck Meadow,Malden,Massachusetts,Middlesex County,,42.4692429796388,-71.066528576485354,1455497.0625,1222.8074999999997,2025-11-07T12:24:53.157036,patients.csv,911,false
4f9e0bb9-3c3f-8c77-cabb-bca40c16fbf7,1997-05-29,None,999-75-4226,S99917751,X77476141X,Mr.,Abel832,Bauch723,None,None,None,white,nonhispanic,M,Melrose  Massachusetts  US,1067 Stroman Skyway Suite 48,Malden,Massachusetts,Middlesex County,2148,42.425861144845967,-71.018209986635966,215841.2125,382.3575,2025-11-07T12:24:53.157036,patients.csv,1121,false
23436e20-0eca-9c61-472c-6f03ec5bef26,1988-07-19,None,999-42-1387,S99975273,X45028560X,Mr.,Chris95,Gislason620,None,None,S,white,nonhispanic,M,Brockton  Massachusetts  US,355 Kilback Boulevard,Mansfield,Massachusetts,Bristol County,,41.992759362346483,-71.1857337149296,1639312.7149999996,2620.665,2025-11-07T12:24:53.157036,patients.csv,145,false
1f06f787-61cd-dd2d-a6b2-347507100f10,1974-07-07,None,999-39-9348,S99925093,X30136080X,Mr.,Noel608,Quigley282,None,None,S,white,nonhispanic,M,Williamstown  Massachusetts  US,706 Baumbach Terrace,Mansfield Center,Massachusetts,Bristol County,,42.068614463979593,-71.18331512546456,1028714.0024999998,2114.4975,2025-11-07T12:24:53.157036,patients.csv,371,false
b39931a4-6a56-6b7d-5845-1fe6ea3540ed,1993-02-27,None,999-72-4904,S99917193,X15174475X,Mr.,Miguel815,Krajcik437,None,None,M,white,nonhispanic,M,Watertown  Massachusetts  US,156 Bergnaum Lane Unit 60,Marblehead,Massachusetts,Essex County,1945,42.550598380753222,-70.82099399221957,701126.87,0,2025-11-07T12:24:53.157036,patients.csv,1065,false
db2bac5f-730a-7f2a-a600-50d75bdf16c8,1958-11-07,1997-09-05,999-87-1009,S99944526,X14672113X,Mr.,Rich940,Armstrong51,None,None,M,asian,nonhispanic,M,Saugus  Massachusetts  US,245 Wiza Ferry,Marblehead,Massachusetts,Essex County,1945,42.484306043328047,-70.863115446391944,1010733.3925,42693.9375,2025-11-07T12:24:53.157036,patients.csv,1158,false
cb1b2c74-d1c5-997c-6f8b-20ca9f332eef,1958-11-07,None,999-17-1411,S99963285,X2822177X,Mr.,Haywood675,Schroeder447,None,None,M,asian,nonhispanic,M,Peabody  Massachusetts  US,707 Heathcote Wall Suite 15,Marblehead,Massachusetts,Essex County,,42.466700305185277,-70.903323261087067,1548720.9700000002,217.10999999999996,2025-11-07T12:24:53.157036,patients.csv,1163,false
07a1f80c-f4e2-8e91-5913-270fc6afa25d,1956-09-24,None,999-75-9370,S99954596,X18943493X,Mr.,Kenton313,Lowe577,None,None,M,white,nonhispanic,M,Mansfield Center  Massachusetts  US,534 Robel Heights,Marlborough,Massachusetts,Middlesex County,1752,42.311687094817295,-71.530984596960636,1741022.0325000009,6291.1275,2025-11-07T12:24:53.157036,patients.csv,468,false
c7b4f895-36c5-9c73-4e5c-5b9a10cab889,1958-11-18,None,999-37-1039,S99921933,X53855452X,Mr.,Carey440,Crist667,None,None,M,white,nonhispanic,M,Somerset  Massachusetts  US,375 Hauck Path,Marlborough,Massachusetts,Middlesex County,1752,42.386169258735869,-71.5923531757509,1586257.8375000004,8717.1225,2025-11-07T12:24:53.157036,patients.csv,784,false
49ad5c5c-a6b4-ab0f-8ed9-fe107000d511,1996-12-31,None,999-72-1799,S99937485,X62107209X,Mr.,Paris331,West559,None,None,None,black,nonhispanic,M,Chelmsford  Massachusetts  US,915 Funk Vista Apt 27,Marshfield,Massachusetts,Plymouth County,,42.155382581592967,-70.693166420360058,625259.94000000006,0,2025-11-07T12:24:53.157036,patients.csv,565,false
546ab430-0ad8-54a3-9247-85caadb762d1,1939-04-03,None,999-85-3209,S99972145,X4730123X,Mr.,Mitchell808,Harber290,None,None,S,other,nonhispanic,M,Riyadh  Riyadh  SA,781 Fay Passage Apt 85,Mashpee,Massachusetts,Barnstable County,,41.662367491750736,-70.495330339749145,341748.36750000005,547168.98249999981,2025-11-07T12:24:53.157036,patients.csv,890,false
d53c57a5-4480-2481-32ee-b2844a991c9d,1948-07-28,None,999-37-8036,S99939062,X79037907X,Mr.,Cody889,Hilll811,None,None,M,white,nonhispanic,M,Stoneham  Massachusetts  US,568 Ryan Stravenue,Mashpee,Massachusetts,Barnstable County,,41.5777040132214,-70.507459935054186,263880.10799999989,155042.05200000005,2025-11-07T12:24:53.157036,patients.csv,1162,false
8761af66-90ad-7f7d-2102-58b767495473,1991-06-21,None,999-65-6080,S99986136,X63302614X,Mr.,Jack927,Barton704,None,None,S,white,nonhispanic,M,Boston  Massachusetts  US,156 Haley Manor Unit 66,Medford,Massachusetts,Middlesex County,,42.461856001371778,-71.069374811742222,760228.9025,3786.1574999999993,2025-11-07T12:24:53.157036,patients.csv,63,false
0b43ab26-950f-0680-3c41-f0db599d643d,1987-10-01,None,999-48-7624,S99931271,X54854257X,Mr.,Shaun461,Franecki195,None,None,S,white,nonhispanic,M,Quincy  Massachusetts  US,821 Koelpin Boulevard Suite 36,Medford,Massachusetts,Middlesex County,2155,42.4666209506772,-71.116183259436184,858362.45499999984,1194.8549999999998,2025-11-07T12:24:53.157036,patients.csv,324,false
1fe3dce8-51b2-98ed-751e-dd8f64a48fb7,1976-04-15,None,999-67-4107,S99944410,X15086099X,Mr.,Martin117,Raynor401,None,None,M,white,nonhispanic,M,Amherst Center  Massachusetts  US,515 Cormier Village,Melrose,Massachusetts,Middlesex County,,42.445109709271854,-71.067865932164068,1074784.2799999996,204.38999999999987,2025-11-07T12:24:53.157036,patients.csv,353,false
0749ff0b-23c0-f210-932f-9f603ea64724,1976-08-23,None,999-81-5732,S99913244,X76965090X,Mr.,Hank686,Reichert620,None,None,M,asian,nonhispanic,M,Hong Kong  Hong Kong Special Administrative Region  CN,783 Wehner Camp Unit 45,Melrose,Massachusetts,Middlesex County,,42.465672899430189,-71.069190765659982,1121188.4325,20.137499999999928,2025-11-07T12:24:53.157036,patients.csv,899,false
87daa935-0fc8-61cf-9e00-b8540c292903,1959-11-17,None,999-51-1827,S99983576,X60001847X,Mr.,Collin529,Becker968,None,None,S,white,nonhispanic,M,Cambridge  Massachusetts  US,727 O'Kon Green Suite 87,Methuen,Massachusetts,Essex County,1844,42.723988663729791,-71.1614110031373,1387814.2325000006,1236.5474999999997,2025-11-07T12:24:53.157036,patients.csv,72,false
289f0cd9-e5d2-d575-b227-51874433bb33,1970-10-24,1995-11-07,999-62-6022,S99996313,X41106137X,Mr.,Eugenio846,Emard19,None,None,None,white,nonhispanic,M,North Andover  Massachusetts  US,363 Harvey Alley,Methuen,Massachusetts,Essex County,,42.740548358477689,-71.167124359560475,663519.2425,3166.6275,2025-11-07T12:24:53.157036,patients.csv,99,false
41ba25b8-f5ca-3bce-c26f-64b5ce13e525,1970-10-24,None,999-59-7838,S99940185,X66933335X,Mr.,Lucius907,Gerlach374,None,None,M,white,nonhispanic,M,Foxborough  Massachusetts  US,665 Harris Highlands Apt 47,Methuen,Massachusetts,Essex County,1844,42.698263953971733,-71.179652950129523,2098081.865,2123.955,2025-11-07T12:24:53.157036,patients.csv,107,false
a57b5df9-090b-3367-e302-89f6c9660923,1994-05-01,None,999-40-4854,S99964726,X29058973X,Mr.,Andrea7,Champlin946,None,None,M,hawaiian,nonhispanic,M,Raynham  Massachusetts  US,435 Gleason Rue Unit 21,Methuen,Massachusetts,Essex County,,42.749493052378092,-71.209096295317238,86829.430499999988,29629.1795,2025-11-07T12:24:53.157036,patients.csv,322,false
90a958eb-68a4-aa61-85e0-e9f20b083d94,1964-09-28,None,999-16-2458,S99951880,X44853988X,Mr.,Calvin845,Schiller186,None,None,M,white,nonhispanic,M,Lawrence  Massachusetts  US,932 Dickens Gateway Apt 52,Methuen,Massachusetts,Essex County,,42.75069613414535,-71.182275312948519,1460661.015,1639.185,2025-11-07T12:24:53.157036,patients.csv,463,false
d4289911-f875-7766-81d9-11b00b97f1a6,1973-12-10,None,999-65-4967,S99982069,X46935788X,Mr.,Mathew182,Jacobs452,None,None,S,white,nonhispanic,M,Barnstable  Massachusetts  US,371 Hand Neck Apt 56,Methuen,Massachusetts,Essex County,1844,42.783270394686781,-71.145132705390921,1182416.275,1057.215,2025-11-07T12:24:53.157036,patients.csv,710,false
96ed58ec-c61b-5357-87c0-908aa80319bc,1937-03-27,2012-10-12,999-83-9166,S99992944,X22613538X,Mr.,Pablo44,Zemlak964,None,None,M,white,nonhispanic,M,Westfield  Massachusetts  US,271 Zulauf Plaza Suite 72,Middleborough,Massachusetts,Plymouth County,,41.88781009766597,-70.823627868094874,1926910.3485000003,102309.8515,2025-11-07T12:24:53.157036,patients.csv,1135,false
cce90058-f5c7-79b8-1d70-aa6825e6089c,1937-03-27,None,999-39-3351,S99972831,X11818655X,Mr.,Jackson413,Veum823,None,None,M,white,nonhispanic,M,Swampscott  Massachusetts  US,791 Kuvalis Crossing Apt 66,Middleborough,Massachusetts,Plymouth County,,41.835431331771055,-70.847528261754363,2149445.4340000004,135740.00600000002,2025-11-07T12:24:53.157036,patients.csv,1152,false
2a98d763-bdbc-f524-31b7-23712dc08894,1971-01-03,None,999-98-3790,S99979253,X20559703X,Mr.,Maxwell782,Littel644,None,None,M,asian,nonhispanic,M,Chatham  Massachusetts  US,478 Williamson Manor Apt 67,Middleborough Center,Massachusetts,Plymouth County,,41.846022140699766,-70.889084718801939,2102369.912500001,1105.5674999999997,2025-11-07T12:24:53.157036,patients.csv,96,false
a06bce31-d0dc-f345-df41-777fb453afaf,1935-03-23,None,999-58-3708,S99934448,X64374057X,Mr.,Fernando603,Klein929,None,None,M,white,nonhispanic,M,Boston  Massachusetts  US,730 Schaefer Annex Suite 31,Middleborough Center,Massachusetts,Plymouth County,,41.854554533642748,-70.943324649518871,2239505.0029999991,696083.86700000009,2025-11-07T12:24:53.157036,patients.csv,267,false
1d238968-2939-1734-5e6e-650d3e16454c,1975-12-24,None,999-69-7376,S99965335,X14733636X,Mr.,Mason910,Hettinger594,None,None,M,white,nonhispanic,M,Holden  Massachusetts  US,823 Bechtelar Dam,Milford,Massachusetts,Worcester County,,42.11433640537566,-71.566552943586316,1146016.03,0,2025-11-07T12:24:53.157036,patients.csv,216,false
3ce79121-6f1a-8d00-726d-bc0af611d017,1972-07-15,None,999-35-7725,S99947946,X85881579X,Mr.,Randal152,Robel940,None,None,M,white,nonhispanic,M,Boston  Massachusetts  US,168 Koch Light Unit 42,Millbury,Massachusetts,Worcester County,,42.149927585706287,-71.810675884817869,2015514.5125000004,177.96749999999977,2025-11-07T12:24:53.157036,patients.csv,272,false
6e24d314-c9ea-989c-f9de-bd89957fdd3a,1919-09-08,2016-05-20,999-13-8151,S99954671,X88214108X,Mr.,Alexander630,Klein929,None,None,M,white,nonhispanic,M,Georgetown  Massachusetts  US,385 O'Hara Corner,Millville,Massachusetts,Worcester County,,42.034147689087931,-71.543607769328787,2387092.2780000004,469484.472,2025-11-07T12:24:53.157036,patients.csv,1020,false
8a0a7ec9-52d6-ee9f-f54f-f30c388860aa,1919-09-08,None,999-19-9009,S99971002,X39399398X,Mr.,Malcom15,Lang846,None,None,M,white,nonhispanic,M,Winchester  Massachusetts  US,806 Bogan Grove Apt 23,Millville,Massachusetts,Worcester County,,42.019878672035652,-71.605322717189637,2431250.5795,119092.2905,2025-11-07T12:24:53.157036,patients.csv,1037,false
e546eb3d-36c4-ce15-fcff-c464c8d79441,1955-08-26,None,999-72-7348,S99983471,X8297381X,Mr.,Werner409,Watsica258,None,None,S,white,nonhispanic,M,Newburyport  Massachusetts  US,458 Doyle Path Suite 36,Mount Washington,Massachusetts,Berkshire County,,42.101361658585724,-73.445164892429048,1519418.9750000003,37690.205,2025-11-07T12:24:53.157036,patients.csv,768,false
59f7a978-7c32-4d81-4879-56a8d44f4a12,1977-01-23,None,999-74-6523,S99982757,X53320546X,Mr.,Timothy142,Bayer639,None,None,M,black,nonhispanic,M,Lowell  Massachusetts  US,869 Ruecker Junction Unit 84,Natick,Massachusetts,Middlesex County,,42.275392179587591,-71.312028270604657,1111854.7125,9222.7575,2025-11-07T12:24:53.157036,patients.csv,525,false
f1b34fb1-f5e8-f45d-109d-99258979e7c6,1973-09-22,None,999-66-2688,S99971818,X38776323X,Mr.,Son314,Lehner980,None,None,M,white,nonhispanic,M,Haverhill  Massachusetts  US,976 Steuber Landing Apt 27,Needham,Massachusetts,Norfolk County,,42.27810135709889,-71.24799279282891,1380077.0025,41347.9875,2025-11-07T12:24:53.157036,patients.csv,213,false
9088c93e-20ad-982d-f100-5f52074ac796,1938-09-02,1989-12-15,999-20-1597,S99944828,X39359879X,Mr.,Weston546,Leuschke194,None,None,M,white,nonhispanic,M,Gloucester  Massachusetts  US,675 Spinka Fort Suite 26,Needham,Massachusetts,Norfolk County,2492,42.325416567910494,-71.241330473669791,1284972.0425000002,79008.697500000009,2025-11-07T12:24:53.157036,patients.csv,754,false
8d341b49-a266-a3d1-c546-4aacd39303bb,1938-09-02,None,999-17-5839,S99982586,X36675821X,Mr.,Damien170,Orn563,None,None,M,white,nonhispanic,M,Milford  Massachusetts  US,370 Smitham Highlands,Needham,Massachusetts,Norfolk County,,42.240957968142972,-71.225557686837789,1961693.9520000005,159785.428,2025-11-07T12:24:53.157036,patients.csv,769,false
c42fab5d-77f6-9b8a-2e33-3339cc104394,1991-02-25,None,999-68-7833,S99911315,X52134439X,Mr.,Hilario934,Stracke611,None,None,M,white,nonhispanic,M,Wilmington  Massachusetts  US,946 White Pathway Suite 50,New Bedford,Massachusetts,Bristol County,2745,41.587325002152049,-71.015256797983781,28777.93,0,2025-11-07T12:24:53.157036,patients.csv,336,false
5172375b-b342-9aed-8497-6840f37b5297,1984-12-01,None,999-36-7334,S99961127,X49971301X,Mr.,Ross213,Willms744,None,None,M,white,nonhispanic,M,Lynn  Massachusetts  US,796 Ziemann Walk Apt 9,New Bedford,Massachusetts,Bristol County,2740,41.581926723112161,-70.962452194803319,960429.255,12519.584999999995,2025-11-07T12:24:53.157036,patients.csv,563,false
2376720a-56ca-5474-3737-32cf783a169c,1987-06-09,None,999-71-9781,S99968273,X32265802X,Mr.,Man114,Howell947,None,None,M,white,nonhispanic,M,Shrewsbury  Massachusetts  US,572 Von Skyway Suite 67,New Bedford,Massachusetts,Bristol County,2747,41.762709508145548,-70.916290998797351,955010.5155,14139.1445,2025-11-07T12:24:53.157036,patients.csv,666,false
d25c159a-033b-593f-dbbf-b1e9de3b2fc4,1980-04-01,None,999-31-5263,S99933547,X81442245X,Mr.,Terrell212,Wintheiser220,None,None,M,white,nonhispanic,M,Adams  Massachusetts  US,887 Halvorson Parade,New Bedford,Massachusetts,Bristol County,2743,41.725474851241614,-70.944780685703037,133263.47699999998,61246.063,2025-11-07T12:24:53.157036,patients.csv,861,false
1c24cec5-666c-53eb-c347-151c9bafd16f,1990-06-11,None,999-35-7900,S99912542,X27082197X,Mr.,Rickie717,Nienow652,None,None,M,white,nonhispanic,M,Billerica  Massachusetts  US,650 Jacobi Bay,New Bedford,Massachusetts,Bristol County,2747,41.596736753157771,-70.864945140172949,818366.715,12376.395,2025-11-07T12:24:53.157036,patients.csv,983,false
32e8a3ce-f1e7-5002-0cee-d74eed64442e,1969-12-12,None,999-81-9551,S99914704,X66416714X,Mr.,Russel238,Moen819,None,None,M,white,nonhispanic,M,Norwood  Massachusetts  US,1074 Leannon Viaduct Unit 42,New Bedford,Massachusetts,Bristol County,2743,41.503754122907317,-70.970254364113657,1305739.5125000004,13517.9175,2025-11-07T12:24:53.157036,patients.csv,1004,false
e1c22a53-3acf-059a-ab37-50d2c269a206,1998-06-17,None,999-36-7158,S99934000,X51651811X,Mr.,Derick144,Hackett68,None,None,None,native,nonhispanic,M,Billerica  Massachusetts  US,516 Powlowski Village,New Bedford,Massachusetts,Bristol County,2740,41.729824300278011,-70.932362772864451,217673.99,0,2025-11-07T12:24:53.157036,patients.csv,1067,false
eecca7cc-e5c7-1c3e-feb3-f8fb602b5efd,1948-11-05,None,999-79-3029,S99968537,X41814288X,Mr.,Owen89,O'Connell601,None,None,M,white,nonhispanic,M,Haverhill  Massachusetts  US,457 Hagenes Grove,New Bedford,Massachusetts,Bristol County,2748,41.649935919769938,-70.954070821162588,1713311.4194999998,67607.580500000011,2025-11-07T12:24:53.157036,patients.csv,1086,false
ef010cf4-6db3-21c7-2c49-4435fe408745,1981-07-13,None,999-73-4553,S99927317,X18156839X,Mr.,Nicholas495,Heaney114,None,None,M,white,nonhispanic,M,Webster  Massachusetts  US,596 Jaskolski Tunnel,New Bedford,Massachusetts,Bristol County,2747,41.679905870452131,-70.888229185440267,448063.03,0,2025-11-07T12:24:53.157036,patients.csv,1143,false
d8e3a701-d108-74ff-2ce3-156537276a14,1992-07-30,None,999-28-8644,S99989621,X23230866X,Mr.,Harland508,Price929,None,None,M,white,nonhispanic,M,Wayland  Massachusetts  US,920 Doyle Gardens,Newton,Massachusetts,Middlesex County,2467,42.329006187138766,-71.189172288395653,855040.01999999979,0,2025-11-07T12:24:53.157036,patients.csv,499,false
6631206a-710c-945b-a5a3-e71390a411f8,1959-12-10,None,999-30-6978,S99919958,X57733097X,Mr.,Andre610,Grant908,None,None,M,white,nonhispanic,M,Wrentham  Massachusetts  US,1066 Zemlak Light,Newton,Massachusetts,Middlesex County,2459,42.29436906920094,-71.188250035386048,2389227.1750000003,1089.6149999999991,2025-11-07T12:24:53.157036,patients.csv,607,false
420b3566-8788-f95c-0401-f317a9b445e5,1982-11-25,None,999-19-2975,S99971902,X57311344X,Mr.,Andres25,Hintz995,None,None,M,white,nonhispanic,M,Milford  Massachusetts  US,784 Rice Esplanade,Newton,Massachusetts,Middlesex County,2458,42.336397816229095,-71.175118893167991,1481643.655,338036.025,2025-11-07T12:24:53.157036,patients.csv,633,false
ff9337d4-4f6c-2182-c1aa-a0811a68a4ab,1952-04-15,None,999-84-1106,S99941923,X89483285X,Mr.,Milan77,Roob72,None,None,M,white,nonhispanic,M,Tisbury  Massachusetts  US,311 Vandervort Bridge,Newton,Massachusetts,Middlesex County,2461,42.356249809194296,-71.205687093437092,2555843.7754999995,153120.44449999998,2025-11-07T12:24:53.157036,patients.csv,690,false
28d9ebc1-9a62-4c80-019f-ff3e32229532,1983-09-27,None,999-56-3903,S99985310,X40584811X,Mr.,Olin642,Shanahan202,None,None,M,white,nonhispanic,M,Scituate  Massachusetts  US,1019 Rath Path Unit 24,Newton,Massachusetts,Middlesex County,2467,42.282751900733963,-71.184198888181172,963576.6825,232.1475,2025-11-07T12:24:53.157036,patients.csv,990,false
26cb7b5a-300c-232c-435c-21fec62c6311,1964-12-12,None,999-85-4147,S99947135,X184418X,Mr.,Damian46,Trantow673,None,None,M,white,nonhispanic,M,Freetown  Massachusetts  US,457 Labadie Viaduct,Newton,Massachusetts,Middlesex County,2464,42.278319665319366,-71.2006660973865,1413922.2500000005,14868.180000000002,2025-11-07T12:24:53.157036,patients.csv,1055,false
73e6ab94-00b7-e78c-0f7c-a482ebf6a6f3,1964-05-09,None,999-89-5447,S99974692,X45025527X,Mr.,Gus973,Roob72,None,None,S,white,nonhispanic,M,Mashpee Neck  Massachusetts  US,932 Moore Orchard Apt 86,Norfolk,Massachusetts,Norfolk County,,42.159766400516304,-71.29198525573409,142049.586,68690.434,2025-11-07T12:24:53.157036,patients.csv,332,false
788a1414-0bee-f2a6-8096-a9f2d936f42f,1960-01-17,None,999-30-9875,S99994624,X12211323X,Mr.,Scottie437,Kerluke267,None,None,S,white,nonhispanic,M,Holden  Massachusetts  US,848 Stanton Branch,North Eastham,Massachusetts,Barnstable County,2651,41.867614949376723,-70.030792565775826,1597863.1800000011,14363.579999999998,2025-11-07T12:24:53.157036,patients.csv,757,false
402e86ae-4bab-2990-e3e5-af591cb87f6e,1981-03-10,None,999-17-1058,S99979439,X43055952X,Mr.,Carrol931,Bogisich202,None,None,M,white,nonhispanic,M,Worcester  Massachusetts  US,835 Kuvalis Trail Unit 48,Northampton,Massachusetts,Hampshire County,,42.275537765637687,-72.6275149551359,1074209.63,20685.09,2025-11-07T12:24:53.157036,patients.csv,437,false
c893e2b1-4238-52b6-e8e1-1ed709e42ce3,1940-12-31,1993-05-15,999-26-6883,S99954934,X70290118X,Mr.,Darron84,Rowe323,None,None,M,white,nonhispanic,M,Boston  Massachusetts  US,355 Langworth Manor,Northborough,Massachusetts,Worcester County,1532,42.289448189418309,-71.624193241123422,1339839.4900000002,13424.91,2025-11-07T12:24:53.157036,patients.csv,308,false
ad134528-56a5-35fd-c37f-466ff119c625,1940-12-31,None,999-98-4342,S99946280,X84186192X,Mr.,Allen322,Ferry570,None,None,M,white,nonhispanic,M,Millis  Massachusetts  US,217 Robel Promenade,Northborough,Massachusetts,Worcester County,,42.333816171984,-71.694232559137248,3232521.0195,464013.1605,2025-11-07T12:24:53.157036,patients.csv,323,false
32cd9cb6-2fca-7062-98f0-020f9946a6f5,1997-12-07,None,999-38-9750,S99965355,X32360540X,Mr.,Stanford577,Schoen8,None,None,None,white,nonhispanic,M,Dartmouth  Massachusetts  US,669 Schmidt Annex Apt 66,Northbridge,Massachusetts,Worcester County,,42.121858679051215,-71.694808328747442,601603.6025,1366.5674999999997,2025-11-07T12:24:53.157036,patients.csv,335,false
fcf025a4-3827-2f50-d719-c8981cdffda9,1964-04-26,None,999-79-6586,S99968965,X47865486X,Mr.,Tracy345,Kirlin939,None,None,S,white,nonhispanic,M,Lawrence  Massachusetts  US,1040 Emmerich Heights,Northbridge,Massachusetts,Worcester County,,42.107859230162781,-71.668360508412789,181042.686,70921.034000000014,2025-11-07T12:24:53.157036,patients.csv,369,false
5e4a0309-e8c1-c58c-bb7f-208dbe06cb13,1942-05-21,None,999-45-6464,S99988566,X53191950X,Mr.,Leland44,Runolfsdottir785,None,None,M,white,nonhispanic,M,Marlborough  Massachusetts  US,531 Lowe Lodge Suite 70,Northbridge,Massachusetts,Worcester County,,42.154525066378589,-71.6478830849531,1936730.7890000008,68595.421,2025-11-07T12:24:53.157036,patients.csv,382,false
edc8dc01-9e25-8cb5-c18e-9b9b75ccd1ee,1918-11-27,2009-02-12,999-49-1698,S99999456,X41478769X,Mr.,Lamar193,McDermott739,None,None,M,white,nonhispanic,M,Cambridge  Massachusetts  US,257 Bogisich Trafficway,Northbridge,Massachusetts,Worcester County,,42.111462975680368,-71.630456271291976,2227054.7830000003,131929.757,2025-11-07T12:24:53.157036,patients.csv,873,false
477f3dee-5a4b-0f03-917a-b1fc9e9d3110,1918-11-27,1987-03-19,999-62-9622,S99980175,X75065545X,Mr.,Philip822,Boyer713,None,None,S,white,nonhispanic,M,North Plymouth  Massachusetts  US,233 Cronin Park Apt 77,Northbridge,Massachusetts,Worcester County,,42.173671796388518,-71.646064450060877,2833057.4675,18578.3025,2025-11-07T12:24:53.157036,patients.csv,882,false
2f1a1fb8-99d1-31f5-eb7f-e829a968f2f2,1918-11-27,2007-03-26,999-62-7836,S99936398,X9082222X,Mr.,Leonardo412,Carter549,None,None,S,white,nonhispanic,M,Randolph  Massachusetts  US,982 Yost Glen Unit 2,Northbridge,Massachusetts,Worcester County,,42.11698679549793,-71.627891321665913,2453724.9940000009,94174.836,2025-11-07T12:24:53.157036,patients.csv,897,false
845a3922-0b68-9036-172a-57b58f1ff684,1918-11-27,1980-02-10,999-64-4165,S99940106,X80838570X,Mr.,Rocco842,Rempel203,None,None,M,white,nonhispanic,M,Swampscott  Massachusetts  US,949 Beahan Crossroad Suite 95,Northbridge,Massachusetts,Worcester County,,42.1646729808573,-71.637829290334736,1661035.2675,13527.6225,2025-11-07T12:24:53.157036,patients.csv,905,false
0898d650-cebe-426f-01c4-5ddf8b68ef6a,1918-11-27,None,999-87-6658,S99960817,X31916231X,Mr.,Mary779,Macejkovic424,None,None,M,white,nonhispanic,M,Abington  Massachusetts  US,162 Goyette Loaf Unit 2,Northbridge,Massachusetts,Worcester County,,42.1406937363572,-71.635175295185974,2454997.8345000008,319148.55550000007,2025-11-07T12:24:53.157036,patients.csv,923,false
65d5c7e2-c5b3-6f0d-9ca3-17b8bca2db28,1975-09-16,None,999-73-3174,S99916183,X84001202X,Mr.,Donnell534,Kshlerin58,None,None,M,white,nonhispanic,M,Norfolk  Massachusetts  US,893 Armstrong Ramp,Northwest Harwich,Massachusetts,Barnstable County,,41.674467988819693,-70.067846169610235,1195796.555,2300.925,2025-11-07T12:24:53.157036,patients.csv,177,false
56cfe6a5-4835-d925-fd7a-84faf11306f0,1969-12-27,None,999-16-7101,S99994613,X43367999X,Mr.,Matthew562,O'Connell601,None,None,M,white,nonhispanic,M,Whitman  Massachusetts  US,777 Bergstrom Haven,Norton,Massachusetts,Bristol County,,41.952767956344523,-71.219056752687,1311371.65,8546.01,2025-11-07T12:24:53.157036,patients.csv,401,false
961c13b9-6fe8-5b78-abd2-72f1e51dae7a,1975-12-20,None,999-83-5515,S99928299,X17497476X,Mr.,Laverne101,Anderson154,None,None,S,white,nonhispanic,M,Raynham Center  Massachusetts  US,296 Fritsch Crossing,Orleans,Massachusetts,Barnstable County,,41.779774675517245,-69.978831291004113,1062710.0074999998,739.22249999999985,2025-11-07T12:24:53.157036,patients.csv,790,false
4f5a07ca-02e0-8981-3c30-4d9924a169a3,1983-12-12,None,999-37-6244,S99973987,X64774243X,Mr.,Tony646,Ward668,None,None,M,white,nonhispanic,M,Worcester  Massachusetts  US,902 Gutkowski Hollow,Peabody,Massachusetts,Essex County,1940,42.530980462533741,-70.995598086420614,907036.61,9573.15,2025-11-07T12:24:53.157036,patients.csv,46,false
15d242fa-2a82-6921-b247-552b60cfcd4e,1953-05-05,None,999-62-8138,S99936185,X78976184X,Mr.,Nelson403,Jast432,None,None,M,white,nonhispanic,M,Randolph  Massachusetts  US,631 Daugherty Estate,Peabody,Massachusetts,Essex County,1960,42.509150817644425,-70.932724696495683,1689394.5245,28736.6155,2025-11-07T12:24:53.157036,patients.csv,190,false
ccfc4db2-2026-7adb-3db0-33f3828140bb,1976-06-06,None,999-19-3890,S99983305,X29510904X,Mr.,Abe604,Schmidt332,None,None,M,white,nonhispanic,M,Worcester  Massachusetts  US,768 Mertz Camp,Peabody,Massachusetts,Essex County,1940,42.534888674678719,-70.9597319140293,1142154.2775,1974.8925,2025-11-07T12:24:53.157036,patients.csv,451,false
8fe59ada-2e62-232f-f602-1fa6315a36ad,1967-02-28,None,999-56-1318,S99972315,X51062786X,Mr.,Lon587,Wyman904,None,None,M,white,nonhispanic,M,Salem  Massachusetts  US,801 West Camp Suite 96,Peabody,Massachusetts,Essex County,1940,42.52655459409101,-71.039969119478883,1480824.1750000005,639.405,2025-11-07T12:24:53.157036,patients.csv,929,false
46413549-1fc0-bce3-4aa7-005e47c88eb1,1973-03-26,None,999-82-9933,S99924033,X53141855X,Mr.,Raúl937,Porras535,None,None,S,white,hispanic,M,Havana  Havana  CU,155 West Mews,Peabody,Massachusetts,Essex County,1960,42.556667753890544,-71.007634238665915,1215603.7199999995,0,2025-11-07T12:24:53.157036,patients.csv,1150,false
9ac43dbb-44d6-871e-b411-a1c18c61b55e,1942-10-15,1996-05-12,999-38-2466,S99958981,X3498799X,Mr.,Mohammad578,Mann644,None,None,M,black,nonhispanic,M,Marblehead  Massachusetts  US,730 Kessler Common Unit 54,Pembroke,Massachusetts,Plymouth County,,42.018233048286426,-70.789028366565319,1483250.2375,1904.7225,2025-11-07T12:24:53.157036,patients.csv,71,false
96df4283-1388-506c-e88f-77cd4232e1b4,1942-10-15,1993-01-06,999-39-6092,S99945742,X860688X,Mr.,Alonso270,Barton704,None,None,M,black,nonhispanic,M,Bedford  Massachusetts  US,320 Doyle Key Apt 86,Pembroke,Massachusetts,Plymouth County,,42.038977712375349,-70.83954666928355,1987240.9,205909.26000000004,2025-11-07T12:24:53.157036,patients.csv,79,false
5136cc20-a63c-c7c8-00ae-fc5fa86be863,1942-10-15,None,999-36-4286,S99966813,X52936151X,Mr.,Lavern240,O'Kon634,None,None,M,black,nonhispanic,M,Boxborough  Massachusetts  US,885 Bernier Run Apt 52,Pembroke,Massachusetts,Plymouth County,,42.069375300905243,-70.8252839067862,1886447.606,115760.134,2025-11-07T12:24:53.157036,patients.csv,94,false
41deca00-d1c8-0478-3ff7-a074db2cf397,1958-06-17,None,999-27-9022,S99986278,X39397057X,Mr.,Joey457,Stoltenberg489,None,None,M,white,nonhispanic,M,Boston  Massachusetts  US,830 Hackett Wynd Suite 52,Pepperell,Massachusetts,Middlesex County,,42.678454936001323,-71.607237555372521,2236501.85,226836.54000000004,2025-11-07T12:24:53.157036,patients.csv,197,false
67c6597f-c239-a595-beac-b2941e7b54ff,1964-08-20,None,999-95-2652,S99986308,X21123229X,Mr.,Levi940,Ratke343,None,None,M,asian,nonhispanic,M,Milford  Massachusetts  US,378 McGlynn Union,Pepperell,Massachusetts,Middlesex County,1463,42.645738297901055,-71.6191622876031,1541417.76,4033.8,2025-11-07T12:24:53.157036,patients.csv,249,false
35851681-92ee-4599-7982-25b764db3db5,1983-08-07,None,999-41-6648,S99972849,X70187459X,Mr.,Tyron580,Gleichner915,None,None,M,asian,nonhispanic,M,Chongqing  Chongqing Municipality  CN,231 Satterfield Club Unit 35,Pepperell,Massachusetts,Middlesex County,,42.649743042393013,-71.630036298063629,960519.6175,1490.5424999999998,2025-11-07T12:24:53.157036,patients.csv,1039,false
c580eef6-e1bc-0a18-9d50-72acd9c9f95a,1975-11-30,None,999-87-2827,S99995608,X6504312X,Mr.,Giuseppe872,Jaskolski867,None,None,M,white,nonhispanic,M,Leominster  Massachusetts  US,1003 Smith Walk,Pinehurst,Massachusetts,Middlesex County,1866,42.4851836614774,-71.20940937903373,1462413.6874999995,3931.4925,2025-11-07T12:24:53.157036,patients.csv,1139,false
fa311677-035c-7329-3dec-2a01c9afd965,1958-09-06,None,999-58-2537,S99932987,X74829255X,Mr.,Jeremy766,Witting912,None,None,M,asian,nonhispanic,M,Macau  Macao Special Administrative Region of the People's Republic of China  CN,941 Robel Vista,Plainville,Massachusetts,Norfolk County,,42.048478219797587,-71.343642744737281,1616300.0625000007,20846.4675,2025-11-07T12:24:53.157036,patients.csv,87,false
d477c46c-6e56-e32f-0c28-7356caab1e8b,1993-12-25,None,999-79-6169,S99937105,X75776518X,Mr.,Leif534,Abbott774,None,None,M,white,nonhispanic,M,Newton  Massachusetts  US,830 Will Bridge Unit 94,Plymouth,Massachusetts,Plymouth County,2360,41.894028478488941,-70.60279918228207,1416702.7725000002,20.137499999999928,2025-11-07T12:24:53.157036,patients.csv,175,false
576df1b5-7fa9-a7c5-7dcf-2bd889b278ec,1955-12-31,2020-02-10,999-70-2984,S99921757,X75650440X,Mr.,Rodney21,Koelpin146,None,None,M,black,nonhispanic,M,Yarmouth Port  Massachusetts  US,1042 Lowe Harbor,Plymouth,Massachusetts,Plymouth County,,41.908816912052437,-70.583280922678981,1689454.4125,53149.537500000028,2025-11-07T12:24:53.157036,patients.csv,780,false
e6785847-ea03-5c99-acbe-abd075241788,1955-12-31,None,999-64-8925,S99987279,X60625778X,Mr.,Trevor374,Konopelski743,None,None,M,black,nonhispanic,M,Revere  Massachusetts  US,203 Kshlerin Forge,Plymouth,Massachusetts,Plymouth County,,41.924163266950842,-70.6685119179921,1611089.7550000004,2395.505,2025-11-07T12:24:53.157036,patients.csv,791,false
9fe87de4-271d-0775-9319-858ac7f42a6f,1948-02-06,None,999-92-1290,S99922900,X50179804X,Mr.,Freddie621,Erdman779,None,None,M,white,nonhispanic,M,Springfield  Massachusetts  US,436 Jacobi Promenade,Plymouth,Massachusetts,Plymouth County,,41.884653104068683,-70.662381928322873,3008861.4454999994,371335.0245,2025-11-07T12:24:53.157036,patients.csv,944,false
3aeeb943-ef6a-cbdd-b356-46c3af0cb805,1949-12-22,None,999-54-7377,S99945875,X71990104X,Mr.,Chris95,Wisozk929,None,None,S,white,nonhispanic,M,Sudbury  Massachusetts  US,242 Legros Knoll,Plymouth,Massachusetts,Plymouth County,2360,41.919742186572627,-70.583445566738959,1831095.96,58250.469999999987,2025-11-07T12:24:53.157036,patients.csv,956,false
060e72d3-912e-55cd-0c92-5faa6cb7a6db,1969-01-03,None,999-66-6825,S99931952,X14008939X,Mr.,Benny518,Tillman293,None,None,S,white,nonhispanic,M,Medford  Massachusetts  US,941 Rodriguez Trace Suite 61,Quincy,Massachusetts,Norfolk County,2169,42.240057760186758,-70.9877474621171,181651.842,262994.99799999991,2025-11-07T12:24:53.157036,patients.csv,37,false
ed803173-5e55-aecd-5055-591164ee3005,1955-12-26,2012-09-17,999-51-9902,S99984898,X13763083X,Mr.,Octavio643,Solano766,None,None,M,white,hispanic,M,Roseau  Saint George  DM,396 Bayer Gardens Apt 81,Quincy,Massachusetts,Norfolk County,2169,42.289392544995373,-70.9868738177281,1660084.165,89161.24500000001,2025-11-07T12:24:53.157036,patients.csv,381,false
7f571b07-f9a5-da74-3547-5f83bedcc5b7,1955-12-26,None,999-66-4157,S99911839,X2532083X,Mr.,José Emilio366,Cadena322,None,None,M,white,hispanic,M,Wesley  Saint Andrew Parish  DM,212 Bahringer Lock Unit 83,Quincy,Massachusetts,Norfolk County,2170,42.280396952472088,-71.018094355891989,1603209.845,1081.725,2025-11-07T12:24:53.157036,patients.csv,390,false
0bbf4179-5526-b01d-b1b3-11a0f9742e3a,1981-07-05,None,999-40-5730,S99963834,X34611703X,Mr.,Lazaro919,Greenfelder433,None,None,M,white,nonhispanic,M,Fall River  Massachusetts  US,871 Rempel Bypass,Quincy,Massachusetts,Norfolk County,2170,42.283134674837818,-70.997184217589449,126719.53400000004,44641.145999999993,2025-11-07T12:24:53.157036,patients.csv,445,false
582bf373-c5f4-2e6c-b924-e5b2bb2e102a,1999-04-04,None,999-97-3412,S99953398,X18120872X,Mr.,Sandy901,Raynor401,None,None,None,white,nonhispanic,M,Brockton  Massachusetts  US,1086 Jones Meadow Suite 87,Quincy,Massachusetts,Norfolk County,2169,42.204373661253193,-71.045375292970917,560371.375,328.72499999999985,2025-11-07T12:24:53.157036,patients.csv,908,false
4ca51bbc-dd89-0142-9c53-1a8453a5bddd,1996-09-09,None,999-78-4984,S99992464,X55795565X,Mr.,Sebastian508,Zulauf375,None,None,None,asian,nonhispanic,M,Brookline  Massachusetts  US,823 Gislason Skyway,Quincy,Massachusetts,Norfolk County,2171,42.271952611902051,-70.980928629722143,1385034.5450000004,15703.005,2025-11-07T12:24:53.157036,patients.csv,933,false
7d1a0d44-6f3e-2cd5-3347-0d97e5b57612,1980-12-04,None,999-18-4055,S99975869,X57447826X,Mr.,Doyle959,Johns824,None,None,M,white,nonhispanic,M,Clinton  Massachusetts  US,828 Jaskolski Well Apt 88,Reading,Massachusetts,Middlesex County,,42.468774040181373,-71.1483751166424,1008922.1599999998,443.04,2025-11-07T12:24:53.157036,patients.csv,33,false
9b94051f-59a9-c941-61af-9acf2a9af22f,1945-07-17,None,999-61-4586,S99940951,X29494470X,Mr.,Stephen891,Daniel959,None,None,S,white,nonhispanic,M,West Yarmouth  Massachusetts  US,307 Kulas Approach Unit 81,Rehoboth,Massachusetts,Bristol County,,41.86239690302137,-71.209293033002609,1792752.6385000006,109927.3215,2025-11-07T12:24:53.157036,patients.csv,129,false
8aeeb74e-10c8-bbff-e68d-0aa8b3159c1b,1985-09-14,None,999-56-9034,S99973870,X70958516X,Mr.,Romeo514,Toy286,None,None,S,white,nonhispanic,M,Springfield  Massachusetts  US,153 Cummings Trailer,Rehoboth,Massachusetts,Bristol County,,41.847138862975548,-71.286037695678246,922177.3725,3543.8475000000003,2025-11-07T12:24:53.157036,patients.csv,692,false
8fdd8e4f-bf93-37c2-83e7-3d0812840739,1975-02-11,None,999-19-4371,S99933780,X67917193X,Mr.,Basil991,Douglas31,None,None,M,white,nonhispanic,M,Winthrop  Massachusetts  US,580 Walter Knoll,Rehoboth,Massachusetts,Bristol County,,41.864529795450046,-71.212548608224509,1967533.9175000004,4817.3625,2025-11-07T12:24:53.157036,patients.csv,715,false
217f95a3-4e10-bd5d-fb67-0cfb5e8ba075,1993-12-23,None,999-91-4320,S99991143,X44132498X,Mr.,Jerrold404,Herzog843,None,None,M,black,nonhispanic,M,Boston  Massachusetts  US,276 Bernier Branch,Revere,Massachusetts,Suffolk County,,42.3818748756275,-70.999285784687842,475826.855,18067.095,2025-11-07T12:24:53.157036,patients.csv,5,false
23d16ee3-8cd4-eeb8-e77e-1e5fbf4c4159,1990-12-15,None,999-60-9905,S99950633,X36202735X,Mr.,Rodrigo242,Arellano2,None,None,M,black,hispanic,M,Bogota  Bogota  CO,538 Crona Underpass,Revere,Massachusetts,Suffolk County,2151,42.44326150073713,-71.022321580164316,772362.72500000009,2213.085,2025-11-07T12:24:53.157036,patients.csv,7,false
3436e704-73e4-11da-241d-7adeccd97a0d,1953-02-08,None,999-69-5611,S99910249,X71365194X,Mr.,Art115,Lesch175,None,None,S,black,nonhispanic,M,Tewksbury  Massachusetts  US,295 Cormier Trailer,Revere,Massachusetts,Suffolk County,2151,42.381983491544787,-71.045224278708346,1418223.5605,15830.8395,2025-11-07T12:24:53.157036,patients.csv,647,false
66b8b86c-78b6-85c4-f210-1b08d624a6d6,1994-05-23,None,999-29-9802,S99940594,X45516952X,Mr.,Jorge203,Kertzmann286,None,None,S,black,nonhispanic,M,Concord  Massachusetts  US,581 Sawayn Trace,Revere,Massachusetts,Suffolk County,2151,42.431054099146706,-70.955677602585439,90393.918,47194.442000000017,2025-11-07T12:24:53.157036,patients.csv,984,false
73de334e-d9f4-7500-4b9e-deef5067a008,1962-09-10,None,999-37-2521,S99911855,X57635157X,Mr.,Hollis7,Wisoky380,None,None,M,white,nonhispanic,M,Somerville  Massachusetts  US,300 Dietrich Course,Revere,Massachusetts,Suffolk County,,42.383466176012682,-71.018169446205832,1501092.095,1680.045,2025-11-07T12:24:53.157036,patients.csv,1145,false
0d61d17e-51a7-9590-3dc4-5aa410968b17,1992-04-22,None,999-42-3556,S99987171,X74199653X,Mr.,Peter292,Lynch190,None,None,M,white,nonhispanic,M,Dartmouth  Massachusetts  US,1086 Wisoky Dam,Rockland,Massachusetts,Plymouth County,,42.113310819717768,-70.916043344519,772353.0349999998,2916.2850000000003,2025-11-07T12:24:53.157036,patients.csv,431,false
ef0de96b-3fd9-5be2-01c6-874c378cd727,1970-10-21,None,999-60-5981,S99936203,X70188539X,Mr.,Sheldon401,Kutch271,None,None,M,white,nonhispanic,M,Brimfield  Massachusetts  US,274 Goldner Rue Apt 87,Sagamore,Massachusetts,Barnstable County,2561,41.79187668588861,-70.545635505756337,1754319.36,0,2025-11-07T12:24:53.157036,patients.csv,1113,false
bf0ad07a-462c-e0c9-bc3c-c40645afc6f9,1960-08-25,None,999-80-5384,S99925264,X5078871X,Mr.,Clay913,Gleason633,None,None,M,white,nonhispanic,M,Milford  Massachusetts  US,990 Pouros Green Apt 48,Salem,Massachusetts,Essex County,,42.543635326872668,-70.8329832963435,1502457.8300000003,1378.0199999999998,2025-11-07T12:24:53.157036,patients.csv,228,false
e133001b-40ea-e5c8-d1da-9bdcd829776d,1949-12-09,None,999-29-2572,S99954260,X51632076X,Mr.,Kirk871,Gaylord332,None,None,M,white,nonhispanic,M,Reading  Massachusetts  US,846 Jacobson Drive,Salem,Massachusetts,Essex County,,42.507143077963008,-70.866765882800664,270287.9059999999,341580.21399999986,2025-11-07T12:24:53.157036,patients.csv,622,false
4b0917d5-d8b8-ca5a-9bce-658885b34afe,2001-03-24,None,999-35-5393,S99968500,X22307395X,Mr.,Manual570,Morissette863,None,None,None,white,nonhispanic,M,Randolph  Massachusetts  US,665 Schulist Dam,Sandwich,Massachusetts,Barnstable County,,41.721484161981046,-70.491694146183633,505147.5475,7447.0725,2025-11-07T12:24:53.157036,patients.csv,394,false
8470167f-f7da-8fb6-6972-45209f7b7842,2000-01-05,None,999-38-5486,S99991609,X82910285X,Mr.,Kristopher775,Strosin214,None,None,None,white,nonhispanic,M,Hudson  Massachusetts  US,688 Dickinson Course Apt 38,Sandwich,Massachusetts,Barnstable County,2563,41.685667635669361,-70.494114356713183,421719.665,526.57499999999993,2025-11-07T12:24:53.157036,patients.csv,1056,false
e976b84c-d166-c32d-2f8f-152ad6b5e3af,1968-12-07,None,999-71-3367,S99954068,X13585871X,Mr.,Van763,Zieme486,None,None,M,white,nonhispanic,M,Worcester  Massachusetts  US,344 Gerlach Route Apt 77,Saugus,Massachusetts,Essex County,1906,42.510559370173816,-71.040592813510841,1371646.0974999997,17573.212499999998,2025-11-07T12:24:53.157036,patients.csv,569,false
e37d530a-3b67-0a3c-0da4-ed338900d916,1998-09-26,None,999-77-2739,S99938080,X72561865X,Mr.,Rodrick370,Douglas31,None,None,None,white,nonhispanic,M,Granby  Massachusetts  US,828 Prohaska Trafficway,Sharon,Massachusetts,Norfolk County,,42.145406664404121,-71.159580158943285,601715.88,0,2025-11-07T12:24:53.157036,patients.csv,916,false
be82309d-1a8f-df82-4cd6-5f03e1060e8e,1970-03-07,None,999-49-3900,S99998879,X20800283X,Mr.,Felton646,Pouros728,None,None,M,white,nonhispanic,M,Weymouth  Massachusetts  US,805 Greenfelder Heights,Shirley,Massachusetts,Middlesex County,,42.583591109195368,-71.601383072886208,1168474.6625000003,125.52749999999992,2025-11-07T12:24:53.157036,patients.csv,48,false
62857336-4176-3277-206d-58ba274aed30,1962-10-02,None,999-52-1703,S99994734,X48792510X,Mr.,Gerardo48,Herman763,None,None,M,white,nonhispanic,M,Nantucket  Massachusetts  US,635 Becker Course,Shrewsbury,Massachusetts,Worcester County,,42.269779600263512,-71.75758854939069,1490077.2450000006,14030.925,2025-11-07T12:24:53.157036,patients.csv,606,false
df46cbb3-2704-5d4e-a101-4f2d2dac83b0,1947-07-19,None,999-15-7884,S99912174,X44979205X,Mr.,Odell776,O'Kon634,None,None,M,white,nonhispanic,M,Billerica  Massachusetts  US,249 Sauer Flat,Shrewsbury,Massachusetts,Worcester County,,42.258615471534462,-71.692373560816208,2168913.9610000006,40893.199,2025-11-07T12:24:53.157036,patients.csv,829,false
aade3c61-92bd-d079-9d28-0b2b7fde0fbb,1985-06-05,None,999-93-3123,S99913090,X72720258X,Mr.,Sal878,Hoppe518,None,None,M,white,nonhispanic,M,Merrimac  Massachusetts  US,930 Goldner Stravenue Apt 8,Somerville,Massachusetts,Middlesex County,2138,42.363459871015344,-71.1022528716212,924957.2675,874.37249999999983,2025-11-07T12:24:53.157036,patients.csv,8,false
5e2cd800-901b-55d3-edf4-ab6e3c7524ff,1983-03-13,None,999-31-9450,S99941509,X19453034X,Mr.,Jonathon205,Rice937,JD,None,S,white,nonhispanic,M,Beverly  Massachusetts  US,856 Corkery Ferry Apt 50,Somerville,Massachusetts,Middlesex County,2138,42.361394270233859,-71.110722419393582,978259.775,23108.145,2025-11-07T12:24:53.157036,patients.csv,49,false
87cecc0c-9c64-cc50-5370-d7c881ccbd61,1948-03-03,2008-06-21,999-19-8762,S99918771,X16628457X,Mr.,Lucio648,Toy286,None,None,M,white,nonhispanic,M,Rockport  Massachusetts  US,558 Kunze Divide Suite 93,Somerville,Massachusetts,Middlesex County,2143,42.393354444289166,-71.09287627755792,1553128.2950000006,1151.8949999999998,2025-11-07T12:24:53.157036,patients.csv,83,false
e7d52393-d28b-96d3-fe60-5a19ef9ce171,1948-03-03,None,999-63-5635,S99944758,X16580066X,Mr.,Javier97,Greenfelder433,None,None,M,white,nonhispanic,M,Boston  Massachusetts  US,672 Cremin Divide Suite 83,Somerville,Massachusetts,Middlesex County,2155,42.39178190525223,-71.098346059682413,2646016.4100000006,43908.96,2025-11-07T12:24:53.157036,patients.csv,100,false
75bae569-fca6-6a70-00fe-2910d51ddd65,1988-01-30,None,999-61-5889,S99987011,X50963702X,Mr.,Jewell855,Schmidt332,None,None,M,white,hispanic,M,Boston  Massachusetts  US,583 Leuschke Ville Unit 51,Somerville,Massachusetts,Middlesex County,2155,42.405948191827243,-71.145025027730355,838124.175,1384.3049999999998,2025-11-07T12:24:53.157036,patients.csv,376,false
d66b5418-06cb-fc8a-8c13-85685b6ac939,1997-06-11,None,999-69-9126,S99919339,X55548446X,Mr.,Milton509,Ortiz186,None,None,None,white,nonhispanic,M,West Boylston  Massachusetts  US,769 Pfeffer Heights Unit 14,Somerville,Massachusetts,Middlesex County,,42.403261530816913,-71.098087976737219,575544.18499999994,335.56499999999988,2025-11-07T12:24:53.157036,patients.csv,438,false
84fee56a-9ef7-8cff-e7d3-526ece562d87,1953-09-21,None,999-26-8533,S99982247,X59548608X,Mr.,Dewitt635,Bernier607,None,None,M,asian,nonhispanic,M,Hong Kong  Hong Kong Special Administrative Region  CN,967 Funk Dam Unit 96,Somerville,Massachusetts,Middlesex County,2138,42.40829822396104,-71.114738077412426,1715639.1049999995,24056.905,2025-11-07T12:24:53.157036,patients.csv,439,false
83bd6a6c-8c7f-da8f-0cd8-9bec34c64a1e,1973-06-02,None,999-25-9639,S99958430,X20141818X,Mr.,Chong355,Boehm581,None,None,M,white,hispanic,M,Pittsfield  Massachusetts  US,354 Abernathy Loaf Unit 50,Somerville,Massachusetts,Middlesex County,2140,42.389674265021291,-71.155449474690442,1199245.6549999998,3422.865,2025-11-07T12:24:53.157036,patients.csv,880,false
42097188-e0c2-ebfb-1e28-e8580dfa83f3,1994-11-25,None,999-57-5895,S99993053,X53843720X,Mr.,Jerrod232,Treutel973,None,None,None,white,nonhispanic,M,Munich  Bavaria  DE,439 Stokes Loaf Unit 92,Somerville,Massachusetts,Middlesex County,2145,42.395223565519061,-71.1731756853369,671557.32000000007,1179.9,2025-11-07T12:24:53.157036,patients.csv,1144,false
e31d10b1-1cfa-e761-c21d-b7fd630f55c3,1997-11-10,None,999-24-2475,S99970079,X14053905X,Mr.,Curt84,Schmidt332,None,None,None,white,nonhispanic,M,Cambridge  Massachusetts  US,345 Leuschke Meadow Apt 95,South Amherst,Massachusetts,Hampshire County,,42.337471246803823,-72.487865987491872,571963.0475,1122.3825,2025-11-07T12:24:53.157036,patients.csv,142,false
5ac6dd24-2c5c-0ac0-91f2-7c10348c139a,1958-11-26,None,999-67-7298,S99928218,X35111169X,Mr.,Denis399,Abshire638,None,None,M,white,nonhispanic,M,Seekonk  Massachusetts  US,234 Gottlieb Wynd Apt 59,South Amherst,Massachusetts,Hampshire County,,42.322313267758588,-72.507486970677476,259676.39999999997,10444.26,2025-11-07T12:24:53.157036,patients.csv,581,false
e7028c1f-d3af-b947-c7df-8757337e9ef3,1990-10-09,None,999-87-4547,S99959714,X85716994X,Mr.,Brent147,Metz686,None,None,M,white,nonhispanic,M,Brookline  Massachusetts  US,205 Runolfsson Manor Unit 74,South Dennis,Massachusetts,Barnstable County,2660,41.680698298580936,-70.172618840610525,776297.13000000012,683.16,2025-11-07T12:24:53.157036,patients.csv,1130,false
a8b8d20e-ecf0-4cb1-7536-38683ba360aa,1980-05-08,None,999-96-2764,S99968102,X55244861X,Mr.,Odis959,Veum823,None,None,M,white,nonhispanic,M,Maynard  Massachusetts  US,552 Kozey Club Suite 35,Southborough,Massachusetts,Worcester County,,42.316689233965874,-71.570518862847635,1029555.6675000002,6370.7025,2025-11-07T12:24:53.157036,patients.csv,679,false
fd510351-83a7-6735-592f-2a45a3da4bed,1984-02-09,2008-01-24,999-97-5059,S99917363,X70170264X,Mr.,Ronnie7,Ledner144,None,None,None,hawaiian,nonhispanic,M,Westford  Massachusetts  US,1095 Bergnaum Gate Suite 64,Southborough,Massachusetts,Worcester County,,42.254189991720047,-71.564731497178528,642203.2175,843.56249999999989,2025-11-07T12:24:53.157036,patients.csv,713,false
574645b2-cbb6-f5b5-97dd-60cd07675773,1984-02-09,None,999-77-2653,S99919973,X83981812X,Mr.,Amado512,Botsford977,None,None,M,hawaiian,nonhispanic,M,Barnstable  Massachusetts  US,976 Krajcik Bypass Apt 77,Southborough,Massachusetts,Worcester County,,42.259257808932233,-71.483709068506371,954317.93499999982,4241.4149999999991,2025-11-07T12:24:53.157036,patients.csv,717,false
af7711e2-9168-bf9a-63de-9fe3e5bad22d,1996-01-06,None,999-18-6191,S99989686,X77345576X,Mr.,Oren284,Vandervort697,None,None,None,white,nonhispanic,M,Everett  Massachusetts  US,184 Murray Gardens Apt 13,Southbridge,Massachusetts,Worcester County,,42.062022834519063,-71.9938930525616,679730.66,10627.68,2025-11-07T12:24:53.157036,patients.csv,507,false
3b6c2a81-32bc-168b-5a45-2b1d3368c6a0,1940-08-16,2013-05-18,999-26-1569,S99965831,X77039660X,Mr.,Wilmer32,Yost751,None,None,M,white,nonhispanic,M,Burlington  Massachusetts  US,204 Hammes Bridge,Spencer,Massachusetts,Worcester County,,42.242534813243523,-72.0401871119469,1891555.8500000008,140198.02000000008,2025-11-07T12:24:53.157036,patients.csv,576,false
ac58e6c6-b5d7-8fe7-a0f3-452885f7b560,1940-08-16,2012-08-05,999-34-6830,S99938649,X65308654X,Mr.,Robt687,Mante251,None,None,S,white,nonhispanic,M,Littleton  Massachusetts  US,819 Hauck Plaza,Spencer,Massachusetts,Worcester County,,42.258729099507249,-71.971805948081922,2683833.8355000005,96057.744500000044,2025-11-07T12:24:53.157036,patients.csv,591,false
27ee3743-45c8-dbad-f3b3-1a49a39e8b83,1940-08-16,None,999-79-2859,S99946207,X39392834X,Mr.,Marcelo725,Kub800,None,None,M,white,nonhispanic,M,Gardner  Massachusetts  US,707 Kassulke Mill Suite 54,Spencer,Massachusetts,Worcester County,1562,42.260299337638287,-72.008281349166225,1951917.6915,71349.758500000011,2025-11-07T12:24:53.157036,patients.csv,605,false
8003a644-3445-56b0-017a-4480f0d6b348,1979-06-10,None,999-82-3674,S99928956,X62277463X,Mr.,Porfirio146,Ledner144,None,None,M,white,nonhispanic,M,Boston  Massachusetts  US,1065 Labadie Trafficway Unit 48,Springfield,Massachusetts,Hampden County,1199,42.116389027580126,-72.557330739641714,1120866.8049999997,2117.655,2025-11-07T12:24:53.157036,patients.csv,659,false
7fa9ddbe-8a25-2200-b944-30a5329e66d4,1916-03-28,1983-12-27,999-75-7322,S99946360,X57603608X,Mr.,Ferdinand55,Ratke343,None,None,M,black,nonhispanic,M,Arlington  Massachusetts  US,1044 Ebert Harbor Suite 72,Springfield,Massachusetts,Hampden County,1106,42.161120301021867,-72.529565761940745,1835378.8625,125497.3775,2025-11-07T12:24:53.157036,patients.csv,846,false
b755085e-cb18-f1f0-d5f3-477b850a231b,1916-03-28,1990-06-25,999-13-4093,S99940947,X81832538X,Mr.,Cole117,Wuckert783,None,None,M,black,nonhispanic,M,Boston  Massachusetts  US,698 Orn Bridge Apt 84,Springfield,Massachusetts,Hampden County,1105,42.125871471967216,-72.580270860301056,1859632.7970000005,304666.943,2025-11-07T12:24:53.157036,patients.csv,858,false
afd9d993-5a0f-0b80-9c52-70a2468e2642,1916-03-28,2003-08-26,999-71-8405,S99926749,X29865245X,Mr.,Raymon366,Mayert710,None,None,M,black,nonhispanic,M,Boston  Massachusetts  US,951 Kunde Gate Apt 24,Springfield,Massachusetts,Hampden County,1105,42.066515895536313,-72.561845572633274,2127449.8225000007,157844.98750000002,2025-11-07T12:24:53.157036,patients.csv,872,false
2a577eb8-be79-318c-3ef8-b34f96032748,1916-03-28,2012-01-22,999-16-3009,S99929791,X59564854X,Mr.,Manuel446,Gusikowski974,None,None,M,black,nonhispanic,M,Chelsea  Massachusetts  US,931 Schultz Path,Springfield,Massachusetts,Hampden County,1108,42.145665427301878,-72.596663944450242,2385693.527,526407.223,2025-11-07T12:24:53.157036,patients.csv,887,false
1636e185-4774-0f3a-d34c-ccde4026abe1,1916-03-28,2002-08-27,999-28-7565,S99980165,X4958206X,Mr.,Chong355,Jakubowski832,None,None,M,black,nonhispanic,M,Sudbury  Massachusetts  US,1011 Hudson Camp,Springfield,Massachusetts,Hampden County,1109,42.058732683286834,-72.582909145203161,2118887.0445,84066.21550000002,2025-11-07T12:24:53.157036,patients.csv,900,false
e6178711-3936-e332-814d-19d8851e314d,1916-03-28,None,999-41-3558,S99989909,X49468139X,Mr.,Warren653,Ullrich385,None,None,M,black,nonhispanic,M,Westfield  Massachusetts  US,612 Weber Green,Springfield,Massachusetts,Hampden County,1020,42.110658382441713,-72.523845065490534,3175190.412,13562280.328000002,2025-11-07T12:24:53.157036,patients.csv,927,false
055bcb42-de36-4673-6d1a-628d1817dcea,1981-10-18,None,999-54-8593,S99946547,X48991639X,Mr.,Sydney660,Kassulke119,None,None,M,white,nonhispanic,M,Acton  Massachusetts  US,891 Okuneva Grove,Stoughton,Massachusetts,Norfolk County,,42.086242298975975,-71.082123095534925,1003809.9499999998,2070.39,2025-11-07T12:24:53.157036,patients.csv,230,false
475803f3-ae29-ba8d-bdd1-25145a94eaee,1977-12-05,None,999-46-6435,S99935213,X62687987X,Mr.,Cleveland582,Dach178,None,None,M,white,nonhispanic,M,Franklin  Massachusetts  US,794 Nienow Quay Unit 96,Stoughton,Massachusetts,Norfolk County,,42.070560238652959,-71.1440446073205,1076008.895,166.48499999999984,2025-11-07T12:24:53.157036,patients.csv,387,false
7049fd33-ca55-6cfd-3dd9-dfcea6228600,1979-01-18,None,999-86-5316,S99916769,X48567887X,Mr.,Parker433,Davis923,None,None,M,white,nonhispanic,M,Chicopee  Massachusetts  US,901 Hintz Harbor Apt 84,Swampscott,Massachusetts,Essex County,1907,42.433133600272107,-70.866324937570312,1051455.6925,114.42749999999997,2025-11-07T12:24:53.157036,patients.csv,241,false
203e71e8-7254-6d5c-64a4-37258364dd41,1965-08-26,None,999-56-2341,S99992175,X59110953X,Mr.,Winston220,Stamm704,None,None,M,white,nonhispanic,M,Melrose  Massachusetts  US,682 King Manor Unit 14,Swansea,Massachusetts,Bristol County,,41.802334713236895,-71.253961979577824,1024386.29,0,2025-11-07T12:24:53.157036,patients.csv,466,false
e3d999ee-c61a-18cd-6045-7e958c87773b,1950-01-20,None,999-63-9460,S99951541,X11025444X,Mr.,Fernando603,Feliciano160,None,None,M,white,hispanic,M,Puebla  Puebla  MX,171 Anderson Junction,Swansea,Massachusetts,Bristol County,,41.790677722781375,-71.223523989974666,1830319.6165,35905.8235,2025-11-07T12:24:53.157036,patients.csv,738,false
f7a3acd9-1c09-59d6-dbaa-079164cbe703,1976-02-19,None,999-36-1674,S99957653,X50897317X,Mr.,Emerson869,Frami345,None,None,M,white,nonhispanic,M,Boston  Massachusetts  US,213 Weissnat Port Apt 83,Taunton,Massachusetts,Bristol County,2718,41.868337078981909,-71.14495171730232,249879.2675,23.872499999999945,2025-11-07T12:24:53.157036,patients.csv,78,false
3248ffc6-0867-0684-6309-c5ec2cba48ee,1974-07-11,None,999-15-8337,S99930147,X12142321X,Mr.,Salvador46,Ozuna605,None,None,M,white,hispanic,M,Santiago de los Caballeros  Santiago  DO,995 Abernathy Harbor Unit 65,Taunton,Massachusetts,Bristol County,,41.894007548206325,-71.0713333837072,1171626.1900000002,3021.18,2025-11-07T12:24:53.157036,patients.csv,571,false
15e26d50-6ea4-1b03-cf83-9748d0f245e7,1967-02-23,None,999-71-3115,S99991745,X68590725X,Mr.,Lucio648,Smith67,None,None,M,white,nonhispanic,M,Worcester  Massachusetts  US,335 Cummings Ville,Taunton,Massachusetts,Bristol County,,41.891507768665228,-71.009166101050965,1356107.2550000004,266.89499999999992,2025-11-07T12:24:53.157036,patients.csv,701,false
f5dbb8d8-6b8b-9648-5f26-d5bb0790fa45,1976-02-12,None,999-51-9194,S99921848,X34974405X,Mr.,Dalton260,Marks830,None,None,M,white,nonhispanic,M,Leominster  Massachusetts  US,963 Kshlerin Quay,Taunton,Massachusetts,Bristol County,2767,41.886376526745615,-70.979772710974856,1130015.285,208.66499999999996,2025-11-07T12:24:53.157036,patients.csv,709,false
9c532b25-cd38-f13a-f2de-2f5538326ed6,1979-09-26,None,999-80-2152,S99965942,X18171364X,Mr.,Quincy153,Conn188,None,None,M,white,nonhispanic,M,Beverly  Massachusetts  US,374 Connelly Estate,Tewksbury,Massachusetts,Middlesex County,,42.6316760626276,-71.227529396744131,2211900.6375,24529.8525,2025-11-07T12:24:53.157036,patients.csv,1151,false
4602928a-c165-443d-8d76-54ef0162f24f,1975-08-18,2006-11-17,999-61-9421,S99933947,X17457310X,Mr.,Bradly656,Schneider199,None,None,M,black,nonhispanic,M,North Attleborough  Massachusetts  US,508 Hand Village Suite 80,Townsend,Massachusetts,Middlesex County,1469,42.64974060454707,-71.737842308318221,782845.57250000013,2836.4475,2025-11-07T12:24:53.157036,patients.csv,989,false
3e1a89ae-50ce-1b40-e1b6-2a9e9dcac7a3,1975-08-18,None,999-58-7990,S99992357,X33589476X,Mr.,Lawrence741,Boyer713,None,None,S,black,nonhispanic,M,New Bedford  Massachusetts  US,938 Barrows Route,Townsend,Massachusetts,Middlesex County,1469,42.65700312998419,-71.708918000472138,1139369.1249999998,5577.525,2025-11-07T12:24:53.157036,patients.csv,1002,false
ebe6f5b1-c05d-6043-33d1-83ef3dc4da13,1996-12-24,None,999-20-5289,S99980799,X640775X,Mr.,Arron144,Labadie908,None,None,None,white,nonhispanic,M,Boston  Massachusetts  US,914 Bauch Station Unit 80,Upton,Massachusetts,Worcester County,1568,42.154066827668593,-71.5909642874441,1380677.625,296.02499999999986,2025-11-07T12:24:53.157036,patients.csv,789,false
8b1cdfbf-b2bc-1d7f-134c-5e040ee593d2,1926-07-19,1997-01-05,999-79-5092,S99993492,X41939127X,Mr.,Willis868,Koss676,None,None,S,white,nonhispanic,M,Lincoln  Massachusetts  US,252 Spinka Spur Unit 52,Wakefield,Massachusetts,Middlesex County,,42.542673666706861,-71.079832403366666,1871064.538,40648.242,2025-11-07T12:24:53.157036,patients.csv,330,false
7ec518e6-787e-cc8a-28f2-6da51fe584b8,1926-07-19,2010-06-02,999-47-8110,S99960805,X88527204X,Mr.,Scott935,Jakubowski832,None,None,M,white,nonhispanic,M,Brockton  Massachusetts  US,447 Marquardt Village Suite 92,Wakefield,Massachusetts,Middlesex County,1880,42.519141082671545,-71.09190398872714,2685963.1554999994,517648.4145,2025-11-07T12:24:53.157036,patients.csv,347,false
a8c08d9f-a2ae-46c6-0371-f596ed13d1cf,1926-07-19,2020-05-01,999-76-3663,S99926333,X52499790X,Mr.,Parker433,Hauck852,None,None,M,white,nonhispanic,M,Boston  Massachusetts  US,1088 Robel Vale Apt 87,Wakefield,Massachusetts,Middlesex County,1940,42.514789017565747,-71.0299990345602,2274651.7910000007,803731.10899999994,2025-11-07T12:24:53.157036,patients.csv,367,false
c03807d7-0b42-0490-23f0-8caeb7c38e74,1926-07-19,1995-09-06,999-54-3679,S99988410,X69412774X,Mr.,Marion502,Ondricka197,None,None,M,white,nonhispanic,M,Grafton  Massachusetts  US,182 Hansen Hollow Apt 29,Wakefield,Massachusetts,Middlesex County,,42.484411870296221,-71.063284515201289,3194932.1100000003,1232.79,2025-11-07T12:24:53.157036,patients.csv,379,false
5ec53533-38d5-fd93-159b-7389ffd95940,1926-07-19,None,999-53-5811,S99914158,X82081492X,Mr.,Jewel43,McClure239,None,None,M,white,nonhispanic,M,Worcester  Massachusetts  US,745 Breitenberg Tunnel,Wakefield,Massachusetts,Middlesex County,1940,42.5211534903204,-71.081899909393968,2372510.1495,128214.4405,2025-11-07T12:24:53.157036,patients.csv,393,false
58e24016-f3f7-e33d-35cd-333d6dedd5aa,1990-03-23,None,999-63-8964,S99955938,X2720674X,Mr.,Alexander630,Dickinson688,None,None,M,white,nonhispanic,M,Boston  Massachusetts  US,128 Weber Haven,Wakefield,Massachusetts,Middlesex County,1880,42.472918586271263,-71.048981409802792,789999.47000000009,757.19999999999982,2025-11-07T12:24:53.157036,patients.csv,810,false
72f91cc7-fb63-84e8-32ff-86456bfa446e,1942-06-07,None,999-45-2196,S99989675,X32228110X,Mr.,Kim439,Barton704,None,None,M,white,nonhispanic,M,Pittsfield  Massachusetts  US,1070 Tromp Byway Apt 35,Wales,Massachusetts,Hampden County,,42.101493355929357,-72.252457613716132,1013727.3515000002,498238.9285,2025-11-07T12:24:53.157036,patients.csv,294,false
4727c1ea-a23f-270d-f38f-e03857029aee,1994-05-26,None,999-27-1176,S99997206,X70857005X,Mr.,Tristan353,Zulauf375,None,None,S,white,nonhispanic,M,Lee  Massachusetts  US,1049 Dare Branch Apt 3,Walpole,Massachusetts,Norfolk County,2081,42.103050706932905,-71.267686798325869,681552.79,0,2025-11-07T12:24:53.157036,patients.csv,255,false
db9b9c1c-0a86-773c-ba82-fbb9b71d9993,1938-10-13,1958-01-09,999-36-6282,S99995012,None,Mr.,Will178,Hilpert278,None,None,None,white,nonhispanic,M,Falmouth  Massachusetts  US,994 Wyman Underpass Suite 60,Walpole,Massachusetts,Norfolk County,,42.160251590347926,-71.240395828248054,547537.36,0,2025-11-07T12:24:53.157036,patients.csv,684,false
09c151c9-f15e-dd85-6233-da9e8aabe0cc,1938-10-13,2019-04-09,999-38-8870,S99971221,X77386388X,Mr.,Ahmed109,Beatty507,None,None,M,white,nonhispanic,M,Boston  Massachusetts  US,514 Schmeler Gateway,Walpole,Massachusetts,Norfolk County,2081,42.139412274211523,-71.285074960893667,2490064.3840000005,56252.385999999991,2025-11-07T12:24:53.157036,patients.csv,697,false
1e7948e2-366f-7289-ac1c-f90303b32125,1938-10-13,2020-04-09,999-82-8092,S99998792,X86232459X,Mr.,Tristan353,Swift555,None,None,S,white,nonhispanic,M,Waltham  Massachusetts  US,604 Rath Divide,Walpole,Massachusetts,Norfolk County,2081,42.18675264142081,-71.283516320078249,2098833.3075,369724.7325,2025-11-07T12:24:53.157036,patients.csv,708,false
d688932a-65c6-3833-4978-3729c3027871,1938-10-13,None,999-55-1173,S99916532,X11753178X,Mr.,Shannon293,Fisher429,None,None,S,white,nonhispanic,M,Cambridge  Massachusetts  US,1012 Orn Row Apt 56,Walpole,Massachusetts,Norfolk County,,42.122358469836669,-71.316422189504536,2145541.0455000005,62527.3945,2025-11-07T12:24:53.157036,patients.csv,721,false
38f38890-b80f-6542-51d4-882c7b37b0bf,1941-01-11,None,999-89-5652,S99970404,X82459872X,Mr.,Napoleon578,Fay398,None,None,S,white,nonhispanic,M,Walpole  Massachusetts  US,182 McDermott Club Unit 86,Waltham,Massachusetts,Middlesex County,2453,42.379428212087277,-71.286369511465253,1979068.732,47025.298,2025-11-07T12:24:53.157036,patients.csv,447,false
4ad26ca0-a43f-700f-6190-9f61154c6de0,1981-11-19,None,999-14-8706,S99979088,X86661679X,Mr.,Warren653,Cruickshank494,None,None,M,white,nonhispanic,M,Sharon  Massachusetts  US,545 Turner Extension Unit 30,Waltham,Massachusetts,Middlesex County,,42.411384224279246,-71.290097389019451,989836.625,10542.165,2025-11-07T12:24:53.157036,patients.csv,921,false
520fdcd4-8d55-8a00-67b8-a0d61a50d9b5,1977-06-18,None,999-48-2753,S99972819,X85721161X,Mr.,Kelvin159,Funk324,None,None,M,white,nonhispanic,M,Billerica  Massachusetts  US,986 Kozey Rapid Apt 30,Waltham,Massachusetts,Middlesex County,2451,42.370473914670072,-71.2556672184489,1113272.9400000002,1381.8599999999997,2025-11-07T12:24:53.157036,patients.csv,1103,false
deaba6f9-a6ec-218f-6dc7-207a210885dd,1963-01-17,None,999-58-4732,S99993840,X66548114X,Mr.,Kurtis994,Hoppe518,None,None,M,black,nonhispanic,M,Somerset  Massachusetts  US,497 Kuhlman Corner,Wareham,Massachusetts,Plymouth County,,41.739108552088283,-70.738933149759916,1451465.2450000006,20513.085000000003,2025-11-07T12:24:53.157036,patients.csv,940,false
5052e0b3-d90b-e3cb-4e81-e3ba03482677,1962-11-28,None,999-32-7064,S99995274,X16018850X,Mr.,Mickey576,Oberbrunner298,None,None,M,white,nonhispanic,M,Boston  Massachusetts  US,863 Carroll Light Suite 26,Wareham,Massachusetts,Plymouth County,,41.789062489361491,-70.695978040830141,2268548.6925,455.9174999999999,2025-11-07T12:24:53.157036,patients.csv,1053,false
06629c1a-687d-5121-1e28-ae123c1fe647,1946-08-12,None,999-61-5618,S99931298,X89482506X,Mr.,Abraham100,Koss676,None,None,M,white,nonhispanic,M,Lexington  Massachusetts  US,558 McDermott Light Apt 4,Wareham,Massachusetts,Plymouth County,,41.797517405621946,-70.718495123609827,1987628.5375,541645.94250000012,2025-11-07T12:24:53.157036,patients.csv,1084,false
5da2277e-7922-0f7c-513d-fcb794d088e7,1981-12-23,None,999-75-6970,S99995048,X64531688X,Mr.,Rosario163,Brekke496,None,None,M,white,nonhispanic,M,Billerica  Massachusetts  US,645 Koelpin Drive,Watertown,Massachusetts,Middlesex County,,42.354171566056323,-71.174241840406339,990560.2375,234.92249999999996,2025-11-07T12:24:53.157036,patients.csv,319,false
dfb2da7f-ed8b-1d6e-504e-db4ace36cee5,1983-12-14,None,999-71-3984,S99929906,X15615907X,Mr.,Tyson541,Bailey598,None,None,M,white,nonhispanic,M,Bellingham  Massachusetts  US,627 Hermann Hollow,Wayland,Massachusetts,Middlesex County,,42.407529818684,-71.383106784747923,958548.35749999958,969.77249999999981,2025-11-07T12:24:53.157036,patients.csv,417,false
c4292552-ab46-dd25-c7ee-61596965f2e2,1965-09-09,2021-05-15,999-94-2808,S99931890,X60373192X,Mr.,Jermaine675,McClure239,None,None,S,white,nonhispanic,M,Malden  Massachusetts  US,413 Kulas Camp,Wellesley,Massachusetts,Norfolk County,,42.257494370427466,-71.259856789850915,2198969.1925000008,17472.187500000025,2025-11-07T12:24:53.157036,patients.csv,938,false
53124209-6f60-0773-61ea-6580dc46b994,1965-09-09,None,999-39-5632,S99925278,X23401194X,Mr.,Herbert830,Renner328,None,None,M,white,nonhispanic,M,Weweantic  Massachusetts  US,421 Lindgren Alley,Wellesley,Massachusetts,Norfolk County,,42.32934449911621,-71.2418048374443,1419447.4625,10368.6375,2025-11-07T12:24:53.157036,patients.csv,947,false
b7b1bd04-5bdc-3ec0-9bc6-45a86930fb9b,1990-09-15,None,999-56-9409,S99922877,X33372505X,Mr.,Domenic627,Weissnat378,None,None,S,white,nonhispanic,M,Marshfield  Massachusetts  US,474 Hettinger Row Unit 60,Wellesley,Massachusetts,Norfolk County,,42.290399302432725,-71.278738043175281,1592203.6249999995,2347.1849999999995,2025-11-07T12:24:53.157036,patients.csv,1041,false
9b7deab3-c8de-8633-b895-5a2903a5a706,1991-11-27,None,999-56-2075,S99954166,X61415162X,Mr.,Cletus494,Stehr398,None,None,M,white,nonhispanic,M,Milton  Massachusetts  US,595 Rowe Parade Unit 92,Wellesley,Massachusetts,Norfolk County,2492,42.292882257709458,-71.248829495755089,740174.6675000001,10020.982499999998,2025-11-07T12:24:53.157036,patients.csv,1091,false
970c155c-87a7-a460-fcf6-9bd78dacaa46,1990-03-07,None,999-46-8790,S99982493,X1557262X,Mr.,Neil122,Johnson679,None,None,M,black,nonhispanic,M,Plymouth  Massachusetts  US,907 Waters Rest,Wellesley,Massachusetts,Norfolk County,2457,42.34804777634838,-71.3233176067043,534002.0575,1518.8624999999995,2025-11-07T12:24:53.157036,patients.csv,1099,false
8ba7f1b3-6345-7177-b767-71342e348f19,1986-07-31,None,999-61-4208,S99973287,X28009541X,Mr.,Edmund685,Tillman293,None,None,S,white,nonhispanic,M,Upton  Massachusetts  US,524 Simonis Park,West Boylston,Massachusetts,Worcester County,,42.3353995883933,-71.763473068882178,915493.0525,77067.8475,2025-11-07T12:24:53.157036,patients.csv,733,false
fc8e4748-86f4-1d49-af95-4c7e48678ca7,1961-07-21,None,999-99-9803,S99965116,X5802982X,Mr.,Jeffery551,Brakus656,None,None,M,white,nonhispanic,M,Berkley  Massachusetts  US,565 Heidenreich Ramp Unit 58,West Dennis,Massachusetts,Barnstable County,2670,41.651763247877732,-70.1941953760419,2623445.9449999989,13738.005,2025-11-07T12:24:53.157036,patients.csv,178,false
42017485-34da-0251-9969-577a72265086,1997-05-04,None,999-68-5210,S99956314,X66241935X,Mr.,Charles364,Klocko335,None,None,None,white,hispanic,M,Rochester  Massachusetts  US,211 Wiza Quay Apt 54,West Springfield,Massachusetts,Hampden County,,42.136409508568,-72.687067823963346,599975.7875,696.3525,2025-11-07T12:24:53.157036,patients.csv,315,false
ac3149dd-1bcb-cfa9-0e7b-db86b88c36a0,1980-05-17,None,999-59-8454,S99962720,X46352918X,Mr.,Garfield38,Waters156,None,None,M,white,nonhispanic,M,Waltham  Massachusetts  US,300 Boehm Landing,West Springfield,Massachusetts,Hampden County,,42.170871780515192,-72.654915909963464,1041314.9675,14104.642500000002,2025-11-07T12:24:53.157036,patients.csv,1127,false
c98f8278-af04-a31b-ebee-65d34ae0466f,1984-12-24,None,999-58-9605,S99933533,X38590801X,Mr.,Rodrigo242,Thompson596,None,None,M,white,nonhispanic,M,Bourne  Massachusetts  US,880 Crooks Ville Unit 15,Westfield,Massachusetts,Hampden County,1086,42.176127662060651,-72.792187472743819,768836.26999999979,0,2025-11-07T12:24:53.157036,patients.csv,191,false
1376b3c5-6250-0dcb-0a6d-d9c595a1e167,1987-05-29,None,999-98-7891,S99958603,X61971934X,Mr.,Keneth579,Kozey370,None,None,M,white,nonhispanic,M,Westford  Massachusetts  US,811 Ferry Route Unit 47,Westfield,Massachusetts,Hampden County,,42.111427078450347,-72.783605814432349,830892.5675,2638.0725,2025-11-07T12:24:53.157036,patients.csv,410,false
23cec4fc-145d-f75d-dc70-2a52c97bd9c3,1951-12-12,None,999-27-7101,S99937334,X49057630X,Mr.,Deandre599,Harris789,None,None,S,white,nonhispanic,M,Bourne  Massachusetts  US,444 O'Keefe Brook Unit 83,Westford,Massachusetts,Middlesex County,,42.598402166369461,-71.453187627666,1819590.304,9605.376,2025-11-07T12:24:53.157036,patients.csv,151,false
03b291e7-6d3f-d687-eac7-cb46455f34e3,1938-05-16,None,999-36-6068,S99995629,X25939616X,Mr.,Rudolf736,Reilly981,PhD,None,M,white,nonhispanic,M,Weymouth  Massachusetts  US,576 Dare Corner Apt 25,Westwood,Massachusetts,Norfolk County,,42.23834904825631,-71.213431894849151,1943519.0250000011,33800.594999999994,2025-11-07T12:24:53.157036,patients.csv,370,false
fabb7ac2-1c62-3293-f43c-e35fb903c1c7,1988-08-29,None,999-83-2791,S99945406,X60729360X,Mr.,Nicholas495,Muller251,None,None,S,asian,nonhispanic,M,Gloucester  Massachusetts  US,334 Bashirian Path,Westwood,Massachusetts,Norfolk County,,42.18753835830092,-71.230611952333035,870093.16750000021,2383.8825,2025-11-07T12:24:53.157036,patients.csv,464,false
d90705f0-2c2d-4126-6504-93d4da9c6f7a,1963-01-07,None,999-14-8528,S99959558,X61039545X,Mr.,Johnie961,Tremblay80,None,None,M,asian,nonhispanic,M,Hanoi  Hà Đông  VN,281 Murphy Tunnel Unit 13,Weymouth,Massachusetts,Norfolk County,2190,42.134858277738722,-70.910049647984138,1417418.825,11403.255,2025-11-07T12:24:53.157036,patients.csv,741,false
f8d9fe9e-f635-5340-41cc-935771d6dec0,2001-12-05,None,999-31-2191,S99935169,None,Mr.,Dino214,Huel628,None,None,None,white,nonhispanic,M,Newburyport  Massachusetts  US,920 Durgan Ville,Whitman,Massachusetts,Plymouth County,,42.053473822890268,-70.890846225852783,529200.50250000006,1045.5974999999996,2025-11-07T12:24:53.157036,patients.csv,702,false
7cfbccad-2a81-400a-4858-1d2f4b680960,1994-09-17,None,999-86-2397,S99969481,X18681509X,Mr.,Nathan164,Stroman228,None,None,M,white,nonhispanic,M,Pinehurst  Massachusetts  US,387 Bailey Ramp Apt 77,Williamsburg,Massachusetts,Hampshire County,,42.412971343617855,-72.714323451314584,700378.10250000027,2113.9575,2025-11-07T12:24:53.157036,patients.csv,297,false
c2b9dc8a-cfe1-da50-5e72-140b66e43996,1999-03-22,None,999-97-4512,S99979910,X459892X,Mr.,Erin498,Mann644,None,None,None,white,nonhispanic,M,Dudley  Massachusetts  US,397 Lang Way Apt 34,Williamsburg,Massachusetts,Hampshire County,,42.39032188034885,-72.75746462293634,72299.252499999988,26775.7975,2025-11-07T12:24:53.157036,patients.csv,764,false
e92c1f65-ac3e-4732-1199-fcaefa803406,1969-06-17,None,999-37-5672,S99952360,X51466551X,Mr.,Ernesto186,Jaramillo133,None,None,S,white,hispanic,M,Havana  Havana  CU,508 Mueller Center Apt 38,Winthrop,Massachusetts,Suffolk County,2128,42.417395173032993,-71.00622320700667,1324142.2075,496.8825,2025-11-07T12:24:53.157036,patients.csv,76,false
b4a8f077-ac06-b045-97d4-30ca90df4a7a,1966-12-11,None,999-55-8767,S99910527,X87832969X,Mr.,Ezra452,Mertz280,None,None,M,white,nonhispanic,M,Watertown  Massachusetts  US,978 Ruecker Row,Woburn,Massachusetts,Middlesex County,1801,42.520869018702086,-71.174872315848489,1393556.6775,1012.9725,2025-11-07T12:24:53.157036,patients.csv,777,false
b2b784f2-7847-a0ce-a217-5bca4eb30c9d,1947-08-15,None,999-10-4281,S99937753,X35631698X,Mr.,Simon598,Langworth352,None,None,M,white,nonhispanic,M,Peabody  Massachusetts  US,143 Conn Route Suite 79,Woburn,Massachusetts,Middlesex County,1801,42.50064583959945,-71.176430551663557,1926486.8625000005,11446.5775,2025-11-07T12:24:53.157036,patients.csv,839,false
137651e5-3f15-db77-2712-ee0b75724502,1995-01-04,None,999-49-5488,S99971015,X60773398X,Mr.,Cory323,Corkery305,None,None,None,white,hispanic,M,Lynn  Massachusetts  US,302 Yost Wynd Apt 51,Woburn,Massachusetts,Middlesex County,1890,42.4521451540673,-71.13206547142353,786261.32499999984,1037.8349999999998,2025-11-07T12:24:53.157036,patients.csv,870,false
3d39376e-488d-8c1b-afd9-857d63d0ae75,1940-10-21,2010-10-24,999-71-6250,S99933111,X69874488X,Mr.,Myron933,Will178,None,None,M,white,nonhispanic,M,Lowell  Massachusetts  US,859 Gerlach Club,Woburn,Massachusetts,Middlesex County,,42.512949314884814,-71.110268315300587,1691696.5410000009,54361.299,2025-11-07T12:24:53.157036,patients.csv,1033,false
45652f54-d755-1f77-5438-c99c8b6fa66a,1940-10-21,None,999-46-7661,S99929583,X86746320X,Mr.,Fabian647,Champlin946,None,None,M,white,nonhispanic,M,Wakefield  Massachusetts  US,859 Leffler Station,Woburn,Massachusetts,Middlesex County,1801,42.473875659678669,-71.1474299906713,2080390.983,505730.937,2025-11-07T12:24:53.157036,patients.csv,1047,false
a7cfdf56-6a3f-ac5c-3a45-6f223312b36c,1996-01-16,None,999-65-8452,S99957564,X9525425X,Mr.,Olen518,O'Reilly797,None,None,None,white,nonhispanic,M,Medway  Massachusetts  US,902 Brekke Ranch,Worcester,Massachusetts,Worcester County,1602,42.228313840235259,-71.774133735196017,676525.64750000008,5717.6024999999991,2025-11-07T12:24:53.157036,patients.csv,195,false
c46a254d-cd25-4375-528b-e8d0da9c6a29,1954-08-12,None,999-45-8535,S99965755,X47806759X,Mr.,Giovanni385,Barrows492,None,None,M,white,nonhispanic,M,Quincy  Massachusetts  US,535 Bartell Junction Unit 77,Worcester,Massachusetts,Worcester County,1604,42.277867411741539,-71.7472784491493,1350529.2125,17335.607500000002,2025-11-07T12:24:53.157036,patients.csv,526,false
98120f78-9add-614d-d23f-1a600e4426e9,1993-04-03,None,999-78-9056,S99934121,X42088260X,Mr.,Wm806,Fahey393,None,None,M,asian,nonhispanic,M,Sherborn  Massachusetts  US,948 Wilkinson Passage Suite 64,Worcester,Massachusetts,Worcester County,1607,42.292662577381776,-71.789799072935821,41311.09,0,2025-11-07T12:24:53.157036,patients.csv,590,false
f9e8b3e4-1c3f-c662-a310-516d338ee41a,1951-09-18,2009-02-04,999-23-8389,S99916160,X62111982X,Mr.,Morris740,Kuhlman484,None,None,M,white,nonhispanic,M,Pembroke  Massachusetts  US,669 Stokes Lane,Worcester,Massachusetts,Worcester County,1604,42.399794080000405,-71.781791348260555,1446443.9300000002,115.49999999999991,2025-11-07T12:24:53.157036,patients.csv,936,false
5919a110-2ed3-1f03-1e41-36245a92f6a2,1951-09-18,2006-12-05,999-47-1617,S99936511,X1633067X,Mr.,Grady603,Rutherford999,None,None,M,white,nonhispanic,M,Amherst  Massachusetts  US,869 Zieme Course Suite 28,Worcester,Massachusetts,Worcester County,1583,42.286715970156415,-71.8163263418135,2544960.4425,38449.5675,2025-11-07T12:24:53.157036,patients.csv,942,false
a3ccbf19-ad9a-7ae1-b926-ba3b0543fe1b,1951-09-18,None,999-60-4264,S99920951,X3535542X,Mr.,Jesse626,Senger904,None,None,M,white,nonhispanic,M,Spencer  Massachusetts  US,554 Greenfelder Trailer,Worcester,Massachusetts,Worcester County,1610,42.217286585920505,-71.785927698831927,1874298.4055,100902.97449999998,2025-11-07T12:24:53.157036,patients.csv,953,false
4d270e33-418e-cae4-7057-0b366477ec76,1964-12-10,None,999-30-3118,S99990763,X70770060X,Mr.,Brendon298,Hermann103,None,None,M,white,nonhispanic,M,Andover  Massachusetts  US,168 Schinner Ferry,Worcester,Massachusetts,Worcester County,1583,42.275120160286981,-71.8240455482619,1470987.0074999994,2191.7325,2025-11-07T12:24:53.157036,patients.csv,966,false
10a1709a-5dde-1e3a-4c06-d8de03764712,1958-04-07,2011-07-10,999-81-4359,S99921632,X77153984X,Mr.,Werner409,Schneider199,None,None,M,white,nonhispanic,M,Auburn  Massachusetts  US,474 Koelpin Street Suite 44,Yarmouth,Massachusetts,Barnstable County,,41.660429724838188,-70.226336259779387,2381577.0825,16500.7875,2025-11-07T12:24:53.157036,patients.csv,74,false
54e10ce1-0444-aa9d-a915-1d576a6a0f70,1958-04-07,None,999-96-5910,S99917499,X67761287X,Mr.,Todd315,Breitenberg711,None,None,S,white,nonhispanic,M,Lowell  Massachusetts  US,259 Lakin Terrace Apt 27,Yarmouth,Massachusetts,Barnstable County,,41.696606197802652,-70.192665074605785,1568370.76,2443.86,2025-11-07T12:24:53.157036,patients.csv,86,false
cbf4f991-0ef5-2f3f-122d-2b73edb21c1f,1955-02-02,2021-07-07,999-84-7772,S99962206,X28334429X,Mr.,Weston546,Thompson596,None,None,S,white,nonhispanic,M,Saugus  Massachusetts  US,426 Collins Park,Yarmouth,Massachusetts,Barnstable County,,41.703253842753057,-70.258708133433046,1854820.6184999996,58014.4315,2025-11-07T12:24:53.157036,patients.csv,125,false
8de0c26b-923d-7d3a-3315-9a800f7e46ec,1955-02-02,None,999-58-6684,S99930358,X22130468X,Mr.,Johnathan55,Reichert620,None,None,M,white,nonhispanic,M,Attleboro  Massachusetts  US,251 Bartoletti Center Unit 97,Yarmouth,Massachusetts,Barnstable County,,41.665298518449923,-70.199279769339256,1648829.2075000005,22627.6725,2025-11-07T12:24:53.157036,patients.csv,138,false
80d1297c-3281-6838-9bb4-69cadd701720,1990-10-24,None,999-52-4852,S99938292,X34647891X,Mr.,Lawrence741,Lueilwitz711,None,None,M,white,nonhispanic,M,Springfield  Massachusetts  US,215 Fay Rue,Yarmouth,Massachusetts,Barnstable County,,41.703254567665951,-70.209238544321522,759348.71,2643.93,2025-11-07T12:24:53.157036,patients.csv,1117,false
988ba5c5-bb2c-1453-cfe7-16ea41c47b42,1980-03-25,None,999-48-8530,S99968160,X22337916X,Mrs.,Eleanora667,Hyatt152,None,Dibbert990,M,white,nonhispanic,F,Lawrence  Massachusetts  US,937 Bartell Parade,Acushnet,Massachusetts,Bristol County,,41.71981432854507,-70.9309052024286,1475272.015,384397.155,2025-11-07T12:24:53.157036,patients.csv,261,false
659bd07d-dffb-9aa2-6a0d-7c52e41e46eb,1949-01-31,None,999-52-9278,S99993229,X89913022X,Mrs.,Michele387,Murphy561,None,Trantow673,M,hawaiian,nonhispanic,F,Marlborough  Massachusetts  US,449 Prohaska Run Apt 98,Arlington,Massachusetts,Middlesex County,,42.458416159558659,-71.191218365308984,2015686.5225000004,555944.08749999991,2025-11-07T12:24:53.157036,patients.csv,236,false
0d281c81-6c94-4578-c69f-217929d12245,1975-08-05,None,999-41-8955,S99957224,X88104387X,Mrs.,Roxy374,Reichert620,None,Ledner144,M,asian,nonhispanic,F,Shrewsbury  Massachusetts  US,544 Hermann Knoll,Arlington,Massachusetts,Middlesex County,2476,42.439072330652451,-71.141933496173593,2455563.1509999991,413895.829,2025-11-07T12:24:53.157036,patients.csv,487,false
c987d011-9807-23da-8487-4d7ce3511a86,1970-10-25,None,999-34-4252,S99993551,X36199706X,Mrs.,Hazel720,Sporer811,None,Hoppe518,M,white,nonhispanic,F,Worcester  Massachusetts  US,564 Stokes Hollow Suite 51,Arlington,Massachusetts,Middlesex County,2476,42.410679690158354,-71.1775413211375,3285140.7290000003,111815.441,2025-11-07T12:24:53.157036,patients.csv,637,false
947b0cd0-6fb9-24b2-4a72-2e418ff0eb65,1975-06-14,None,999-68-3840,S99945957,X85646624X,Mrs.,Malena136,Bashirian201,None,Williamson769,M,black,nonhispanic,F,Cambridge  Massachusetts  US,117 King Corner,Arlington,Massachusetts,Middlesex County,,42.408897493843583,-71.171323125402367,1732493.8124999998,35731.357500000006,2025-11-07T12:24:53.157036,patients.csv,985,false
e4a67e2a-4d8d-70e7-b0fb-83480abf443c,1985-11-06,None,999-80-2956,S99911313,X43861469X,Mrs.,Angelo118,Conroy74,None,Koelpin146,M,white,nonhispanic,F,Malden  Massachusetts  US,909 Harber Camp Unit 82,Attleboro,Massachusetts,Bristol County,2861,41.905158748672989,-71.335054480693259,1622196.8725,2606.6175,2025-11-07T12:24:53.157036,patients.csv,189,false
219ddc63-11fe-e940-aa69-0e1bdd131e08,1994-08-02,None,999-13-3696,S99996833,X25963051X,Mrs.,Allyson474,Gibson10,None,Douglas31,M,white,nonhispanic,F,Sandwich  Massachusetts  US,621 Aufderhar Crossing Unit 97,Attleboro,Massachusetts,Bristol County,,41.917306885573637,-71.3344630787899,1727785.2599999995,4702.0499999999993,2025-11-07T12:24:53.157036,patients.csv,429,false
b3f7b7b8-589f-0f29-bf7d-cf3b162f6c97,1992-10-14,None,999-84-8285,S99918069,X66177779X,Mrs.,Mariette443,Gusikowski974,None,Koss676,M,white,nonhispanic,F,Medford  Massachusetts  US,418 Roob Trailer,Ayer,Massachusetts,Middlesex County,1434,42.550570610291047,-71.574950797814054,1098526.99,11182.02,2025-11-07T12:24:53.157036,patients.csv,819,false
df9f786a-f236-051b-ba94-7dd92e6a16ce,1982-08-02,None,999-84-4843,S99974167,X71365005X,Mrs.,Laurena366,Leuschke194,None,Kerluke267,M,white,nonhispanic,F,Brockton  Massachusetts  US,850 Hyatt Union Suite 25,Barnstable,Massachusetts,Barnstable County,2673,41.672498415856332,-70.2396315817482,1466747.5835000002,308920.5665,2025-11-07T12:24:53.157036,patients.csv,1108,false
58a3b04c-07b8-fd55-b008-316dbd1fe190,1984-06-09,None,999-99-7021,S99977581,X29794551X,Mrs.,Carman694,Wyman904,None,Kiehn525,M,white,nonhispanic,F,West Springfield  Massachusetts  US,689 Ondricka Underpass,Bedford,Massachusetts,Middlesex County,1730,42.459241524985011,-71.2946449685908,1350906.034,583250.88599999994,2025-11-07T12:24:53.157036,patients.csv,368,false
730963e3-8472-75ab-fc64-5be33cdcc125,1974-01-16,None,999-31-7174,S99911891,X66808440X,Mrs.,Teresa94,Estévez304,None,Gaona896,M,white,hispanic,F,Salisbury  Saint Joseph Parish  DM,821 Lehner Skyway,Bellingham,Massachusetts,Norfolk County,2019,42.119365122828768,-71.487016227279668,1630093.6405000002,254363.56950000004,2025-11-07T12:24:53.157036,patients.csv,254,false
afd63046-5213-0c98-561f-12e6725cd1f5,1956-10-25,None,999-88-6383,S99989633,X29496773X,Mrs.,Pattie91,West559,None,Littel644,M,black,nonhispanic,F,Lowell  Massachusetts  US,1020 Dibbert Crossroad,Belmont,Massachusetts,Middlesex County,2472,42.407607954997239,-71.168509730162356,2090761.7830000003,420932.647,2025-11-07T12:24:53.157036,patients.csv,54,false
60e27639-436c-6c04-1ff6-9790df8552f8,1959-09-26,None,999-19-4735,S99950646,X38364251X,Mrs.,Lashandra868,Ankunding277,None,Glover433,M,white,nonhispanic,F,Attleboro  Massachusetts  US,450 Greenfelder Forge Unit 0,Belmont,Massachusetts,Middlesex County,,42.408428551037424,-71.2085199843358,2113164.799,869186.851,2025-11-07T12:24:53.157036,patients.csv,235,false
00126cb9-8460-4747-e302-c3609684531e,1987-05-30,None,999-59-4258,S99925190,X17877784X,Mrs.,Fatima244,Sauer652,None,McLaughlin530,M,white,nonhispanic,F,Quincy  Massachusetts  US,142 Streich Trail,Berkley,Massachusetts,Bristol County,,41.862605374101108,-71.078793246762231,621251.24449999991,794.0955,2025-11-07T12:24:53.157036,patients.csv,694,false
21dde8d5-5497-8bf3-aa32-b79e998e9024,1965-07-18,None,999-54-1820,S99974264,X9231130X,Mrs.,Kristen940,Gulgowski816,None,Brown30,M,white,nonhispanic,F,Worcester  Massachusetts  US,268 Swift Crossing Suite 29,Beverly,Massachusetts,Essex County,1915,42.585868922226389,-70.838370021748858,2343026.6915,214971.7985,2025-11-07T12:24:53.157036,patients.csv,203,false
83f922a9-3567-cb65-b57f-2da9cc05af15,1964-05-16,None,999-51-6068,S99917572,X70648758X,Mrs.,Sofia418,Mesa630,None,Laureano185,M,other,hispanic,F,Gaudalajara  Jalisco  MX,899 Sawayn Trafficway,Beverly,Massachusetts,Essex County,1915,42.523838803893469,-70.835704409362947,650597.68699999992,490604.953,2025-11-07T12:24:53.157036,patients.csv,508,false
0f444cf3-eb58-6f42-c740-a6ab70cec7ee,1955-02-23,None,999-67-7876,S99931188,X52874749X,Mrs.,Genny123,Rath779,None,Hickle134,M,asian,nonhispanic,F,Hanoi  Hà Đông  VN,333 Lockman Well Apt 5,Billerica,Massachusetts,Middlesex County,,42.553303421420125,-71.224924490148354,2466566.7014999995,184146.4085,2025-11-07T12:24:53.157036,patients.csv,180,false
9c4874b9-608e-fce4-9dc9-e30c13607e9d,1950-10-17,1983-12-13,999-77-4948,S99985048,X13913986X,Mrs.,Vi771,Hessel84,None,Vandervort697,M,white,nonhispanic,F,Malden  Massachusetts  US,219 Stoltenberg Street Suite 35,Billerica,Massachusetts,Middlesex County,,42.556023093671442,-71.290624746861539,1318886.1889999998,342273.031,2025-11-07T12:24:53.157036,patients.csv,693,false
9929af95-8955-628e-486b-fe42c02beb5f,1950-10-17,None,999-52-8784,S99953138,X57054427X,Mrs.,Brande998,Jerde200,None,Price929,M,white,nonhispanic,F,Plainville  Massachusetts  US,1009 Hessel Run,Billerica,Massachusetts,Middlesex County,,42.547602147235189,-71.304041676495615,2557405.147499999,420712.52250000008,2025-11-07T12:24:53.157036,patients.csv,704,false
f93d0c19-72cd-0f7b-b8b1-e5ebf30a0283,1972-11-04,None,999-43-7826,S99916786,X86497797X,Mrs.,Shandi937,Russel238,None,Braun514,M,white,nonhispanic,F,Chatham  Massachusetts  US,139 Lockman Esplanade,Blackstone,Massachusetts,Worcester County,,42.089248402069082,-71.552645199297686,1927398.2055,233146.0045,2025-11-07T12:24:53.157036,patients.csv,1036,false
97a20cf9-630d-939c-2f50-f13c434aee2f,1984-03-23,None,999-16-8479,S99946662,X72015493X,Mrs.,Mayme605,Walter473,None,Lesch175,M,white,nonhispanic,F,Blackstone  Massachusetts  US,441 Rodriguez Bridge,Boston,Massachusetts,Suffolk County,2129,42.366923924774568,-71.064830736063172,1622874.1175,74751.4725,2025-11-07T12:24:53.157036,patients.csv,14,false
1a4f3136-4eae-dc5d-f68d-046b7a2e11ea,1977-12-20,None,999-93-7085,S99995964,X59518478X,Mrs.,Sherilyn598,O'Keefe54,JD,Funk324,M,white,nonhispanic,F,Salem  Massachusetts  US,897 Heller Divide Suite 7,Boston,Massachusetts,Suffolk County,2152,42.359976191756161,-70.966535473283983,1411929.5075000008,70930.8225,2025-11-07T12:24:53.157036,patients.csv,168,false
86dbfa87-dc1c-e529-f39b-4910e4deb3fb,1965-11-08,None,999-89-4912,S99930941,X5382549X,Mrs.,Katlyn29,Hyatt152,None,Sipes176,M,white,nonhispanic,F,Amherst  Massachusetts  US,410 Rippin Mill Unit 1,Boston,Massachusetts,Suffolk County,2135,42.249299623524877,-71.082560225285391,2215111.029,640214.231,2025-11-07T12:24:53.157036,patients.csv,174,false
39b9fc41-87ce-92a5-5096-539739bb657c,1954-08-28,None,999-44-2498,S99962393,X52165653X,Mrs.,Jenice416,O'Conner199,None,Zulauf375,M,white,nonhispanic,F,Worcester  Massachusetts  US,192 Ebert Knoll,Boston,Massachusetts,Suffolk County,2152,42.307335523716674,-71.1249609630085,1560904.4480000013,963252.08199999982,2025-11-07T12:24:53.157036,patients.csv,204,false
ec56f618-56ed-cf49-78fd-4d561bf7cba3,1941-01-11,None,999-63-6253,S99982640,X76810226X,Mrs.,Shonta375,Veum823,None,Hoppe518,M,white,nonhispanic,F,Boston  Massachusetts  US,845 Koepp Orchard Apt 5,Boston,Massachusetts,Suffolk County,2136,42.315671687996513,-70.997299591980422,1530305.1505000005,93524.089500000016,2025-11-07T12:24:53.157036,patients.csv,205,false
f3d95ff6-eeeb-a007-cde5-e69cfeee826f,1993-02-21,None,999-44-9249,S99945999,X11524005X,Mrs.,Lanie389,Zemlak964,None,O'Hara248,M,asian,hispanic,F,West Springfield  Massachusetts  US,904 Boyer Station,Boston,Massachusetts,Suffolk County,2125,42.353321573238283,-71.068512170072808,1153646.885,149922.92500000002,2025-11-07T12:24:53.157036,patients.csv,219,false
563187cb-7236-8b85-e6bc-79f35538910d,1968-09-11,None,999-56-6769,S99962347,X23014863X,Mrs.,Argelia29,Will178,None,Reichel38,M,white,nonhispanic,F,Boston  Massachusetts  US,607 Simonis Lock Unit 63,Boston,Massachusetts,Suffolk County,2119,42.385436939504345,-71.0829710916672,2040350.8704999995,124695.1395,2025-11-07T12:24:53.157036,patients.csv,226,false
962a8fe2-592a-c99a-66d0-54d77146d6d8,1965-03-25,2019-10-28,999-47-1207,S99971196,X27377X,Mrs.,Gerda633,Lind531,None,Kohler843,M,white,nonhispanic,F,Lynnfield  Massachusetts  US,343 Nienow Passage,Boston,Massachusetts,Suffolk County,2215,42.350066192963652,-71.1406328369445,1912792.3755000003,802239.7845,2025-11-07T12:24:53.157036,patients.csv,265,false
4ca722b8-631c-fc54-1145-8d2c4d66809f,1965-03-25,None,999-53-9668,S99981975,X32253229X,Mrs.,Dona966,Purdy2,None,Kuvalis369,M,white,nonhispanic,F,Cambridge  Massachusetts  US,519 Hessel Mall Unit 61,Boston,Massachusetts,Suffolk County,2210,42.41359643253071,-70.957203734318455,2310128.3035000004,693633.5465,2025-11-07T12:24:53.157036,patients.csv,271,false
25d06c17-e5a4-02b2-a18f-67886970cefa,1969-02-02,None,999-66-7856,S99937288,X41644284X,Mrs.,Illa976,Kuphal363,None,Pagac496,M,black,nonhispanic,F,Webster  Massachusetts  US,497 Miller Divide Unit 37,Boston,Massachusetts,Suffolk County,2130,42.301326625139794,-71.139909505079572,1097057.5085000002,582015.76149999991,2025-11-07T12:24:53.157036,patients.csv,340,false
45e16cee-56b9-4619-d136-dbba2af81729,1944-09-12,None,999-67-7010,S99913854,X72807212X,Mrs.,Dann525,Wisoky380,None,Dooley940,M,white,nonhispanic,F,Boston  Massachusetts  US,828 Monahan Highlands Apt 95,Boston,Massachusetts,Suffolk County,2111,42.293121378339933,-71.141300331078156,2943064.4205,514447.4995,2025-11-07T12:24:53.157036,patients.csv,471,false
8c39d1ea-a482-d741-288d-0c780719797f,1983-01-10,None,999-23-5190,S99920464,X65059106X,Mrs.,Nova124,Blanda868,None,Ziemann98,M,white,nonhispanic,F,Boston  Massachusetts  US,233 Armstrong Light Apt 64,Boston,Massachusetts,Suffolk County,2199,42.307442408593822,-71.143787896989124,1485050.6820000005,376521.408,2025-11-07T12:24:53.157036,patients.csv,503,false
76b289fd-e825-734c-8446-316f59643593,1985-03-03,None,999-60-5165,S99923771,X46712909X,Mrs.,Agueda283,Gerhold939,None,Deckow585,M,white,nonhispanic,F,Weymouth  Massachusetts  US,733 Bednar Grove Apt 36,Boston,Massachusetts,Suffolk County,2115,42.377612571458215,-71.030448337667082,1695758.9425000004,272689.1075,2025-11-07T12:24:53.157036,patients.csv,530,false
fdc21ebe-f012-0831-ccfc-28d243f4b5ac,1982-07-07,None,999-69-7155,S99979213,X48497456X,Mrs.,Luci727,Murphy561,None,Wuckert783,M,white,nonhispanic,F,Swampscott  Massachusetts  US,761 O'Conner Junction,Boston,Massachusetts,Suffolk County,2129,42.36586733810897,-71.004956235984977,1411179.815,31385.895,2025-11-07T12:24:53.157036,patients.csv,547,false
fbe20eaf-cbd9-11a2-2791-d69cc00771bb,1976-08-26,None,999-83-2588,S99954861,X83266101X,Mrs.,Glinda951,O'Keefe54,None,Flatley871,M,white,nonhispanic,F,West Brookfield  Massachusetts  US,715 Sipes Fort Suite 53,Boston,Massachusetts,Suffolk County,2125,42.393987148278157,-71.103348464122149,1778449.7470000002,193985.823,2025-11-07T12:24:53.157036,patients.csv,568,false
ca063a61-6723-6d9c-b0b8-8bf1c7308b20,1951-02-22,None,999-14-4317,S99928925,X78604966X,Mrs.,Britt177,Sanford861,None,Klocko335,M,white,nonhispanic,F,Lynn  Massachusetts  US,266 Stroman Loaf,Boston,Massachusetts,Suffolk County,2118,42.356657098313953,-71.096999637458552,2366359.3505000011,152238.6495,2025-11-07T12:24:53.157036,patients.csv,585,false
9b02c15f-b00b-9618-929a-be6e432bd191,1929-08-22,None,999-88-4257,S99944444,X27715695X,Mrs.,Ligia986,Becker968,None,Nitzsche158,M,black,nonhispanic,F,Halifax  Massachusetts  US,980 Reichel Plaza Unit 32,Boston,Massachusetts,Suffolk County,2118,42.3167292781576,-71.127838565582337,2310490.2130000005,393576.747,2025-11-07T12:24:53.157036,patients.csv,597,false
8adb0f0b-979c-f354-4afe-93335d71af3a,1975-03-10,None,999-66-9877,S99984073,X74933308X,Mrs.,Juana825,Duarte203,None,Menéndez746,M,white,hispanic,F,Salisbury  Saint Joseph Parish  DM,677 Gaylord Divide Apt 82,Boston,Massachusetts,Suffolk County,2125,42.337323443486831,-70.999474940290128,1971273.33,5422.41,2025-11-07T12:24:53.157036,patients.csv,608,false
989f497b-48d4-50e7-2df2-9b583f0ceebc,1983-01-16,None,999-89-9511,S99976213,X2691580X,Mrs.,Marjory382,Beatty507,None,King743,M,white,nonhispanic,F,Hopkinton  Massachusetts  US,463 Nader Walk,Boston,Massachusetts,Suffolk County,2152,42.382949165588208,-71.040088947935388,871783.154,74482.166,2025-11-07T12:24:53.157036,patients.csv,650,false
cb06b854-fa3d-3450-214a-bd8ad35d07d2,1963-07-03,2016-08-24,999-75-3059,S99932016,X50069811X,Mrs.,Micaela928,Cordero852,None,Uribe503,M,white,hispanic,F,La Paz  Baja California  MX,505 Roberts Trail,Boston,Massachusetts,Suffolk County,2210,42.394718265693847,-71.167785312277346,743195.39999999979,0,2025-11-07T12:24:53.157036,patients.csv,665,false
02ceca12-357f-981e-dcf3-3d26d3c1ff82,1963-07-03,None,999-42-7667,S99942844,X74034818X,Mrs.,María Teresa440,Valadez233,None,Bermúdez789,M,white,hispanic,F,Santo Domingo  National District  DO,245 Wehner Center,Boston,Massachusetts,Suffolk County,2152,42.383765530787606,-71.029922746715428,2049256.98,0,2025-11-07T12:24:53.157036,patients.csv,680,false
720e9d83-7140-7188-3aab-1752dd2c3183,1970-10-14,None,999-68-8912,S99966115,X85103061X,Mrs.,Jesica465,Schumm995,None,Rolfson709,M,asian,nonhispanic,F,Tokyo  Tokyo  JP,396 Gutmann View Apt 32,Boston,Massachusetts,Suffolk County,2136,42.346770796212361,-71.06389302639991,2829171.319,226205.071,2025-11-07T12:24:53.157036,patients.csv,802,false
1bc585d3-2a40-d934-3d96-f50fd607093f,1968-01-12,None,999-10-2590,S99936561,X64115997X,Mrs.,Carroll471,Hirthe744,None,Zieme486,M,white,nonhispanic,F,Everett  Massachusetts  US,124 Luettgen Crossroad,Boston,Massachusetts,Suffolk County,2135,42.340594323911347,-71.116912099613259,1993850.9195000003,500687.8405,2025-11-07T12:24:53.157036,patients.csv,808,false
9f2de402-cf41-e01d-2989-111bd5201620,1964-01-30,None,999-60-6529,S99992006,X71823182X,Mrs.,Estela596,Posada6,None,Girón243,M,black,hispanic,F,Bogota  Bogota  CO,625 Flatley Knoll,Boston,Massachusetts,Suffolk County,2134,42.359505252173591,-71.030299454158168,2057404.4105000005,198353.1995,2025-11-07T12:24:53.157036,patients.csv,811,false
ad3817b1-abe7-9976-1cee-478bf8e4c406,1987-03-22,None,999-30-7507,S99912680,X83190651X,Mrs.,Frieda277,Homenick806,None,Hessel84,M,white,nonhispanic,F,Andover  Massachusetts  US,150 Stroman Lock,Boston,Massachusetts,Suffolk County,2111,42.33637141979257,-71.057288120403754,1253881.158,179902.12199999997,2025-11-07T12:24:53.157036,patients.csv,852,false
9e3f000c-d04d-ac28-0571-81b6af1e9fba,1986-12-27,None,999-21-3731,S99937149,X87772178X,Mrs.,Mallory926,Lynch190,None,Witting912,M,black,nonhispanic,F,Boston  Massachusetts  US,525 Gusikowski Ville,Boston,Massachusetts,Suffolk County,2210,42.380260614770691,-71.145395712371212,1174441.3699999996,385346.54,2025-11-07T12:24:53.157036,patients.csv,928,false
27cb1c2f-4ec0-6e24-d080-e46178f712d5,1986-01-30,None,999-33-9945,S99927551,X36906147X,Mrs.,Isabelle619,Wiza601,None,Corkery305,M,white,nonhispanic,F,New Bedford  Massachusetts  US,868 Weber Dale,Boston,Massachusetts,Suffolk County,2152,42.384626654300014,-71.086623652297163,1060136.3924999998,541069.50749999983,2025-11-07T12:24:53.157036,patients.csv,1122,false
92895f1d-3f61-fc09-a300-e3e533a25592,1974-06-05,None,999-23-5390,S99990789,X64916399X,Mrs.,Bea654,Rice937,None,Glover433,M,white,nonhispanic,F,Brockton  Massachusetts  US,650 Gutmann Club Suite 12,Bridgewater,Massachusetts,Plymouth County,,41.9720001639274,-71.00694865447096,1733526.6005000002,259886.08949999997,2025-11-07T12:24:53.157036,patients.csv,419,false
873049ed-d86d-74b2-84c4-cbc49b4384d0,1993-03-21,None,999-13-1668,S99962444,X84073310X,Mrs.,Lean294,Barrows492,None,Raynor401,M,black,nonhispanic,F,New Bedford  Massachusetts  US,211 Wolff Quay,Brockton,Massachusetts,Plymouth County,2301,42.053050016556362,-71.063426057110959,950328.2205,21883.7995,2025-11-07T12:24:53.157036,patients.csv,176,false
28db1c55-fe99-d5c8-8fc4-bffda09ab3be,1977-09-15,None,999-56-1244,S99965321,X56966869X,Mrs.,Sana377,Wolff180,None,Nitzsche158,M,white,nonhispanic,F,Sutton  Massachusetts  US,114 Borer Club,Brockton,Massachusetts,Plymouth County,2301,42.0378007979013,-71.034075653727953,1280072.9465,527316.81349999981,2025-11-07T12:24:53.157036,patients.csv,212,false
dba87de8-9e28-0140-47c4-9419277178f0,1960-08-10,None,999-26-5277,S99960730,X5905304X,Mrs.,Tomiko229,Ratke343,None,Fisher429,M,white,nonhispanic,F,Dracut  Massachusetts  US,1016 Olson Wynd Apt 7,Brockton,Massachusetts,Plymouth County,2302,42.074394758797418,-71.07555548835532,2242714.7345,366862.6755,2025-11-07T12:24:53.157036,patients.csv,309,false
72b71d33-b242-8f86-7ce0-198b3dfd3bf1,1948-06-28,None,999-49-4855,S99989334,X71003317X,Mrs.,Thresa531,Mante251,None,Wehner319,M,white,nonhispanic,F,Stoneham  Massachusetts  US,134 Borer Bypass,Brockton,Massachusetts,Plymouth County,2351,42.076415983974179,-70.996590338410556,3833526.6570000006,166938.13300000006,2025-11-07T12:24:53.157036,patients.csv,430,false
b74d0752-3c8d-4374-78d0-618105abb04c,1974-02-04,None,999-99-7733,S99938362,X9252220X,Mrs.,Kaye394,Mayert710,None,Abshire638,M,white,nonhispanic,F,Waltham  Massachusetts  US,1095 West Rapid Unit 71,Brockton,Massachusetts,Plymouth County,2302,42.125251325530293,-71.074343049994539,1339783.1680000003,134330.912,2025-11-07T12:24:53.157036,patients.csv,539,false
f56514f4-c048-cf96-796a-d0ec65dbd6e4,1947-09-05,None,999-54-2956,S99918777,X1314490X,Mrs.,Alyssa971,Hudson301,None,Lowe577,M,white,nonhispanic,F,Gloucester  Massachusetts  US,863 Howell Well,Brockton,Massachusetts,Plymouth County,2302,42.103716994964763,-71.0104534271944,2572506.9925,206087.5475,2025-11-07T12:24:53.157036,patients.csv,1017,false
9acc871f-b577-5530-b8ad-fa95b58cea25,1985-03-24,None,999-59-7726,S99918599,X14875434X,Mrs.,Lavinia262,Heaney114,None,Maggio310,M,white,nonhispanic,F,Cambridge  Massachusetts  US,446 Kreiger Route,Brookline,Massachusetts,Norfolk County,2446,42.297126909398351,-71.145239566573068,1425692.5085,154972.8415,2025-11-07T12:24:53.157036,patients.csv,17,false
f8cbe1ed-be00-21ac-5705-080cb286f964,1993-08-13,None,999-18-2735,S99951343,X79754736X,Mrs.,Anna632,Davis923,None,West559,M,white,nonhispanic,F,Gloucester  Massachusetts  US,496 Zboncak Meadow,Brookline,Massachusetts,Norfolk County,2445,42.353715380179771,-71.0693985208808,1312220.27,0,2025-11-07T12:24:53.157036,patients.csv,304,false
a24ffe4b-09c7-3855-e3b3-0b2983c73077,1990-11-20,None,999-36-4153,S99938233,X87304005X,Mrs.,Ivory697,Mueller846,None,Lueilwitz711,M,asian,nonhispanic,F,Holyoke  Massachusetts  US,386 Fay Vale Suite 2,Brookline,Massachusetts,Norfolk County,2215,42.355313988932252,-71.083113217032661,155289.49200000006,1015730.348,2025-11-07T12:24:53.157036,patients.csv,426,false
c45f3bc4-82f5-dddb-0131-a8636d9c4564,1947-12-01,None,999-36-8749,S99978258,X53257915X,Mrs.,Lea264,Will178,None,Labadie908,M,white,nonhispanic,F,Lanesborough  Massachusetts  US,129 Kshlerin Rapid,Brookline,Massachusetts,Norfolk County,2467,42.38096744951735,-71.087206727981268,2214298.7030000007,878342.46699999983,2025-11-07T12:24:53.157036,patients.csv,903,false
ef167059-cef0-12c4-49db-993ca3a20c01,1928-11-13,2008-11-15,999-78-2852,S99972880,X57225400X,Mrs.,Rozella39,Mertz280,None,Lang846,M,asian,nonhispanic,F,Delhi  Delhi  IN,160 Halvorson Ranch,Burlington,Massachusetts,Middlesex County,1803,42.490679195162521,-71.260833143299763,2956473.0354999988,359839.5145,2025-11-07T12:24:53.157036,patients.csv,257,false
79b1d90a-0eaf-be78-9bbf-91c638626012,1928-11-13,2016-04-19,999-43-1125,S99958928,X23616834X,Mrs.,Milagros256,Hills818,None,Koch169,M,asian,nonhispanic,F,Hyderabad  Andhra Pradesh  IN,468 Erdman Wynd,Burlington,Massachusetts,Middlesex County,,42.537104584416632,-71.243921786858039,941335.5725,247016.9175,2025-11-07T12:24:53.157036,patients.csv,285,false
30813a62-aa9f-3c7c-cc52-6c3957a3c1b1,1928-11-13,None,999-17-2762,S99912910,X54008264X,Mrs.,January966,Ledner144,None,Schroeder447,M,asian,nonhispanic,F,Hyderabad  Andhra Pradesh  IN,120 Zieme Manor Unit 21,Burlington,Massachusetts,Middlesex County,,42.499350286197981,-71.278976025273721,2052142.1520000005,141990.30800000002,2025-11-07T12:24:53.157036,patients.csv,321,false
0288c42c-43a1-9878-4a9d-6b96caa12c40,1979-12-17,None,999-68-7908,S99962050,X4451825X,Mrs.,Miki234,Kozey370,None,Morar593,M,white,nonhispanic,F,Northbridge  Massachusetts  US,636 Stamm Gateway,Cambridge,Massachusetts,Middlesex County,2472,42.337425423321065,-71.1066547010483,1134817.5705,226909.9595,2025-11-07T12:24:53.157036,patients.csv,9,false
355a3cad-a055-c14b-117e-47accfc708ca,1991-01-12,None,999-62-5328,S99998129,X24450449X,Mrs.,Carole948,Konopelski743,None,Kulas532,M,white,nonhispanic,F,Franklin  Massachusetts  US,616 Kulas Stravenue,Cambridge,Massachusetts,Middlesex County,2472,42.386780458924072,-71.177823802732192,929404.801,356003.799,2025-11-07T12:24:53.157036,patients.csv,360,false
6d06eb4a-dc31-a2d2-1144-afea738d5302,1982-12-16,None,999-19-5507,S99959204,X73798433X,Mrs.,Cristen212,Hammes673,None,Gleichner915,M,white,hispanic,F,Boston  Massachusetts  US,491 Rippin Trail,Cambridge,Massachusetts,Middlesex County,2139,42.405236281133377,-71.090942664145473,1888622.141,427968.60900000005,2025-11-07T12:24:53.157036,patients.csv,521,false
41998d9e-8d92-3272-1252-cabbd55696a6,1956-05-17,None,999-20-7028,S99951275,X13452901X,Mrs.,Debora709,Conn188,None,Thiel172,M,white,nonhispanic,F,Stockbridge  Massachusetts  US,329 Schaden Glen Suite 86,Cambridge,Massachusetts,Middlesex County,2472,42.408741150676917,-71.1809946475533,1329362.6700000004,0,2025-11-07T12:24:53.157036,patients.csv,937,false
e70e7298-5026-74b0-505b-110dd1ce0af7,1941-10-26,None,999-95-6406,S99955846,X26191014X,Mrs.,Lyla842,Braun514,None,Kozey370,M,white,nonhispanic,F,Framingham  Massachusetts  US,250 Senger Glen Suite 62,Canton,Massachusetts,Norfolk County,,42.144818370667487,-71.090462495944422,2328980.126,274946.544,2025-11-07T12:24:53.157036,patients.csv,62,false
4688bc6a-6bd0-4a88-a590-9a11677082c9,1985-08-06,None,999-16-4013,S99946111,X35968501X,Mrs.,Kyra237,Pagac496,None,Howell947,M,white,nonhispanic,F,Revere  Massachusetts  US,137 Kerluke Plaza,Canton,Massachusetts,Norfolk County,,42.221286498335438,-71.119120863393945,1949682.0820000009,540806.068,2025-11-07T12:24:53.157036,patients.csv,280,false
3f8f669e-a86e-7ed2-9cd3-af981a89dfa1,1948-04-11,None,999-40-3939,S99947171,X85609499X,Mrs.,Shelba765,Dicki44,None,Hahn503,M,white,nonhispanic,F,West Bridgewater  Massachusetts  US,909 Orn Forge Suite 29,Carlisle,Massachusetts,Middlesex County,,42.550213084992187,-71.374728460070187,2795403.9405,157385.56949999998,2025-11-07T12:24:53.157036,patients.csv,483,false
7683e3a1-996d-1f2a-8bca-a463ad969cc1,1958-04-04,None,999-95-4370,S99967577,X37085741X,Mrs.,Luanna919,Schuppe920,None,Kohler843,M,white,nonhispanic,F,Boston  Massachusetts  US,521 Conroy Crossing,Carver,Massachusetts,Plymouth County,,41.906761636670566,-70.701490319152867,1564581.0510000004,180781.949,2025-11-07T12:24:53.157036,patients.csv,362,false
82e25b95-7bfc-a54f-f242-1e7156c27d74,1973-01-05,None,999-75-5152,S99991048,X88055709X,Mrs.,Marlen929,Kulas532,None,Mante251,M,white,nonhispanic,F,Millville  Massachusetts  US,598 Donnelly Camp Unit 65,Chelmsford,Massachusetts,Middlesex County,,42.562424414617766,-71.364408910031344,1568232.8825000003,277690.4575,2025-11-07T12:24:53.157036,patients.csv,171,false
e25be42f-7103-4d46-f926-f9eb6f6381b2,1954-12-17,None,999-82-1807,S99942823,X19510103X,Mrs.,Marybeth994,Brekke496,None,Robel940,M,white,nonhispanic,F,Malden  Massachusetts  US,129 Koss Harbor Suite 99,Chelmsford,Massachusetts,Middlesex County,,42.580490059457063,-71.3797404526043,2665896.1929999995,386664.50699999993,2025-11-07T12:24:53.157036,patients.csv,1018,false
eb2f8ba1-fd23-fdbb-dbe3-484a3d58244e,1913-06-22,None,999-98-7216,S99949779,X72129908X,Mrs.,Claude750,Nikolaus26,None,Mills423,M,white,nonhispanic,F,Bridgewater  Massachusetts  US,971 Schoen Green,Chesterfield,Massachusetts,Hampshire County,,42.421536276993429,-72.876239696357672,2919032.9190000012,355508.37100000004,2025-11-07T12:24:53.157036,patients.csv,412,false
a8b166c9-23da-d720-b0e1-296944f432dc,1968-01-07,None,999-51-8763,S99951944,X14927503X,Mrs.,Shirlene698,Pfeffer420,None,Becker968,M,white,nonhispanic,F,Barnstable  Massachusetts  US,510 Sawayn Gateway,Chicopee,Massachusetts,Hampden County,,42.170376411037672,-72.586391412727423,1866198.4675000007,12357.3225,2025-11-07T12:24:53.157036,patients.csv,643,false
df9b9e5b-c894-1879-c153-3e9df381f15b,1981-01-10,None,999-60-8749,S99968145,X57643535X,Mrs.,Karma832,Klocko335,None,Kohler843,M,white,hispanic,F,Springfield  Massachusetts  US,615 Frami Crossroad,Clinton,Massachusetts,Worcester County,1510,42.453779593526335,-71.700392107841466,421092.20550000033,790870.5445,2025-11-07T12:24:53.157036,patients.csv,345,false
936d198f-ca91-62c8-4ed5-7e1bf4bf2725,1971-04-02,None,999-65-9171,S99976084,X86396139X,Mrs.,Coretta598,O'Connell601,None,Wehner319,M,white,nonhispanic,F,Boston  Massachusetts  US,793 Hammes Vale,Cochituate,Massachusetts,Middlesex County,,42.322200055242341,-71.39986258669515,1665776.3035,194689.9165,2025-11-07T12:24:53.157036,patients.csv,1080,false
78a50f0f-cce6-17f0-cc9f-bd605ce78292,1984-12-26,None,999-96-2106,S99920846,X64074744X,Mrs.,Mardell937,Legros616,None,Johnston597,M,white,nonhispanic,F,New Bedford  Massachusetts  US,365 Prosacco Byway,Cohasset,Massachusetts,Norfolk County,,42.276723163726274,-70.7630702435798,1099682.6775,587.51249999999993,2025-11-07T12:24:53.157036,patients.csv,81,false
2af5741b-913e-7915-e51c-890dd5c261fa,1963-06-04,None,999-11-5951,S99936435,X88574363X,Mrs.,Janna498,Shanahan202,None,Weissnat378,M,white,nonhispanic,F,Baldwinville  Massachusetts  US,851 Anderson Street Suite 89,Concord,Massachusetts,Middlesex County,,42.487176307947273,-71.3814951284677,2847179.3200000012,48814.01999999999,2025-11-07T12:24:53.157036,patients.csv,225,false
ce54be47-1a8f-e1eb-9b4d-ca61378d9f41,1924-12-04,None,999-47-6461,S99986782,X17097847X,Mrs.,Trinh357,Sanford861,None,Wiegand701,M,white,nonhispanic,F,Dedham  Massachusetts  US,1023 Quigley Camp Unit 54,Danvers,Massachusetts,Essex County,,42.576924034209171,-70.94218175458748,2819452.1084999987,1377770.5215000007,2025-11-07T12:24:53.157036,patients.csv,253,false
74ead5ce-b1a1-88ee-3d88-8c5502531d68,1974-05-11,None,999-33-8015,S99972918,X59790515X,Mrs.,Diane211,Murphy561,None,Gleason633,M,black,hispanic,F,Boston  Massachusetts  US,646 Hagenes Union,Danvers,Massachusetts,Essex County,1937,42.620249130966442,-70.977147396452565,2114929.4775,6058.4625,2025-11-07T12:24:53.157036,patients.csv,796,false
48e5fb94-b8a0-49e0-7426-63cbccc47945,1964-09-14,None,999-80-1232,S99977153,X17194361X,Mrs.,Sharlene906,Dach178,None,Glover433,M,hawaiian,nonhispanic,F,Boston  Massachusetts  US,739 Padberg Annex Suite 39,Dartmouth,Massachusetts,Bristol County,,41.542008606291247,-71.0063866503759,2015887.0265000009,980143.59349999984,2025-11-07T12:24:53.157036,patients.csv,553,false
f9aa1bd1-6273-2f88-c9c3-39f7b9c0c270,1968-04-22,None,999-22-3672,S99972437,X86871324X,Mrs.,Macy314,Stroman228,None,Hackett68,M,black,nonhispanic,F,Dighton  Massachusetts  US,437 Lebsack Trace,Dartmouth,Massachusetts,Bristol County,,41.575248813599394,-70.911947893591247,1559851.6025000005,84381.997500000085,2025-11-07T12:24:53.157036,patients.csv,599,false
18022a84-1fd7-ba38-3567-efbc6a50e9d4,1967-05-11,None,999-72-2163,S99927017,X11327446X,Mrs.,Narcisa997,Torphy630,None,Rath779,M,white,nonhispanic,F,Haverhill  Massachusetts  US,752 Cormier Common Suite 91,Dedham,Massachusetts,Norfolk County,2026,42.264647928727364,-71.1317289089654,2021538.209,360999.05100000009,2025-11-07T12:24:53.157036,patients.csv,329,false
d3daf8c9-7cb8-995f-b698-f1d59b19a6b0,1965-07-04,None,999-41-4798,S99928248,X73557079X,Mrs.,Fredda152,Larkin917,None,Osinski784,M,white,nonhispanic,F,Leominster  Massachusetts  US,503 Runolfsson Crossroad,Dennis,Massachusetts,Barnstable County,2638,41.735578567515375,-70.177412286139656,2526405.2499999995,0,2025-11-07T12:24:53.157036,patients.csv,217,false
6d2fc252-7270-aa59-e5e0-0c21432984ba,1949-08-12,None,999-66-5514,S99964901,X27939024X,Mrs.,Allison818,Howell947,None,Mueller846,M,white,nonhispanic,F,Natick  Massachusetts  US,1095 Hartmann Trailer,East Dennis,Massachusetts,Barnstable County,2641,41.737883845187085,-70.169409348393188,2706593.615,59251.425,2025-11-07T12:24:53.157036,patients.csv,517,false
bd08fe07-215b-69e4-43d1-24d8326ae686,1993-05-23,None,999-56-9038,S99999166,X59300777X,Mrs.,Christia477,Ritchie586,None,Schroeder447,M,white,nonhispanic,F,Easton  Massachusetts  US,529 Reynolds Glen,East Dennis,Massachusetts,Barnstable County,2641,41.790770262454338,-70.144421041402609,2008847.6225,39559.2975,2025-11-07T12:24:53.157036,patients.csv,636,false
1d3d0ba6-5475-07c2-0b40-562ad75fdf26,1960-01-21,None,999-26-4708,S99981133,X33683613X,Mrs.,Laurena366,Heidenreich818,None,Becker968,M,white,nonhispanic,F,Lawrence  Massachusetts  US,1039 Gerhold Ramp Apt 20,East Longmeadow,Massachusetts,Hampden County,,42.087687435670219,-72.526566787277,774382.05699999956,247928.613,2025-11-07T12:24:53.157036,patients.csv,18,false
8bf6aa92-645f-3c82-ddcd-5851496a6aa8,1967-05-07,None,999-57-2811,S99974478,X11431912X,Mrs.,Ethelyn789,Vandervort697,None,Kling921,M,white,nonhispanic,F,Lynn  Massachusetts  US,372 Jakubowski Vista Unit 76,Easton,Massachusetts,Bristol County,,42.062419342850717,-71.124039263662354,2008486.9385,409753.3915,2025-11-07T12:24:53.157036,patients.csv,34,false
274a41df-e9d5-5e62-eae5-4e5daa04759f,1964-11-15,None,999-95-5785,S99932855,X81220379X,Mrs.,Tereasa291,Wyman904,None,Bosco882,M,white,nonhispanic,F,Boston  Massachusetts  US,771 Mann Fort Suite 1,Easton,Massachusetts,Bristol County,,42.082081839522949,-71.083474605679484,2235086.7495,155269.06050000002,2025-11-07T12:24:53.157036,patients.csv,703,false
07fc8824-40ff-4c97-898d-f906bc6f2fd3,1954-08-01,None,999-44-6768,S99957751,X14773964X,Mrs.,Fleta652,Pollich983,None,Zboncak558,M,white,nonhispanic,F,Boston  Massachusetts  US,646 Weimann Hollow,Fall River,Massachusetts,Bristol County,2721,41.639719534360552,-71.173746139121064,1753680.4050000005,323196.155,2025-11-07T12:24:53.157036,patients.csv,549,false
562e7d26-9dfb-95f2-0815-3c20129955b8,1965-02-26,None,999-52-6782,S99943363,X48444389X,Mrs.,Nieves278,Strosin214,None,Jaskolski867,M,white,nonhispanic,F,Boston  Massachusetts  US,432 Weimann Fork Unit 11,Fall River,Massachusetts,Bristol County,2723,41.639070899755993,-71.042098817457514,2682362.3450000011,569198.88500000013,2025-11-07T12:24:53.157036,patients.csv,773,false
32653d7a-2f66-544f-1104-43d6e1c1ae4c,1970-11-27,None,999-46-5525,S99976676,X63642283X,Mrs.,Tonisha838,Cruickshank494,None,Leannon79,M,white,nonhispanic,F,Arlington  Massachusetts  US,610 Schamberger Stravenue Apt 82,Falmouth,Massachusetts,Barnstable County,,41.643878622405857,-70.595172333414126,2482725.9115,183251.3585,2025-11-07T12:24:53.157036,patients.csv,716,false
92ac9466-ca08-9efb-58e4-131a5f3e178e,1952-06-19,None,999-79-9079,S99991047,X72577860X,Mrs.,Miki234,Gerhold939,None,Farrell962,M,white,nonhispanic,F,Leicester  Massachusetts  US,302 Kirlin Haven,Falmouth,Massachusetts,Barnstable County,2540,41.550236540019576,-70.586354609604754,2464649.461,678768.129,2025-11-07T12:24:53.157036,patients.csv,910,false
4b54af52-ee73-f8d0-beef-7c3d292b4ec6,1953-06-26,None,999-47-2568,S99960415,X8198014X,Mrs.,Amee396,Hessel84,None,Bahringer146,M,white,nonhispanic,F,Fitchburg  Massachusetts  US,727 Yost Drive,Falmouth,Massachusetts,Barnstable County,,41.592493033319229,-70.664846001359066,2981806.1674999991,942535.76249999984,2025-11-07T12:24:53.157036,patients.csv,954,false
00c9ca99-6b9f-add4-8759-f7dfee6ea1a4,1966-07-31,None,999-88-1607,S99987613,X85436867X,Mrs.,Keisha459,Kilback373,None,Bosco882,M,white,hispanic,F,Charlton  Massachusetts  US,386 Blick Tunnel Suite 4,Fitchburg,Massachusetts,Worcester County,1420,42.5638654555982,-71.771504173857238,1715017.6860000002,562818.174,2025-11-07T12:24:53.157036,patients.csv,619,false
123a2225-13bc-8bd7-2868-0245cb02856d,1983-03-10,None,999-73-3691,S99922818,X84833266X,Mrs.,Amy965,Prosacco716,None,Marks830,M,white,nonhispanic,F,Larissa  Larissa Prefecture  GR,1075 Kuhn Common,Forestdale,Massachusetts,Barnstable County,2644,41.720488604207773,-70.4831395919194,1191195.7435,294123.6265,2025-11-07T12:24:53.157036,patients.csv,893,false
346a1435-2455-914f-c287-7b88052d05db,1981-11-16,None,999-84-2339,S99923024,X52678817X,Mrs.,Akiko835,Pfannerstill264,None,Corwin846,M,asian,nonhispanic,F,Ahmedabad  Gujarat  IN,280 Macejkovic Byway Suite 60,Framingham,Massachusetts,Middlesex County,1702,42.318855110610613,-71.400519085971084,1208465.0770000005,377902.533,2025-11-07T12:24:53.157036,patients.csv,112,false
c99968ac-6782-9ae2-aab2-98277ae5a8e8,1977-10-13,None,999-42-1829,S99960746,X72837100X,Mrs.,Kayleen757,Spencer878,None,Medhurst46,M,white,nonhispanic,F,Amherst  Massachusetts  US,457 Hane Wall Unit 86,Framingham,Massachusetts,Middlesex County,1701,42.297859506397018,-71.449886026341161,1727007.1475000002,115445.3325,2025-11-07T12:24:53.157036,patients.csv,179,false
64f8510c-05b1-c7ce-b67c-75c801c3d048,1969-09-05,None,999-47-5802,S99910814,X58218719X,Mrs.,Lavette209,Miller503,None,Bins636,M,white,nonhispanic,F,Lowell  Massachusetts  US,736 Schuppe Approach Apt 53,Framingham,Massachusetts,Middlesex County,,42.330818479304668,-71.3918983949606,2091088.0675,133813.1625,2025-11-07T12:24:53.157036,patients.csv,700,false
535dee6a-8dab-2ecf-f909-01028e3f5b1f,1983-04-22,None,999-38-3202,S99966682,X44875167X,Mrs.,Carlos172,Mayert710,None,Cruickshank494,M,white,nonhispanic,F,Boston  Massachusetts  US,331 Brown Parade Apt 72,Framingham,Massachusetts,Middlesex County,1702,42.324855171059191,-71.486131466266528,1607845.5935,381140.7565,2025-11-07T12:24:53.157036,patients.csv,871,false
7a929240-2387-1d5c-664b-d643ee18bb39,1993-11-20,None,999-12-3972,S99939736,X51986702X,Mrs.,Felicitas300,Kovacek682,None,Lebsack687,M,white,nonhispanic,F,Deerfield  Massachusetts  US,953 Christiansen Avenue Unit 32,Gloucester,Massachusetts,Essex County,1930,42.633907576569833,-70.679425277528125,958998.46849999984,321695.5815,2025-11-07T12:24:53.157036,patients.csv,415,false
75bfc8f4-2f19-2b6a-120a-31888422aa78,1965-06-26,None,999-29-5492,S99997173,X43376085X,Mrs.,Geraldine667,Koch169,None,Huels583,M,white,nonhispanic,F,Cambridge  Massachusetts  US,468 Grimes Esplanade,Groton,Massachusetts,Middlesex County,1450,42.632697142602979,-71.588176017504708,1369310.934,46811.175999999992,2025-11-07T12:24:53.157036,patients.csv,119,false
8c94d0d5-50f7-81df-e025-87ed3a46075a,1970-09-20,None,999-98-2553,S99934737,X66472070X,Mrs.,Leda374,Swaniawski813,None,Purdy2,M,white,nonhispanic,F,Boston  Massachusetts  US,773 Huel Fork,Hardwick,Massachusetts,Worcester County,,42.314846138201126,-72.235659177614068,2120363.1525,607779.9275,2025-11-07T12:24:53.157036,patients.csv,993,false
fee55adf-498c-5111-2136-e805906a3a74,1974-12-23,None,999-77-4082,S99944844,X44737073X,Mrs.,Rea30,Daugherty69,None,Gislason620,M,white,nonhispanic,F,Cambridge  Massachusetts  US,313 Smitham Underpass,Haverhill,Massachusetts,Essex County,1830,42.78519331418871,-71.085709662732413,2342040.552,279507.158,2025-11-07T12:24:53.157036,patients.csv,120,false
89464607-f8af-06a3-fe2f-227495c12550,1975-12-22,None,999-65-1096,S99960571,X71071785X,Mrs.,Jayme42,Abernathy524,None,Thompson596,M,white,nonhispanic,F,Plainville  Massachusetts  US,861 McCullough Center,Haverhill,Massachusetts,Essex County,1830,42.767320552866749,-71.092854088934416,2283431.5080000004,383402.772,2025-11-07T12:24:53.157036,patients.csv,150,false
53fe2ac2-833f-d60c-167b-ede17cee5ce2,1958-05-03,None,999-14-7262,S99938534,X36039602X,Mrs.,Esperanza675,Márquez847,None,Dávila115,M,white,hispanic,F,Bayamon  Puerto Rico  PR,602 Boehm Mill Unit 27,Haverhill,Massachusetts,Essex County,1835,42.804144278580083,-71.135402537499175,2364047.8800000004,21242.31,2025-11-07T12:24:53.157036,patients.csv,722,false
f75ea7e0-0e86-8de5-2093-c7ae709ab0c6,1934-11-06,None,999-78-6040,S99991414,X27970967X,Mrs.,Maximina916,Lehner980,None,Buckridge80,M,white,nonhispanic,F,Northbridge  Massachusetts  US,264 Johnson Divide,Haverhill,Massachusetts,Essex County,1835,42.704926901994817,-71.141123561435109,3959775.8135000011,117959.30650000004,2025-11-07T12:24:53.157036,patients.csv,1126,false
e9bb3dbd-e1ea-cff0-0646-71d64be48193,1989-09-02,None,999-70-4964,S99935769,X6215093X,Mrs.,Helga481,Abshire638,None,Bailey598,M,white,nonhispanic,F,Yarmouth  Massachusetts  US,771 Hartmann Rapid Unit 59,Hingham,Massachusetts,Plymouth County,,42.255183531181757,-70.909006353397089,1159684.89,0,2025-11-07T12:24:53.157036,patients.csv,582,false
61a2fcc0-d679-764c-7d86-b885b2c4907f,1993-01-22,None,999-98-2186,S99988392,X72124702X,Mrs.,Erline657,Metz686,None,Strosin214,M,white,nonhispanic,F,Mashpee  Massachusetts  US,566 Rosenbaum Ferry,Holbrook,Massachusetts,Norfolk County,,42.151880211715039,-70.952308394722991,1223457.8099999998,160.1399999999999,2025-11-07T12:24:53.157036,patients.csv,11,false
185cefc8-cf9d-3df1-ff01-b62ca7b90adb,1967-06-15,None,999-46-3549,S99964615,X39501765X,Mrs.,Marisol435,Hilll811,JD,Ziemann98,M,white,nonhispanic,F,Wayland  Massachusetts  US,379 Toy Quay Unit 10,Holden,Massachusetts,Worcester County,,42.361322131193852,-71.852695515545648,2236863.6325000003,9584.4975,2025-11-07T12:24:53.157036,patients.csv,751,false
a25e9984-9c96-bcd4-07f9-9f763e077366,1983-05-03,None,999-92-6341,S99976966,X58794658X,Mrs.,Kimbra238,Bogan287,None,MacGyver246,M,white,nonhispanic,F,Dartmouth  Massachusetts  US,742 Hills Ranch,Holliston,Massachusetts,Middlesex County,,42.187849425319143,-71.495493207030208,1212416.301,521846.879,2025-11-07T12:24:53.157036,patients.csv,211,false
e3ca21de-75e7-39fa-b0fa-fc4341e1c54e,1980-04-18,None,999-48-8742,S99966409,X41136984X,Mrs.,Angelyn934,Mills423,None,Reilly981,M,white,nonhispanic,F,Fitchburg  Massachusetts  US,508 Lynch Row,Holliston,Massachusetts,Middlesex County,,42.161050755248816,-71.4772431070912,1085948.3975000002,1865.0625,2025-11-07T12:24:53.157036,patients.csv,982,false
c75b66ef-356c-8113-5460-1e942419b3cf,1970-11-03,None,999-34-4489,S99919632,X56072907X,Mrs.,Tosha401,Kreiger457,None,Weber641,M,black,nonhispanic,F,Springfield  Massachusetts  US,590 Waelchi Spur,Holliston,Massachusetts,Middlesex County,,42.191557233499651,-71.412211436234884,1464957.2475000003,524542.1625,2025-11-07T12:24:53.157036,patients.csv,1006,false
50aac3ff-d836-adfd-620d-662fa08fdf55,1960-09-23,None,999-39-5007,S99928200,X13955983X,Mrs.,Jacquelynn434,Morar593,None,Connelly992,M,white,nonhispanic,F,Cambridge  Massachusetts  US,638 Hamill Orchard,Holyoke,Massachusetts,Hampden County,,42.183676181272972,-72.610969719794724,515229.47600000014,1361112.994,2025-11-07T12:24:53.157036,patients.csv,64,false
cc8bea42-053f-f26d-9790-c9c648361790,1967-10-06,2000-07-06,999-76-4696,S99938623,X50045808X,Mrs.,Roseanna881,Fisher429,None,Emard19,M,white,nonhispanic,F,Northbridge  Massachusetts  US,398 Schulist Byway,Holyoke,Massachusetts,Hampden County,1040,42.24199122695169,-72.650071556395,1204765.9325,35358.3675,2025-11-07T12:24:53.157036,patients.csv,296,false
03e502b6-b810-06c1-7d65-83db077ed3ee,1967-10-06,None,999-17-5418,S99998694,X43662804X,Mrs.,Katharyn928,Toy286,None,Parisian75,M,white,nonhispanic,F,South Yarmouth  Massachusetts  US,922 Spinka Fort,Holyoke,Massachusetts,Hampden County,1040,42.179058575305852,-72.64365941623565,2385327.875,9436.575,2025-11-07T12:24:53.157036,patients.csv,310,false
bf113937-f532-94bb-66e1-9c7111f68207,1983-06-03,2019-05-30,999-11-8798,S99933308,X5011818X,Mrs.,Shakira391,Haag279,None,Moore224,M,black,hispanic,F,North Lakeville  Massachusetts  US,976 Kilback Terrace,Holyoke,Massachusetts,Hampden County,1040,42.204526332420777,-72.661652878249,1153272.6699999997,0,2025-11-07T12:24:53.157036,patients.csv,385,false
96a91c58-1099-af08-0aee-3d924cd5c7e8,1983-06-03,None,999-83-1282,S99929154,X53825134X,Mrs.,Kristi306,Anderson154,None,Borer986,M,black,hispanic,F,Boston  Massachusetts  US,223 Rohan Bypass Suite 95,Holyoke,Massachusetts,Hampden County,1040,42.1824767343802,-72.640156860341477,1271021.9379999998,219354.77199999997,2025-11-07T12:24:53.157036,patients.csv,389,false
cf49b901-a4fe-9b9d-fd42-45b1fdcdd55e,1988-10-18,None,999-86-1475,S99956549,X37769192X,Mrs.,Lila466,Weber641,None,McLaughlin530,M,white,nonhispanic,F,Natick  Massachusetts  US,1052 Marvin Orchard Suite 29,Hopedale,Massachusetts,Worcester County,1747,42.161042966975458,-71.52679884890459,459578.98,0,2025-11-07T12:24:53.157036,patients.csv,424,false
b67cb13c-7ae0-70a5-c1f8-9bf1af3e2ec2,1968-12-20,None,999-98-9977,S99967240,X54426193X,Mrs.,Myrna889,Schroeder447,None,Trantow673,M,white,nonhispanic,F,Pittsfield  Massachusetts  US,838 Wuckert Landing,Huntington,Massachusetts,Hampshire County,1050,42.268683073580462,-72.876594067512926,2151550.7090000003,448877.87099999993,2025-11-07T12:24:53.157036,patients.csv,380,false
3e2e1a3b-59b2-9c59-c26e-2fcfe745b864,1984-02-14,None,999-44-3341,S99956844,X52633288X,Mrs.,Charline650,Braun514,None,DuBuque211,M,white,nonhispanic,F,Needham  Massachusetts  US,782 Christiansen Bridge Apt 1,Ipswich,Massachusetts,Essex County,1938,42.6856808066053,-70.855877774080028,1144306.5165,13560.8335,2025-11-07T12:24:53.157036,patients.csv,1035,false
38565670-114d-6c46-50b9-76bbffb16ffb,1970-09-14,None,999-61-2551,S99975387,X9893460X,Mrs.,Christal240,Glover433,None,Ruecker817,M,white,nonhispanic,F,Boston  Massachusetts  US,448 Davis Drive Unit 60,Lawrence,Massachusetts,Essex County,1840,42.748379641510709,-71.169155598283865,1117212.8845000002,197427.3755,2025-11-07T12:24:53.157036,patients.csv,45,false
731ddb1c-4c88-f6f1-3c54-e5fc5bb4c23d,1961-12-01,None,999-55-9263,S99974057,X37732831X,Mrs.,Jolanda321,Hyatt152,None,Rath779,M,white,nonhispanic,F,Mansfield Center  Massachusetts  US,546 Block Village,Lawrence,Massachusetts,Essex County,1840,42.680176103098937,-71.176655633677555,2179281.8325,2208.7275,2025-11-07T12:24:53.157036,patients.csv,572,false
c7f68404-660f-195e-555d-3e3ce3a4cd28,1959-09-26,None,999-96-3120,S99961183,X13638093X,Mrs.,Kiersten731,Parker433,None,Weimann465,M,white,nonhispanic,F,Boston  Massachusetts  US,393 Olson Run Apt 33,Lawrence,Massachusetts,Essex County,1843,42.733562656344851,-71.195752970290187,2331033.9155,227531.2845,2025-11-07T12:24:53.157036,patients.csv,1077,false
45e7e2b5-aa6f-f860-d613-543aa6a5b057,1952-06-20,None,999-83-2460,S99977816,X57961300X,Mrs.,Yukiko930,Kemmer137,None,Gislason620,M,white,nonhispanic,F,Spencer  Massachusetts  US,105 Torphy Meadow Unit 35,Lee,Massachusetts,Berkshire County,1238,42.309471613977578,-73.27226249381016,2344320.7275000005,84142.752499999988,2025-11-07T12:24:53.157036,patients.csv,765,false
2bc3852a-ed90-20d8-f383-5a5c980a56ca,1976-01-08,None,999-64-2898,S99953613,X84372264X,Mrs.,Kristian973,Windler79,None,Haag279,M,white,nonhispanic,F,Sherborn  Massachusetts  US,116 Romaguera Road Apt 18,Leicester,Massachusetts,Worcester County,,42.1891020489931,-71.910991491849131,1659085.899,299962.37100000004,2025-11-07T12:24:53.157036,patients.csv,728,false
e4bbff5f-2cc1-66c7-00ff-4e194d02bf49,1962-02-05,None,999-79-5490,S99921383,X6268997X,Mrs.,Leda374,Lemke654,None,Kshlerin58,M,white,nonhispanic,F,Waltham  Massachusetts  US,952 Kilback Junction,Leominster,Massachusetts,Worcester County,1420,42.520958398289309,-71.774979983024,2201666.9399999995,186783.09,2025-11-07T12:24:53.157036,patients.csv,1000,false
895c8e87-5ba6-c823-6f40-0e6b6341a09f,1968-11-09,None,999-94-4511,S99965007,X44524039X,Mrs.,Carita426,Larson43,None,Boehm581,M,white,nonhispanic,F,Charlton  Massachusetts  US,703 Paucek Passage,Leominster,Massachusetts,Worcester County,,42.498352941426241,-71.737928228421168,1693805.7145,429722.52549999993,2025-11-07T12:24:53.157036,patients.csv,1025,false
ddb90603-4bab-3548-62b4-b3e98e309448,1977-02-05,None,999-44-9903,S99971360,X81699269X,Mrs.,Tillie335,Legros616,None,Torp761,M,asian,nonhispanic,F,Sturbridge  Massachusetts  US,766 Boyle Frontage road,Littleton,Massachusetts,Middlesex County,,42.560663213342849,-71.537385169755154,1421803.2360000005,184197.804,2025-11-07T12:24:53.157036,patients.csv,955,false
0f235c70-d4a8-4a79-e124-eb3b6da274a0,1992-01-05,None,999-69-3737,S99985809,X56624017X,Mrs.,Dovie983,Fay398,None,Wunsch504,M,white,nonhispanic,F,Watertown  Massachusetts  US,194 Muller Mill Suite 76,Longmeadow,Massachusetts,Hampden County,1106,42.060906444033442,-72.541439763503234,923570.6865,197191.2335,2025-11-07T12:24:53.157036,patients.csv,68,false
6b3a5686-0f63-5ce4-cc03-0bba2052f7b1,1958-10-28,None,999-96-8207,S99914224,X43330625X,Mrs.,Lashawnda573,O'Hara248,None,Greenfelder433,M,white,nonhispanic,F,Deerfield  Massachusetts  US,230 Robel Drive Suite 95,Lowell,Massachusetts,Middlesex County,1851,42.6316527884149,-71.37344386063603,1210508.1255,1210783.844499999,2025-11-07T12:24:53.157036,patients.csv,61,false
22e14c09-32f4-0b73-36e3-b38c967afd1b,1945-10-23,None,999-39-7122,S99950404,X40524513X,Mrs.,Jerica256,Glover433,None,Williamson769,M,white,nonhispanic,F,North Adams  Massachusetts  US,454 Casper Row,Lowell,Massachusetts,Middlesex County,1851,42.631396132295272,-71.290378582147,557015.33000000019,2411213.62,2025-11-07T12:24:53.157036,patients.csv,237,false
d02b2ca5-7e63-1c3d-505f-3a7218bac46d,1960-05-29,None,999-16-6162,S99918136,X6181467X,Mrs.,Krystyna791,VonRueden376,None,Bailey598,M,white,nonhispanic,F,Malden  Massachusetts  US,699 Harris Grove,Lowell,Massachusetts,Middlesex County,,42.672928802361653,-71.275011697854936,2145039.8155000005,1005418.1045,2025-11-07T12:24:53.157036,patients.csv,243,false
0ae08855-8e6c-5308-3ab5-da0080b36425,1986-06-14,None,999-77-4319,S99978746,X69695537X,Mrs.,Josefina523,Deckow585,None,Kerluke267,M,asian,nonhispanic,F,Ho Chi Minh City  Gia Định  VN,676 Kshlerin Rest,Lowell,Massachusetts,Middlesex County,,42.682555838964227,-71.295695076150537,1042607.7635,863017.4665,2025-11-07T12:24:53.157036,patients.csv,283,false
e841df97-29d6-fe22-3ebc-a837d092b339,1971-04-29,None,999-92-2026,S99946928,X36556404X,Mrs.,Zandra428,Kerluke267,None,Huel628,M,white,nonhispanic,F,North Reading  Massachusetts  US,904 Marks Camp Suite 72,Lowell,Massachusetts,Middlesex County,1854,42.658398167820728,-71.3565800638384,2097055.6015,35113.7385,2025-11-07T12:24:53.157036,patients.csv,361,false
7bbf12a9-8dd5-356c-175f-4c29bddba047,1978-02-27,None,999-52-4512,S99974599,X83109519X,Mrs.,Sondra191,Robel940,None,Wiegand701,M,white,nonhispanic,F,Boston  Massachusetts  US,151 Dare Drive Suite 60,Lowell,Massachusetts,Middlesex County,1852,42.669319841492666,-71.319377742883489,751735.55749999976,199529.0225,2025-11-07T12:24:53.157036,patients.csv,620,false
a90e1118-edb5-4c62-e17e-de38e6720cc0,1975-07-12,None,999-13-2592,S99968567,X57033719X,Mrs.,Janiece99,White193,None,Goyette777,M,white,nonhispanic,F,Carver  Massachusetts  US,880 Kemmer Path,Lowell,Massachusetts,Middlesex County,1854,42.66094706501076,-71.363855379871922,203997.8330000001,775098.787,2025-11-07T12:24:53.157036,patients.csv,648,false
81393886-9f1f-35d5-f000-ea68f238f49f,1945-11-17,2012-02-08,999-27-3524,S99975443,X63152988X,Mrs.,Kimberlie352,Rodriguez71,None,Schinner682,M,white,nonhispanic,F,Holden  Massachusetts  US,989 D'Amore Meadow,Lowell,Massachusetts,Middlesex County,,42.620108072206577,-71.249036517190746,2461307.6955000004,427526.3845,2025-11-07T12:24:53.157036,patients.csv,835,false
53b5f4de-38ea-8da9-5474-e59ab7d9c88d,1945-11-17,2011-09-06,999-50-6811,S99968363,X4421385X,Mrs.,Sharilyn202,Schmitt836,None,Aufderhar910,M,white,nonhispanic,F,Sandwich  Massachusetts  US,567 McClure Wynd,Lowell,Massachusetts,Middlesex County,1852,42.639437495492544,-71.310643592539378,2152405.5820000004,1088455.3879999998,2025-11-07T12:24:53.157036,patients.csv,849,false
7f55478e-e6c6-6bef-10b3-c9be22b3253b,1945-11-17,None,999-31-7591,S99954317,X36221386X,Mrs.,Mi492,Homenick806,None,Hagenes547,M,white,nonhispanic,F,Barnstable  Massachusetts  US,260 Ward Manor,Lowell,Massachusetts,Middlesex County,1850,42.613925754327767,-71.3880678270508,2188598.8135,773455.02649999992,2025-11-07T12:24:53.157036,patients.csv,860,false
701fd194-0fb8-f535-6eb4-7dacd8c1bc38,1956-04-04,None,999-75-7471,S99935912,X63579536X,Mrs.,Charla27,Runolfsdottir785,None,Haley279,M,white,nonhispanic,F,Quincy  Massachusetts  US,899 Daniel Arcade Suite 26,Lowell,Massachusetts,Middlesex County,1850,42.583855143524517,-71.383023964389309,452323.20650000032,1033071.3535000002,2025-11-07T12:24:53.157036,patients.csv,1110,false
7024858b-f5e2-efee-8e2f-67f503fef6a5,1969-01-03,1997-02-17,999-91-3005,S99927148,X79375706X,Mrs.,Rosalia943,Klocko335,None,Herzog843,M,white,nonhispanic,F,Boston  Massachusetts  US,898 Wisoky Green,Lynn,Massachusetts,Essex County,1906,42.506103654363777,-70.925543393244624,686276.755,24752.235,2025-11-07T12:24:53.157036,patients.csv,28,false
7d28d76a-9ac8-67b4-3c88-0a75be3d0851,1969-01-03,None,999-55-6195,S99969519,X56639424X,Mrs.,Erna640,Robel940,None,Kuhic920,M,white,nonhispanic,F,Boston  Massachusetts  US,974 Nienow Fork,Lynn,Massachusetts,Essex County,1907,42.488399880827217,-70.920330419072855,1849843.5155000004,396119.7145,2025-11-07T12:24:53.157036,patients.csv,42,false
30806a79-c973-cf34-8b67-745d9ef038d8,1956-10-20,None,999-86-6692,S99918683,X43498344X,Mrs.,Xiomara943,Sporer811,None,O'Hara248,M,white,nonhispanic,F,Ashland  Massachusetts  US,868 Satterfield Corner Suite 59,Lynn,Massachusetts,Essex County,1901,42.466367328472096,-70.934957496760362,676485.4465,836358.84349999961,2025-11-07T12:24:53.157036,patients.csv,577,false
3c12e36b-510d-741d-e438-5c0579f9721f,1968-05-24,None,999-72-6032,S99933678,X10779252X,Mrs.,Soo315,Smitham825,None,Runolfsdottir785,M,black,nonhispanic,F,Bedford  Massachusetts  US,1093 Purdy Mall Unit 47,Lynn,Massachusetts,Essex County,1902,42.537956849257682,-71.026837223077862,180772.07050000003,293779.3395,2025-11-07T12:24:53.157036,patients.csv,986,false
98443e37-4d0f-4766-6c0f-92f2c0e62305,1956-04-13,None,999-69-3606,S99954622,X51207201X,Mrs.,Mandy775,McClure239,None,Spencer878,M,white,nonhispanic,F,Marshfield Hills  Massachusetts  US,633 Herzog Manor,Lynn,Massachusetts,Essex County,1901,42.49166120879525,-70.943912331935067,908455.67449999985,97453.9355,2025-11-07T12:24:53.157036,patients.csv,1068,false
bc9af01f-cf22-0840-da94-48fa2d310716,1966-05-02,None,999-75-8932,S99912102,X50068456X,Mrs.,Berta524,Treviño536,None,Cantú190,M,white,hispanic,F,Carolina  Puerto Rico  PR,257 Shields Key,Lynn,Massachusetts,Essex County,1907,42.510922350796619,-70.946929958525388,1389077.1900000002,2206.38,2025-11-07T12:24:53.157036,patients.csv,1125,false
60b0873c-9665-b3f0-61f4-d09ae9667a27,1947-08-16,None,999-38-1741,S99920330,X19235276X,Mrs.,Nedra260,Dooley940,None,Howell947,M,white,nonhispanic,F,Lanesborough  Massachusetts  US,165 Hodkiewicz Grove Suite 54,Malden,Massachusetts,Middlesex County,,42.444385888564391,-71.1289720523399,1583209.169,312873.741,2025-11-07T12:24:53.157036,patients.csv,325,false
3a240793-dc26-8138-00da-bdff02591677,1950-09-22,None,999-97-6651,S99979390,X26059821X,Mrs.,Voncile324,Schultz619,None,Abshire638,M,white,nonhispanic,F,Arlington  Massachusetts  US,1047 Heathcote Quay,Malden,Massachusetts,Middlesex County,,42.443492156211967,-71.084599326474091,2491958.5969999991,213310.353,2025-11-07T12:24:53.157036,patients.csv,404,false
3d60584c-574a-16e0-ef8f-c8a7315878e9,1979-04-20,None,999-83-7517,S99912085,X60658073X,Mrs.,Carmelina668,Morissette863,None,Ernser583,M,white,nonhispanic,F,Oxford  Massachusetts  US,734 Muller Neck Unit 52,Malden,Massachusetts,Middlesex County,2148,42.401906297588624,-71.017229804813667,1473050.9370000002,112338.773,2025-11-07T12:24:53.157036,patients.csv,642,false
d4e3d6e6-075e-cf60-a092-67c17cb521d1,1984-01-11,None,999-64-1091,S99932934,X27664754X,Mrs.,Irene779,Bétancourt447,None,Quintanilla544,M,white,hispanic,F,Panama City  Panama  PA,163 Langosh Ramp Suite 62,Malden,Massachusetts,Middlesex County,2148,42.433721868156852,-71.0210878939476,1718923.177,351865.963,2025-11-07T12:24:53.157036,patients.csv,660,false
6abc5e2e-a95f-1d3f-2b1c-7b003d417973,1970-09-03,None,999-93-8901,S99986071,X49810368X,Mrs.,Hulda44,Pouros728,None,Huels583,M,white,nonhispanic,F,Boston  Massachusetts  US,248 Deckow Bypass,Mansfield,Massachusetts,Bristol County,,42.051678530123752,-71.2245415922791,2200268.175,3713.295,2025-11-07T12:24:53.157036,patients.csv,848,false
38d4ec1b-e8fe-ee81-0634-4d0ac7dc140f,1966-02-07,None,999-51-8712,S99989490,X45709143X,Mrs.,Maribel82,Haley279,None,Dietrich576,M,white,nonhispanic,F,Revere  Massachusetts  US,260 McLaughlin Parade Suite 92,Mansfield Center,Massachusetts,Bristol County,,41.98740029617877,-71.195882036305747,933103.9775,9299.3625,2025-11-07T12:24:53.157036,patients.csv,580,false
fcca54e8-5abe-cd71-30a0-464f15368bea,1993-12-12,None,999-93-3994,S99954518,X33164416X,Mrs.,Oneida64,Stokes453,None,Lemke654,M,white,nonhispanic,F,Revere  Massachusetts  US,1085 Grant Boulevard,Marblehead,Massachusetts,Essex County,,42.492912462902957,-70.822887539940865,1814465.2625000004,3730.7175,2025-11-07T12:24:53.157036,patients.csv,65,false
4b0187d5-ffc7-563b-80e8-0d45bfd0709f,1948-04-14,None,999-48-8801,S99975514,X35457720X,Mrs.,Ines699,Beier427,None,Murazik203,M,white,nonhispanic,F,Boxborough  Massachusetts  US,199 Hudson Wall Apt 2,Marblehead,Massachusetts,Essex County,,42.447352932678527,-70.87005145744574,2145940.537500001,1181401.5425,2025-11-07T12:24:53.157036,patients.csv,123,false
a535029d-c7ba-2a81-9f85-d84109d5c44b,1970-09-25,None,999-50-1167,S99923535,X84876726X,Mrs.,Maud851,Rodriguez71,None,Cruickshank494,M,asian,nonhispanic,F,Pittsfield  Massachusetts  US,296 Walker Fort,Marblehead,Massachusetts,Essex County,1945,42.475357115507627,-70.8541895927126,1338746.0624999998,18464.1075,2025-11-07T12:24:53.157036,patients.csv,742,false
1b1833e4-34bb-a261-98e9-407eeb59aca0,1956-05-06,2014-12-31,999-34-3455,S99944522,X1023380X,Mrs.,Mitzi535,Bergstrom287,None,Emmerich580,M,white,nonhispanic,F,Raynham Center  Massachusetts  US,654 Corwin Path Unit 50,Marion,Massachusetts,Plymouth County,,41.685069938780117,-70.732958592820538,2576208.4695,1147807.4104999998,2025-11-07T12:24:53.157036,patients.csv,476,false
f49dace4-cb51-d640-468f-044ec67ed318,1956-05-06,None,999-57-8497,S99982047,X62919575X,Mrs.,Melisa53,Effertz744,None,Kiehn525,M,white,nonhispanic,F,Holden  Massachusetts  US,332 Rutherford Track Unit 76,Marion,Massachusetts,Plymouth County,,41.687903384042535,-70.729332457136351,2209905.6895,457273.8105,2025-11-07T12:24:53.157036,patients.csv,488,false
81057ca9-6e9d-25d6-cec3-7f743dff8ffd,1967-01-28,None,999-56-1801,S99910641,X14985116X,Mrs.,Kassie598,Pfannerstill264,None,Kub800,M,white,nonhispanic,F,Holyoke  Massachusetts  US,1007 Armstrong Vale,Marlborough,Massachusetts,Middlesex County,,42.306874539116649,-71.550427656339551,1381180.3575000004,7475.6325,2025-11-07T12:24:53.157036,patients.csv,473,false
509f9a77-2a22-f98b-c539-9a44057efb51,1965-02-08,None,999-33-4533,S99987300,X21807127X,Mrs.,Loretta235,Bosco882,None,Gutkowski940,M,white,nonhispanic,F,Weymouth  Massachusetts  US,291 Vandervort Ferry,Mashpee,Massachusetts,Barnstable County,,41.645934614246933,-70.4578410635981,2191373.3030000008,307339.627,2025-11-07T12:24:53.157036,patients.csv,144,false
6f4a8d14-cba0-49d8-10c1-6669dff22f2f,1989-12-02,None,999-31-6444,S99986688,X45458609X,Mrs.,Robin66,Reilly981,None,Halvorson124,M,white,nonhispanic,F,Boston  Massachusetts  US,239 Leffler Ramp,Mashpee,Massachusetts,Barnstable County,,41.611076847848658,-70.523681899300144,1078019.902,151108.29799999998,2025-11-07T12:24:53.157036,patients.csv,263,false
fc3aa467-2e84-d473-50cc-d6aefa6bd94b,1955-02-08,None,999-75-2001,S99983791,X69241657X,Mrs.,Alysia661,Robel940,None,Altenwerth646,M,black,nonhispanic,F,Newton  Massachusetts  US,311 Hettinger Crossroad Suite 5,Mattapoisett Center,Massachusetts,Plymouth County,,41.678908565996942,-70.8376538189246,2236316.9950000006,217392.805,2025-11-07T12:24:53.157036,patients.csv,1147,false
5a0b111e-9440-a534-f2b9-12c100d89868,1973-02-09,None,999-48-3383,S99930266,X25596721X,Mrs.,Robbin22,Green467,None,Gottlieb798,M,white,nonhispanic,F,Brockton  Massachusetts  US,296 Durgan Plaza Apt 94,Medford,Massachusetts,Middlesex County,2145,42.379582134322845,-71.058296114590988,1751635.5560000003,668279.47399999993,2025-11-07T12:24:53.157036,patients.csv,600,false
359c5510-90bb-f66c-ff5f-8a4887e29e71,1966-05-28,2013-12-28,999-41-8074,S99922235,X33604308X,Mrs.,Dalene805,Nolan344,JD,Lueilwitz711,M,white,nonhispanic,F,West Concord  Massachusetts  US,592 O'Reilly Mill,Medford,Massachusetts,Middlesex County,2145,42.441893853912447,-71.127063495903514,1873603.8355000005,200437.2645,2025-11-07T12:24:53.157036,patients.csv,737,false
bb5c7f5f-8357-bfe3-edfd-72f36fb7bc20,1966-05-28,None,999-26-8748,S99956346,X55571742X,Mrs.,Beata187,Nicolas769,MD,Brown30,M,white,nonhispanic,F,Medford  Massachusetts  US,732 Davis Trafficway,Medford,Massachusetts,Middlesex County,,42.392785967151653,-71.04763521210802,1729054.574999999,231070.475,2025-11-07T12:24:53.157036,patients.csv,745,false
4b10c406-d391-31dc-cefd-5812b6832cf9,1952-02-07,None,999-39-7871,S99954697,X38998620X,Mrs.,Beth967,Osinski784,None,Goldner995,M,black,nonhispanic,F,New Bedford  Massachusetts  US,620 Purdy Ferry,Merrimac,Massachusetts,Essex County,,42.866773185945057,-70.989778125080676,3056980.3970000008,678693.73299999977,2025-11-07T12:24:53.157036,patients.csv,299,false
d573d7bf-7ded-bb80-55c4-62c56c831643,1952-11-06,None,999-98-6562,S99940340,X55106313X,Mrs.,Clarine378,Hagenes547,None,Grimes165,M,white,nonhispanic,F,Ware  Massachusetts  US,229 Witting Overpass Unit 80,Merrimac,Massachusetts,Essex County,,42.851049804136,-70.972741746836931,1914608.836,655553.794,2025-11-07T12:24:53.157036,patients.csv,853,false
cc0b85a3-ca8d-45fb-c9d6-5b69dd505d41,1957-01-11,None,999-26-7371,S99918342,X81707865X,Mrs.,Ozell178,Tromp100,None,Stamm704,M,white,nonhispanic,F,Norfolk  Massachusetts  US,429 Lowe Corner Suite 75,Middleborough,Massachusetts,Plymouth County,,41.902260892172016,-70.901806547884277,2314011.8305,223728.5295,2025-11-07T12:24:53.157036,patients.csv,732,false
d432ac90-2b10-097f-9a30-093555da284f,1970-08-20,None,999-64-3099,S99989688,X32934785X,Mrs.,Esther279,Toy286,None,Kozey370,M,white,nonhispanic,F,Andover  Massachusetts  US,931 Herman Vale Unit 62,Middleborough Center,Massachusetts,Plymouth County,,41.910991134265217,-70.893989981982656,638323.46099999989,649722.309,2025-11-07T12:24:53.157036,patients.csv,121,false
f1da4fd4-558a-919a-c343-c0b720b0e684,1987-11-01,None,999-49-8134,S99938143,X63891095X,Mrs.,Victoria535,Alva958,None,Patiño436,M,black,hispanic,F,Lima  Lima Province  PE,340 Halvorson Landing Apt 7,Middleton,Massachusetts,Essex County,,42.603150665393457,-70.958571236907162,1854045.4490000005,378527.44099999993,2025-11-07T12:24:53.157036,patients.csv,878,false
8151b558-93f4-5a4c-4697-a3137595e999,1959-04-22,None,999-12-6661,S99911842,X50671686X,Mrs.,Cherri385,Klocko335,None,Runte676,M,white,nonhispanic,F,Canton  Massachusetts  US,682 Hermiston Plaza,Milford,Massachusetts,Worcester County,1757,42.189038076441122,-71.519052213872413,2297354.3795000003,552492.8605,2025-11-07T12:24:53.157036,patients.csv,221,false
fca626fd-ab99-57fb-ba8d-f0bad053788b,1990-09-30,None,999-34-1019,S99976834,X20261358X,Mrs.,Aisha756,Kassulke119,None,Fritsch593,M,white,nonhispanic,F,Worcester  Massachusetts  US,792 Pacocha Arcade,Millis,Massachusetts,Norfolk County,,42.1924214586961,-71.31779867371327,2063125.2855,814565.34449999989,2025-11-07T12:24:53.157036,patients.csv,1031,false
94c64aed-cca1-dc80-c180-5ba446c00df4,1990-10-12,None,999-23-4670,S99959288,X63254571X,Mrs.,Jerica256,Pfeffer420,None,Towne435,M,white,nonhispanic,F,Westfield  Massachusetts  US,312 Frami Walk Unit 17,Milton,Massachusetts,Norfolk County,,42.194284719295361,-71.051820325150757,2130767.7660000003,206222.404,2025-11-07T12:24:53.157036,patients.csv,314,false
819e4007-79c5-5d6c-5db7-7889c1aa0ec3,1955-07-29,None,999-95-6746,S99962516,X34575302X,Mrs.,Alycia285,Muller251,None,Schowalter414,M,white,nonhispanic,F,Easthampton  Massachusetts  US,909 Fay Path,Montague,Massachusetts,Franklin County,,42.526934082271495,-72.486974823723457,2204454.2255,661764.53450000007,2025-11-07T12:24:53.157036,patients.csv,646,false
42daa5f0-9beb-4d16-322b-9df14bbe418b,1939-03-12,1992-01-06,999-45-7275,S99918770,X81331797X,Mrs.,Janet238,Auer97,None,Emmerich580,M,white,nonhispanic,F,Newton  Massachusetts  US,194 Kohler Crossroad,Montague,Massachusetts,Franklin County,,42.509002083178331,-72.534334573812487,2615797.5925000007,835964.5475,2025-11-07T12:24:53.157036,patients.csv,876,false
5ca89081-9140-56a3-7aea-e831160b357b,1939-03-12,None,999-97-3859,S99918083,X5134158X,Mrs.,Lenora887,Cartwright189,None,Macejkovic424,M,white,nonhispanic,F,Concord  Massachusetts  US,623 Bogisich Trace,Montague,Massachusetts,Franklin County,,42.561593311075463,-72.518194887257636,2940746.635,334402.55499999993,2025-11-07T12:24:53.157036,patients.csv,886,false
fed745aa-0d47-4eb7-58e0-5d132b90a24f,1992-05-11,None,999-71-2779,S99945664,X42351921X,Mrs.,Deane47,Stark857,None,Runolfsson901,M,white,nonhispanic,F,Worcester  Massachusetts  US,253 Rutherford Pathway,Monterey,Massachusetts,Berkshire County,,42.158592965396807,-73.24050597500829,952583.5815,22862.4085,2025-11-07T12:24:53.157036,patients.csv,744,false
5b03f610-14e2-e72c-1eb0-3fdcebcbd38d,1937-03-16,2012-10-16,999-76-7194,S99926553,X7071106X,Mrs.,Bettina657,Nienow652,None,Hauck852,M,white,nonhispanic,F,Worcester  Massachusetts  US,125 Pfeffer Dale,Natick,Massachusetts,Middlesex County,,42.260626979102646,-71.300798648634029,3152142.0550000016,274811.895,2025-11-07T12:24:53.157036,patients.csv,196,false
70231807-0c38-db06-806e-a73e94bcd591,1937-03-16,None,999-89-4103,S99969821,X3387860X,Mrs.,Susie661,Tromp100,None,Goldner995,M,white,nonhispanic,F,Walpole  Massachusetts  US,671 Haley Corner,Natick,Massachusetts,Middlesex County,,42.276966442173652,-71.31247343962221,1996152.4760000005,50092.604000000014,2025-11-07T12:24:53.157036,patients.csv,210,false
d362f4e5-244f-cf80-f2d5-25bcd2c97785,1974-08-09,None,999-92-6588,S99923071,X48435353X,Mrs.,Lorinda137,Rosenbaum794,None,Murphy561,M,asian,nonhispanic,F,Busan  Busan  KR,206 Denesik Well,Natick,Massachusetts,Middlesex County,,42.26261315327767,-71.390475278572012,1347239.9185,100691.0515,2025-11-07T12:24:53.157036,patients.csv,455,false
fa2d28b1-de84-ac96-ee04-a20dc54832c1,1973-01-03,None,999-11-3474,S99920273,X78936979X,Mrs.,Scarlet110,Gaylord332,None,Hettinger594,M,white,nonhispanic,F,Fall River  Massachusetts  US,916 Weber Key Unit 4,Natick,Massachusetts,Middlesex County,,42.3076281690647,-71.317042304567,2025622.903,76023.827,2025-11-07T12:24:53.157036,patients.csv,478,false
fcde6abf-947c-a505-86db-6ee8fd387a7f,1968-06-26,None,999-93-6057,S99921961,X72256818X,Mrs.,Janie347,Macejkovic424,None,Nicolas769,M,black,nonhispanic,F,Bourne  Massachusetts  US,639 Nolan Light,Needham,Massachusetts,Norfolk County,,42.277182341234621,-71.221871711198432,1833189.9605000005,40631.7995,2025-11-07T12:24:53.157036,patients.csv,542,false
f4e9db02-4f07-2d07-f7f3-fc01c45454d1,1960-03-31,None,999-30-8705,S99914229,X26284052X,Mrs.,Dara636,Hills818,None,Simonis280,M,white,nonhispanic,F,Westminster  Massachusetts  US,668 Dare Route Apt 98,New Bedford,Massachusetts,Bristol County,2740,41.640271994314553,-70.934924739799072,819863.10950000025,18605.1705,2025-11-07T12:24:53.157036,patients.csv,448,false
45d8e064-aadc-59d8-d4a5-2637f5584aab,1987-12-23,None,999-39-7951,S99996991,X63978594X,Mrs.,Margie619,Hermiston71,None,Fay398,M,white,nonhispanic,F,Saugus  Massachusetts  US,1023 Ondricka Rue Suite 24,New Bedford,Massachusetts,Bristol County,2743,41.577222712047309,-71.013361179702969,2330230.89,0,2025-11-07T12:24:53.157036,patients.csv,747,false
62bb08df-1e20-441c-6fea-94c47a30690a,1980-05-21,None,999-86-6189,S99916713,X77230309X,Mrs.,Leonie332,Monahan736,None,Raynor401,M,white,nonhispanic,F,Smith Mills  Massachusetts  US,497 Hegmann Gateway Suite 26,Newburyport,Massachusetts,Essex County,,42.807015946280231,-70.921849271223792,1273822.6425000003,48322.117499999993,2025-11-07T12:24:53.157036,patients.csv,51,false
899c3251-4ec5-8102-957c-e89acd5b921a,1969-02-02,None,999-93-3935,S99988639,X67250211X,Mrs.,Lakeesha370,Romaguera67,None,Dare640,M,white,nonhispanic,F,Lowell  Massachusetts  US,651 Terry Brook,Newton,Massachusetts,Middlesex County,2462,42.300236354379294,-71.163391820992871,2142649.0315000005,120417.3385,2025-11-07T12:24:53.157036,patients.csv,88,false
0896b0af-df68-c103-5db4-018d0ca3256e,1957-07-24,None,999-61-1912,S99923028,X4981106X,Mrs.,Marisha663,Roberts511,None,Borer986,M,white,hispanic,F,Worcester  Massachusetts  US,954 Harber Trailer Apt 29,Newton,Massachusetts,Middlesex County,2459,42.309247092334026,-71.275443352436824,2133224.7085000011,578478.3315,2025-11-07T12:24:53.157036,patients.csv,133,false
37ab5291-cc03-1798-2097-d35809156954,1911-11-04,1992-09-29,999-93-1944,S99963724,X50742317X,Mrs.,Neoma676,Powlowski563,None,Stiedemann542,M,white,nonhispanic,F,Hanover  Massachusetts  US,100 Braun Pathway,Norfolk,Massachusetts,Norfolk County,,42.084293402473122,-71.290319801792791,2289279.046000001,826482.61399999983,2025-11-07T12:24:53.157036,patients.csv,1015,false
33ee607c-5afa-d4ff-85bc-3191531cf8c1,1911-11-04,1989-09-07,999-76-8030,S99994088,X51022833X,Mrs.,Chandra831,Gerlach374,None,Emmerich580,M,white,nonhispanic,F,Northbridge  Massachusetts  US,112 Sporer Ramp,Norfolk,Massachusetts,Norfolk County,,42.070796137474758,-71.340995294126657,2467714.2615000005,30532.5285,2025-11-07T12:24:53.157036,patients.csv,1030,false
b1d84e5c-1c09-c772-2ee1-ca095df0d435,1911-11-04,1996-12-09,999-47-5456,S99932010,X81062305X,Mrs.,Nathalie366,Reichel38,None,D'Amore443,M,white,nonhispanic,F,West Tisbury  Massachusetts  US,204 Hills Branch,Norfolk,Massachusetts,Norfolk County,,42.068204419901008,-71.280842332719715,3411635.7925,156139.6875,2025-11-07T12:24:53.157036,patients.csv,1045,false
45a3f02c-149e-c09f-ca71-be5d33481bbb,1911-11-04,1975-06-21,999-64-7178,S99979351,X61820962X,Mrs.,India495,Bosco882,None,Swift555,M,white,nonhispanic,F,Boston  Massachusetts  US,818 Gutmann Highlands,Norfolk,Massachusetts,Norfolk County,,42.15213296821257,-71.350873274369491,2131237.7390000005,679399.44099999988,2025-11-07T12:24:53.157036,patients.csv,1054,false
3c26a41e-d1a5-45ed-6956-09bcefe3c08c,1911-11-04,1961-08-29,999-77-5434,S99990463,X36000040X,Mrs.,Lynetta635,Roberts511,None,Heidenreich818,M,white,nonhispanic,F,West Yarmouth  Massachusetts  US,468 Bosco Heights,Norfolk,Massachusetts,Norfolk County,,42.112206896984631,-71.348063117350236,2016371.2465,719414.7435,2025-11-07T12:24:53.157036,patients.csv,1062,false
7a9c0e7a-c835-7b68-101d-190ddf573df9,1911-11-04,2007-07-04,999-79-2298,S99929676,X86263120X,Mrs.,Genevie117,Lueilwitz711,None,Bradtke547,M,white,nonhispanic,F,Monson  Massachusetts  US,1092 Fay Parade,Norfolk,Massachusetts,Norfolk County,,42.130763126611782,-71.2935892060531,2817688.5609999988,917642.139,2025-11-07T12:24:53.157036,patients.csv,1079,false
6a5b7896-78b9-2b39-0219-a618a7562372,1911-11-04,None,999-75-5097,S99994442,X81312093X,Mrs.,Dori98,Orn563,None,Nikolaus26,M,white,nonhispanic,F,Springfield  Massachusetts  US,196 Crist Course Suite 26,Norfolk,Massachusetts,Norfolk County,,42.12901871058034,-71.361290308314139,3232959.021,1204014.9489999996,2025-11-07T12:24:53.157036,patients.csv,1100,false
177971b9-2284-1459-06de-165414d9de11,1989-10-12,None,999-31-4903,S99993496,X32639231X,Mrs.,Russell422,Robel940,None,Leuschke194,M,white,nonhispanic,F,Lexington  Massachusetts  US,548 Farrell Path Suite 6,North Adams,Massachusetts,Berkshire County,1247,42.720036918634669,-73.105767677172068,1555287.9975,197730.3825,2025-11-07T12:24:53.157036,patients.csv,355,false
ef6d75b4-afc6-70c0-2767-27468cb3c243,1942-09-06,2015-08-29,999-91-6200,S99937294,X17185392X,Mrs.,Neta452,Morar593,None,Hermiston71,M,white,nonhispanic,F,Boston  Massachusetts  US,1037 Dare Promenade,North Adams,Massachusetts,Berkshire County,,42.656476759862407,-73.116247355800866,1248341.824000001,28194.206,2025-11-07T12:24:53.157036,patients.csv,906,false
edf82168-489f-1b3e-c1da-5956c19f4520,1942-09-06,2007-03-25,999-70-7755,S99997228,X37090678X,Mrs.,Nieves278,Flatley871,None,Gutkowski940,M,white,nonhispanic,F,Boston  Massachusetts  US,255 Rosenbaum Quay Unit 39,North Adams,Massachusetts,Berkshire County,1247,42.632134052945261,-73.14875034111499,1115079.5645,222629.92549999995,2025-11-07T12:24:53.157036,patients.csv,918,false
bea87be4-08d7-cc5e-4791-254d11c26341,1973-11-09,None,999-46-1605,S99939803,X36706693X,Mrs.,Anya973,Mills423,None,Kuhn96,M,white,nonhispanic,F,Ayer  Massachusetts  US,993 Rau Neck Apt 66,North Attleborough,Massachusetts,Bristol County,,41.991862665726771,-71.285590077581148,2513648.1280000005,998145.302,2025-11-07T12:24:53.157036,patients.csv,817,false
81b2098d-e476-7d41-46b1-1c86fa027785,1956-02-18,None,999-19-9446,S99925383,X8583497X,Mrs.,Isa815,Gorczany269,None,Dooley940,M,white,nonhispanic,F,Natick  Massachusetts  US,722 Jenkins Harbor,North Plymouth,Massachusetts,Plymouth County,,42.007923355728,-70.6666560319566,1309087.8905000009,80931.269500000024,2025-11-07T12:24:53.157036,patients.csv,73,false
90ae6834-9260-8716-1ba4-00931568d7bf,1973-02-16,None,999-15-9006,S99962357,X38458551X,Mrs.,Tamar361,Jakubowski832,None,Waters156,M,white,nonhispanic,F,Lawrence  Massachusetts  US,851 Barrows Tunnel,North Plymouth,Massachusetts,Plymouth County,,41.9343459389856,-70.728002555255216,1172506.607,357246.753,2025-11-07T12:24:53.157036,patients.csv,1102,false
b795bf03-28fb-ad1d-5a43-3e44422700a7,1964-05-04,None,999-55-1245,S99943779,X705612X,Mrs.,Janella261,Adams676,None,Balistreri607,M,white,nonhispanic,F,Boston  Massachusetts  US,123 Adams Arcade Apt 13,Northampton,Massachusetts,Hampshire County,1060,42.313830325870434,-72.638595526628336,2028256.7735000004,380248.6365,2025-11-07T12:24:53.157036,patients.csv,559,false
75e3925c-8fb9-cba5-a5a9-2a144eb2ad5a,1944-02-18,None,999-27-6335,S99962729,X80318860X,Mrs.,Ema785,Bosco882,None,Schmeler639,M,white,nonhispanic,F,Boston  Massachusetts  US,549 Romaguera Run Unit 53,Northampton,Massachusetts,Hampshire County,1053,42.295182946928406,-72.633608474140416,361543.86900000012,1193251.661,2025-11-07T12:24:53.157036,patients.csv,969,false
98c5afd5-00e6-d2d8-db5c-405275c10c71,1952-04-11,2017-04-06,999-35-3913,S99990720,X12462852X,Mrs.,Erminia669,Lebsack687,None,Predovic534,M,white,nonhispanic,F,Brockton  Massachusetts  US,813 Powlowski Way Unit 27,Northampton,Massachusetts,Hampshire County,1063,42.307061045021918,-72.683504396785537,3171906.983500001,166183.7565,2025-11-07T12:24:53.157036,patients.csv,1059,false
3b582d71-202c-acf5-9515-90740adcfcc7,1952-04-11,None,999-64-5383,S99918110,X62679297X,Mrs.,Lashaun800,Leannon79,None,Brown30,M,white,nonhispanic,F,Rockland  Massachusetts  US,813 Keeling Ferry,Northampton,Massachusetts,Hampshire County,1060,42.327405026091988,-72.617807466803811,2107058.2070000004,101283.453,2025-11-07T12:24:53.157036,patients.csv,1078,false
e1a2f3c6-27a7-f162-492e-62a5fffc38e0,1951-03-27,None,999-20-9444,S99997062,X81384498X,Mrs.,Dayle885,Trantow673,None,Doyle959,M,white,nonhispanic,F,Holyoke  Massachusetts  US,942 Wolff Crossing Unit 1,Northborough,Massachusetts,Worcester County,,42.322964543634775,-71.6373144857594,2436655.9115000009,360690.6485,2025-11-07T12:24:53.157036,patients.csv,532,false
b9a2dccd-6eb0-0014-bc92-527b5dde701d,1976-08-16,None,999-57-2496,S99970666,X73880132X,Mrs.,Trista955,Kertzmann286,None,Roob72,M,white,nonhispanic,F,Newton  Massachusetts  US,858 Durgan Gate,Northborough,Massachusetts,Worcester County,1532,42.314552492657441,-71.609131795097113,1564907.3345,606865.9955,2025-11-07T12:24:53.157036,patients.csv,578,false
ad67ba01-cc70-b87a-1bdb-47c53c56adfd,1991-08-17,None,999-71-5714,S99993912,X15653370X,Mrs.,Majorie11,Grady603,None,Steuber698,M,white,nonhispanic,F,Boston  Massachusetts  US,281 Kunde Mission Apt 61,Norton,Massachusetts,Bristol County,,41.994121777824049,-71.170162222677618,926167.9625,16086.5175,2025-11-07T12:24:53.157036,patients.csv,723,false
25314ff5-8aa4-e3c1-e3d1-8947945764b8,1966-12-08,None,999-16-5355,S99975355,X5703905X,Mrs.,Macie339,O'Connell601,None,Leffler128,M,white,nonhispanic,F,Holden  Massachusetts  US,304 Deckow Glen,Norton,Massachusetts,Bristol County,,41.971259354099963,-71.1928770358509,2213963.9775,24390.8925,2025-11-07T12:24:53.157036,patients.csv,964,false
590ad7c6-6cb7-7181-bf1f-818e179c3edc,1912-10-07,1942-01-05,999-79-6748,S99927832,X66073799X,Mrs.,Janna498,Auer97,None,Ratke343,M,white,nonhispanic,F,Springfield  Massachusetts  US,1064 Muller Brook Suite 76,Norton,Massachusetts,Bristol County,,41.931479476554138,-71.176726329742664,885068.31600000011,491218.744,2025-11-07T12:24:53.157036,patients.csv,1021,false
8bf91de1-4c40-442e-fc72-ca32b63a9d08,1912-10-07,1981-02-08,999-69-6425,S99982690,X18384965X,Mrs.,Sherron201,Trantow673,None,Becker968,M,white,nonhispanic,F,Brookline  Massachusetts  US,528 Champlin Course Unit 0,Norton,Massachusetts,Bristol County,,41.974272560410263,-71.144303888243357,3119967.4485000013,204009.7715,2025-11-07T12:24:53.157036,patients.csv,1034,false
abbfa35f-d330-3e74-cfba-5c0ad5a2166b,1912-10-07,1981-02-28,999-13-9982,S99958951,X59941344X,Mrs.,Loan904,Cronin387,None,Rogahn59,M,white,nonhispanic,F,Peabody  Massachusetts  US,653 Grant Brook,Norton,Massachusetts,Bristol County,,42.012396588232477,-71.1336734944782,2700766.2565,296602.3535,2025-11-07T12:24:53.157036,patients.csv,1048,false
6d448f13-ee6d-61a4-2123-a32120b274ae,1912-10-07,2007-05-30,999-88-2584,S99954325,X75602200X,Mrs.,Ja391,Mayer370,None,Blanda868,M,white,nonhispanic,F,Deerfield  Massachusetts  US,1014 Batz Ville,Norton,Massachusetts,Bristol County,,41.961643083458789,-71.136548469108789,3521320.513999999,1686231.596,2025-11-07T12:24:53.157036,patients.csv,1064,false
b6a7f9cd-340d-4289-ef69-12fdc928ad30,1912-10-07,2016-03-21,999-84-7510,S99999146,X57889745X,Mrs.,Temple691,Bruen238,None,Schaefer657,M,white,nonhispanic,F,Hingham  Massachusetts  US,1081 Aufderhar Burg,Norton,Massachusetts,Bristol County,,41.993227504680249,-71.184400724907761,3274260.4839999992,1020293.5159999998,2025-11-07T12:24:53.157036,patients.csv,1081,false
6bdd9c1a-17be-8543-322f-91786c6af444,1912-10-07,2001-09-05,999-63-8699,S99958121,X87472578X,Mrs.,Sunni15,Oberbrunner298,None,Wilderman619,M,white,nonhispanic,F,Randolph  Massachusetts  US,1060 Conroy Esplanade Suite 68,Norton,Massachusetts,Bristol County,,41.979975996671861,-71.206831167760242,2628307.1780000008,1510034.782,2025-11-07T12:24:53.157036,patients.csv,1097,false
073967cc-9195-3de9-8ce1-e0cd81461da4,1912-10-07,None,999-71-4172,S99977918,X28623501X,Mrs.,Otha286,Wintheiser220,None,Harris789,M,white,nonhispanic,F,East Longmeadow  Massachusetts  US,708 Braun Frontage road Suite 56,Norton,Massachusetts,Bristol County,,42.006120677521011,-71.1803755485436,2956889.0395000004,235653.98049999995,2025-11-07T12:24:53.157036,patients.csv,1118,false
f533e863-964d-b59a-cf56-8f4b5f1c8959,1973-07-14,None,999-12-2847,S99993142,X32144900X,Mrs.,Chara19,MacGyver246,None,Murazik203,M,black,hispanic,F,East Bridgewater  Massachusetts  US,787 Keeling Esplanade Unit 27,Palmer,Massachusetts,Hampden County,1009,42.234288010767628,-72.342068346614354,1812036.2865,296058.0335,2025-11-07T12:24:53.157036,patients.csv,287,false
b3ab4196-c646-5d1b-a25a-cc750abfc4bb,1988-08-20,None,999-12-2856,S99948446,X54822272X,Mrs.,Shaun461,Jenkins714,None,O'Reilly797,M,white,nonhispanic,F,Dennis  Massachusetts  US,677 Reinger Approach,Palmer,Massachusetts,Hampden County,1095,42.243022037876408,-72.290826841939023,1175480.3025000002,2445.8775,2025-11-07T12:24:53.157036,patients.csv,1157,false
3b7ccd6e-f331-abc9-a498-a16280c3ee10,1978-12-03,None,999-58-9832,S99999684,X24173638X,Mrs.,Sanjuana985,Ritchie586,None,Rempel203,M,white,nonhispanic,F,Milford  Massachusetts  US,1048 Wyman Center Unit 36,Peabody,Massachusetts,Essex County,1960,42.491761122030027,-71.015838958390688,1380170.846,55102.873999999989,2025-11-07T12:24:53.157036,patients.csv,575,false
f95e40e9-9446-c65a-36b6-59c0183327e4,1918-12-21,1987-03-17,999-75-3442,S99917106,X4563192X,Mrs.,Twila243,Blick895,None,Kiehn525,M,white,nonhispanic,F,Northampton  Massachusetts  US,244 Cassin Dale Apt 48,Pittsfield,Massachusetts,Berkshire County,,42.4980093633128,-73.22747126601331,2607354.605,37589.845000000008,2025-11-07T12:24:53.157036,patients.csv,806,false
152ae6fe-9ed5-6944-0d96-f6073102f677,1918-12-21,None,999-45-2640,S99932807,X76930064X,Mrs.,Vita624,Bosco882,None,Kozey370,M,white,nonhispanic,F,Westford  Massachusetts  US,799 Bogisich Rest Apt 84,Pittsfield,Massachusetts,Berkshire County,,42.446465743348611,-73.253762312272173,3035222.2365,1228135.1135000002,2025-11-07T12:24:53.157036,patients.csv,836,false
67107cd9-d6ed-6020-e1c2-a16e8e613242,1938-11-17,None,999-54-1634,S99934155,X10101321X,Mrs.,Sierra982,Marquardt819,None,Hintz995,M,white,nonhispanic,F,Dracut  Massachusetts  US,721 Raynor Corner Suite 73,Plainville,Massachusetts,Norfolk County,,42.034010810209082,-71.349481173172023,731902.29099999962,952928.10900000017,2025-11-07T12:24:53.157036,patients.csv,959,false
57b53310-98a9-f011-69c0-02068c37d83b,1972-07-13,None,999-37-8837,S99918279,X61102329X,Mrs.,Tommye961,Simonis280,None,Franecki195,M,white,nonhispanic,F,Newton  Massachusetts  US,893 McGlynn Street,Plymouth,Massachusetts,Plymouth County,2360,41.882954235476312,-70.5823612036686,1973363.8435000009,641759.8265,2025-11-07T12:24:53.157036,patients.csv,25,false
5cd20da5-2f01-b94a-07fb-173648c58460,1944-08-19,None,999-16-3356,S99980960,X72610632X,Mrs.,Sammie902,Mosciski958,None,Anderson154,M,white,nonhispanic,F,Holliston  Massachusetts  US,896 Ledner Glen,Plymouth,Massachusetts,Plymouth County,2360,41.853295366471066,-70.630145382093929,2677819.988,559129.252,2025-11-07T12:24:53.157036,patients.csv,443,false
c1b61a52-e15f-0bd4-58d3-eb581ecb6192,1970-02-02,None,999-57-4505,S99979636,X25260404X,Mrs.,Johana303,Wunsch504,None,Jerde200,M,white,nonhispanic,F,Worcester  Massachusetts  US,224 Grimes Parade Apt 22,Plymouth,Massachusetts,Plymouth County,,41.873055865260312,-70.586467482137465,2128735.3025,209827.15749999997,2025-11-07T12:24:53.157036,patients.csv,712,false
55a6a46e-a1a4-0298-e58f-c0cb27cbb022,1958-09-18,2009-11-13,999-79-5115,S99956983,X26820988X,Mrs.,Maddie576,Gutmann970,None,Blanda868,M,white,nonhispanic,F,Boston  Massachusetts  US,577 Schmeler Frontage road Unit 7,Quincy,Massachusetts,Norfolk County,2169,42.314702155573748,-71.027005295992325,2895617.6040000003,312276.306,2025-11-07T12:24:53.157036,patients.csv,15,false
1cfa5a70-7f3c-4227-5cf1-e182fcff4cd4,1958-09-18,None,999-24-1375,S99923833,X21908759X,Mrs.,Alaine226,Willms744,None,Funk324,M,white,nonhispanic,F,North Westport  Massachusetts  US,112 Metz Track,Quincy,Massachusetts,Norfolk County,2186,42.250009252233163,-70.978059485573723,2056353.7810000004,599891.699,2025-11-07T12:24:53.157036,patients.csv,29,false
d321aaa9-5b61-14ae-832b-46b4b50fd88e,1960-04-08,None,999-20-6277,S99994120,X21190812X,Mrs.,Lynetta635,Hahn503,None,Gottlieb798,M,white,nonhispanic,F,North Adams  Massachusetts  US,852 Hintz Lane,Quincy,Massachusetts,Norfolk County,2170,42.28760477424418,-71.094896767222366,1933848.9795000008,274093.5805,2025-11-07T12:24:53.157036,patients.csv,270,false
5cac9f29-c0e1-551d-98a8-277cc8f578df,1917-05-15,2011-10-16,999-44-6346,S99987412,X36339145X,Mrs.,Linsey338,Gerlach374,None,Medhurst46,M,white,nonhispanic,F,Somerville  Massachusetts  US,861 Block Flat Unit 38,Quincy,Massachusetts,Norfolk County,2170,42.218437373568129,-71.0187874993587,2891485.6015000008,366655.85850000009,2025-11-07T12:24:53.157036,patients.csv,567,false
c650efc6-4969-4cc7-65f7-bf8b59ca6421,1917-05-15,2001-11-12,999-40-8176,S99913721,X50391709X,Mrs.,Briana139,Hegmann834,None,Nader710,M,white,nonhispanic,F,Forestdale  Massachusetts  US,882 Hessel Extension,Quincy,Massachusetts,Norfolk County,2171,42.234163000126479,-71.039143024222312,3087576.2345,168910.7755,2025-11-07T12:24:53.157036,patients.csv,579,false
31a2e8ec-69fc-8a71-3ab6-36cbdd508713,1917-05-15,2017-02-18,999-19-4598,S99940208,X45734018X,Mrs.,Adelaida985,DuBuque211,None,Boyle917,M,white,nonhispanic,F,Boston  Massachusetts  US,848 Casper Way,Quincy,Massachusetts,Norfolk County,2169,42.2823902384594,-71.024154770042017,3973306.855,295877.18500000006,2025-11-07T12:24:53.157036,patients.csv,596,false
8c6ae452-5f8c-9ff6-006d-c6c860acf5cd,1917-05-15,2016-05-31,999-80-2062,S99946747,X52726396X,Mrs.,Darla154,Hoppe518,None,Ferry570,M,white,nonhispanic,F,Quincy  Massachusetts  US,504 Heathcote Forge Apt 52,Quincy,Massachusetts,Norfolk County,2171,42.266379250057057,-71.058459738599367,2866534.364,358924.00599999994,2025-11-07T12:24:53.157036,patients.csv,627,false
1317e7d6-f31c-2d3b-54b3-8fe8837c78fc,1917-05-15,2008-10-07,999-19-1515,S99912860,X69631744X,Mrs.,Margherita470,King743,None,Little434,M,white,nonhispanic,F,Walpole  Massachusetts  US,468 Crona Wynd Unit 74,Quincy,Massachusetts,Norfolk County,2169,42.298488536491433,-71.054349278451653,2758546.8495000014,543354.45049999992,2025-11-07T12:24:53.157036,patients.csv,654,false
83c5cc27-48a8-5580-966b-783719fe8f1b,1917-05-15,None,999-84-3052,S99923666,X24959761X,Mrs.,Shirlene698,Bergnaum523,None,Nitzsche158,M,white,nonhispanic,F,Acton  Massachusetts  US,127 Raynor Byway,Quincy,Massachusetts,Norfolk County,2171,42.259420313847862,-71.034555102224445,3092968.2854999984,877397.98449999967,2025-11-07T12:24:53.157036,patients.csv,671,false
77d8177a-0da0-a91f-da5e-9ac05a96def0,1992-04-07,None,999-11-8381,S99972877,X4995219X,Mrs.,Georgene966,Romaguera67,None,Gerlach374,M,white,nonhispanic,F,Plymouth  Massachusetts  US,331 Corwin Annex,Quincy,Massachusetts,Norfolk County,2169,42.230613334723337,-71.008498092902,1674674.93,0,2025-11-07T12:24:53.157036,patients.csv,729,false
f541e07d-a9c8-3631-5050-a25b2bd2c76e,1962-04-23,1989-04-24,999-26-2295,S99935606,X71100440X,Mrs.,Argelia29,Zulauf375,None,Walter473,M,white,nonhispanic,F,Worcester  Massachusetts  US,240 Will Lock Apt 45,Raynham,Massachusetts,Bristol County,,41.964757734626161,-71.0461074188469,714524.17400000012,223791.386,2025-11-07T12:24:53.157036,patients.csv,320,false
e260a0f6-8ab1-d483-cb3d-2093241b635f,1949-10-13,None,999-86-3238,S99998556,X26142438X,Mrs.,So684,Ferry570,None,Goodwin327,M,white,nonhispanic,F,Chelsea  Massachusetts  US,1043 Pollich Parade,Raynham,Massachusetts,Bristol County,,41.916774878517963,-71.046616242025763,2732926.8745,552523.6355,2025-11-07T12:24:53.157036,patients.csv,935,false
03a870d0-f88c-5cf7-538d-491923a3b57b,1956-05-15,None,999-73-5086,S99994268,X33920624X,Mrs.,Clare187,Miller503,None,Klocko335,M,black,nonhispanic,F,Boston  Massachusetts  US,589 Jacobs Flat,Raynham Center,Massachusetts,Bristol County,2768,41.889375693758176,-71.066460044223334,2984580.6865000008,784523.3335,2025-11-07T12:24:53.157036,patients.csv,397,false
1ef1309d-cd3a-f6b2-2706-10f9ecfa06ed,1986-01-02,None,999-86-6731,S99964059,X37436793X,Mrs.,Kit446,Hills818,None,Renner328,M,white,nonhispanic,F,Westborough  Massachusetts  US,875 Olson Lodge,Reading,Massachusetts,Middlesex County,1801,42.506122936392671,-71.126169209368754,2684339.5125000007,223069.5675,2025-11-07T12:24:53.157036,patients.csv,759,false
b68c6e5e-6b47-b721-839b-739ec3400504,1963-03-18,None,999-75-5767,S99963744,X20056703X,Mrs.,Jordan900,Smitham825,None,Hauck852,M,white,nonhispanic,F,Dudley  Massachusetts  US,198 Herzog Ramp,Revere,Massachusetts,Suffolk County,2151,42.401238325545577,-71.00707315838099,2241776.1025,186990.8175,2025-11-07T12:24:53.157036,patients.csv,685,false
94866a7e-4ee3-a5a7-5109-6642068d6a14,1982-08-28,None,999-84-9774,S99973886,X86601649X,Mrs.,Cruz300,Okuneva707,None,Gorczany269,M,white,nonhispanic,F,Framingham  Massachusetts  US,614 Becker Ranch Suite 91,Revere,Massachusetts,Suffolk County,2151,42.371772963899993,-71.014485317615751,1564013.095,129254.915,2025-11-07T12:24:53.157036,patients.csv,917,false
9e6418bb-536a-82a7-ae67-b52375c3eac2,1959-07-24,None,999-81-6518,S99991629,X26898116X,Mrs.,Alla648,Cummings51,None,Ebert178,M,white,nonhispanic,F,Norton Center  Massachusetts  US,987 King View Apt 35,Rutland,Massachusetts,Worcester County,,42.398399842983046,-71.963139122198342,2376016.7070000013,56380.673,2025-11-07T12:24:53.157036,patients.csv,1083,false
0fc183b2-8b93-ec17-d2fc-e703b373c9d7,1971-01-18,None,999-47-5593,S99991572,X88557190X,Mrs.,Barbara209,Soliz209,None,Zúñiga630,M,white,hispanic,F,Marigot  Saint Andrew Parish  DM,342 Gleason Alley Unit 65,Salem,Massachusetts,Essex County,,42.467619375879877,-70.8693905368745,1387921.3015000003,229094.66849999997,2025-11-07T12:24:53.157036,patients.csv,90,false
0ee91088-5b0d-8cdb-ef22-357b12a26b25,1986-02-11,None,999-10-4048,S99940521,X54924853X,Mrs.,Lavera253,Reilly981,JD,Padberg411,M,white,nonhispanic,F,Andover  Massachusetts  US,223 Grant Walk Apt 33,Salem,Massachusetts,Essex County,,42.469069940574371,-70.954265774397257,1260989.7424999997,315647.2875,2025-11-07T12:24:53.157036,patients.csv,147,false
1094e290-28ca-61c8-f170-59648b11b32e,1957-10-24,None,999-16-6851,S99987975,X39568994X,Mrs.,Shena75,Larkin917,PhD,Durgan499,M,white,nonhispanic,F,Middleborough  Massachusetts  US,647 Schimmel Boulevard Suite 10,Salem,Massachusetts,Essex County,,42.433004460789896,-70.87897427660404,1764804.6125000007,62282.857499999991,2025-11-07T12:24:53.157036,patients.csv,635,false
fb666e77-dcb0-f7cc-91f1-4c805cafd94a,1926-10-13,2005-06-15,999-33-8967,S99944677,X55658101X,Mrs.,Maddie576,Stokes453,None,Moen819,M,white,nonhispanic,F,Lowell  Massachusetts  US,739 Wiza Ville,Salem,Massachusetts,Essex County,1970,42.432466761370883,-70.9324662968796,1115480.407,979690.48299999966,2025-11-07T12:24:53.157036,patients.csv,649,false
652fde3e-b7b4-8c47-2dab-25294d389af1,1926-10-13,1982-04-28,999-57-9277,S99914343,X87153997X,Mrs.,Alysha630,Corwin846,None,McClure239,M,white,nonhispanic,F,Randolph  Massachusetts  US,873 Lang Mill,Salem,Massachusetts,Essex County,,42.549016962817987,-70.925972110307939,236788.60750000007,1136743.5425,2025-11-07T12:24:53.157036,patients.csv,658,false
6e166f8c-1fc4-a804-d075-3dbb029ea9ad,1926-10-13,1978-01-07,999-86-6525,S99951428,X55685039X,Mrs.,Gladys682,Hilpert278,None,Lowe577,M,white,nonhispanic,F,Brookline  Massachusetts  US,398 McGlynn Promenade Unit 40,Salem,Massachusetts,Essex County,,42.491334731560855,-70.856653834138157,673743.1475,1677522.6824999994,2025-11-07T12:24:53.157036,patients.csv,667,false
864b2fa0-78e3-88c6-2ce2-ba3aea72236c,1926-10-13,None,999-82-6767,S99951515,X28954626X,Mrs.,Ula130,Beatty507,None,Willms744,M,white,nonhispanic,F,Swansea  Massachusetts  US,843 Osinski Parade Apt 24,Salem,Massachusetts,Essex County,1970,42.51780720122288,-70.863688182789829,616271.78350000025,1284792.2265,2025-11-07T12:24:53.157036,patients.csv,691,false
753e1440-87ec-7175-29e7-73bf24f5c7f0,1940-08-02,None,999-83-1137,S99941922,X42989740X,Mrs.,Oneida64,Tromp100,None,Weber641,M,white,nonhispanic,F,Franklin  Massachusetts  US,145 Streich Bay,Salem,Massachusetts,Essex County,1907,42.46399484622625,-70.87992690886972,2315428.59,454753.87000000011,2025-11-07T12:24:53.157036,patients.csv,698,false
aa07a9f0-6cce-5e67-519a-2e2c5f93db29,1987-05-02,None,999-34-3205,S99932109,X35475201X,Mrs.,Angelo118,Runte676,None,Wiza601,M,white,nonhispanic,F,Framingham  Massachusetts  US,364 Ward Parade Suite 96,Salem,Massachusetts,Essex County,1907,42.526524059678167,-70.905267814567139,1799452.4879999997,11672.232,2025-11-07T12:24:53.157036,patients.csv,782,false
03bb882e-730f-0d96-cd3d-3caee932fef6,1956-12-30,None,999-34-4514,S99921326,X28910085X,Mrs.,Regenia619,Gibson10,None,Batz141,M,white,nonhispanic,F,Leominster  Massachusetts  US,906 Mertz Divide Unit 26,Salisbury,Massachusetts,Essex County,1952,42.833122115844056,-70.874691824791057,2700908.87,156126.62999999998,2025-11-07T12:24:53.157036,patients.csv,395,false
e984f023-1987-15a9-f24b-f980ce800206,1975-08-10,None,999-12-5073,S99947934,X59393369X,Mrs.,Starla601,Collier206,None,Armstrong51,M,white,nonhispanic,F,Boston  Massachusetts  US,754 Moore Road Apt 77,Scituate,Massachusetts,Plymouth County,,42.193552249240241,-70.73756348254831,1855792.1399999997,59302.740000000005,2025-11-07T12:24:53.157036,patients.csv,75,false
5bd3bb2e-41f9-18ea-0736-fe3f41f4dbf9,1977-05-12,None,999-67-9740,S99967663,X25162962X,Mrs.,Leonie332,Koelpin146,None,Ziemann98,M,white,nonhispanic,F,West Newbury  Massachusetts  US,312 Mertz Frontage road,Scituate,Massachusetts,Plymouth County,2066,42.178036453000963,-70.704040447771888,1955602.939,341388.401,2025-11-07T12:24:53.157036,patients.csv,669,false
3e078645-65f0-4863-8556-d076402382b2,1963-08-16,None,999-50-4126,S99935138,X36525833X,Mrs.,Cornelia505,Gibson10,None,Mosciski958,M,black,nonhispanic,F,Franklin  Massachusetts  US,381 Emard Dale,Scituate,Massachusetts,Plymouth County,,42.197018372685321,-70.735215611437681,2499256.7969999989,193528.033,2025-11-07T12:24:53.157036,patients.csv,1153,false
9a03c829-2cca-1d7e-fc47-82b3814eadfa,1969-06-10,2021-06-17,999-31-4544,S99917024,X9809981X,Mrs.,Cathi439,Hodkiewicz467,None,Walter473,M,white,nonhispanic,F,Waltham  Massachusetts  US,212 Larkin Plaza Suite 88,Shirley,Massachusetts,Middlesex County,1464,42.580759146433934,-71.652741080240816,2460793.5885000005,558018.9515,2025-11-07T12:24:53.157036,patients.csv,968,false
65c925be-8fda-2bf1-6702-4fcbcb725628,1969-06-10,None,999-74-6711,S99941455,X64368863X,Mrs.,Alayna598,Beier427,None,Kuvalis369,M,white,nonhispanic,F,Middleborough Center  Massachusetts  US,309 McCullough Lane Unit 61,Shirley,Massachusetts,Middlesex County,1464,42.553385295175467,-71.6489975807101,1982581.436,574751.3339999998,2025-11-07T12:24:53.157036,patients.csv,981,false
a0e542ca-bab1-52c2-e32d-5c5507e36868,1988-12-13,None,999-74-4467,S99996819,X25051030X,Mrs.,Willodean275,Hyatt152,None,Crona259,M,white,nonhispanic,F,Salisbury  Massachusetts  US,178 Kohler Rest Suite 20,Shrewsbury,Massachusetts,Worcester County,,42.267211057149822,-71.735704512957028,1355042.0024999997,1278.1574999999996,2025-11-07T12:24:53.157036,patients.csv,760,false
78da7c78-d491-32b2-7ea2-aebb2517d27e,1952-10-09,2021-01-20,999-63-8022,S99984799,X11773365X,Mrs.,Maud851,Balistreri607,None,Torphy630,M,white,nonhispanic,F,Amherst  Massachusetts  US,1037 Stroman Fork,Somerset,Massachusetts,Bristol County,,41.740061179195216,-71.217396757807791,2097132.2070000009,249625.60300000009,2025-11-07T12:24:53.157036,patients.csv,172,false
fbc55f1a-9438-99af-595e-8a4196b6684b,1993-04-27,None,999-26-7401,S99920464,X83389411X,Mrs.,Bee658,Jacobi462,None,Robel940,M,white,nonhispanic,F,Littleton  Massachusetts  US,227 Labadie Alley,Somerset,Massachusetts,Bristol County,2726,41.781401897368411,-71.194150883444166,1587990.925,760.24499999999989,2025-11-07T12:24:53.157036,patients.csv,233,false
c0219ca9-576f-f7c2-9c44-de030e94969b,1971-12-06,None,999-24-2120,S99951566,X2456540X,Mrs.,Beatriz277,Urías338,None,Villalpando154,M,white,hispanic,F,Lima  Lima Province  PE,497 Bahringer Crossing,Somerville,Massachusetts,Middlesex County,2138,42.37578548998286,-71.0903966734203,1509753.9109999996,968261.83900000015,2025-11-07T12:24:53.157036,patients.csv,12,false
d57e867e-4896-9e07-f502-5f4f881bd80e,1961-05-09,None,999-72-3767,S99947629,X33329252X,Mrs.,Ula130,Medhurst46,None,Kreiger457,M,white,nonhispanic,F,Carver  Massachusetts  US,875 D'Amore Tunnel Suite 92,Somerville,Massachusetts,Middlesex County,2138,42.344770034857781,-71.102054966753741,1834173.8440000005,807480.12599999993,2025-11-07T12:24:53.157036,patients.csv,511,false
2eb19e95-d892-0973-f9c1-1c915d3e622d,1993-12-05,None,999-28-2661,S99975675,X29397438X,Mrs.,Moira454,McLaughlin530,None,Rohan584,M,white,nonhispanic,F,Wrentham  Massachusetts  US,1026 Carroll Extension Apt 25,Somerville,Massachusetts,Middlesex County,2138,42.416706095027841,-71.065664674298588,101625.1625,267618.0875,2025-11-07T12:24:53.157036,patients.csv,548,false
54cc4555-29a2-17ca-1b62-b537b35515a5,1979-01-17,None,999-19-6153,S99971559,X80717726X,Mrs.,Jenny686,Krajcik437,None,Friesen796,M,white,nonhispanic,F,Grafton  Massachusetts  US,415 Hintz Lane Unit 20,Somerville,Massachusetts,Middlesex County,2145,42.409462976292261,-71.085242990468842,2967680.0915,490579.0685,2025-11-07T12:24:53.157036,patients.csv,787,false
ec3be88f-6d38-5331-b548-18bf9b9f35a3,1984-05-26,None,999-32-5673,S99943953,X37740112X,Mrs.,Kayce253,Friesen796,None,Bahringer146,M,white,nonhispanic,F,Lyon  Auvergne-Rhone-Alpes  FR,430 Goodwin Row,Somerville,Massachusetts,Middlesex County,2144,42.418661577852241,-71.089126907428522,1549499.8930000004,77931.247,2025-11-07T12:24:53.157036,patients.csv,874,false
ba94f61a-0555-03dc-c25a-33b62cec09be,1981-11-04,None,999-28-2722,S99992994,X8537765X,Mrs.,Marylyn194,Botsford977,None,Harris789,M,white,nonhispanic,F,Methuen  Massachusetts  US,145 Lang Parade,Somerville,Massachusetts,Middlesex County,2145,42.379134272963611,-71.149577250813849,1811204.5185,258598.8615,2025-11-07T12:24:53.157036,patients.csv,965,false
f99e1c5e-40c9-aa06-3e00-f2d944dc3ae0,1944-11-18,None,999-72-6116,S99984117,X69071962X,Mrs.,Geri861,Padberg411,None,Moore224,M,white,nonhispanic,F,Newton  Massachusetts  US,152 Hilpert Junction,South Deerfield,Massachusetts,Franklin County,1373,42.484019988328157,-72.597134859620354,2677158.173,278013.867,2025-11-07T12:24:53.157036,patients.csv,434,false
aa01ba4c-e0ac-805a-f1cb-9b38dc431f4f,1963-07-26,None,999-81-5160,S99924238,X22932599X,Mrs.,Lizette501,Nikolaus26,None,Morar593,M,white,hispanic,F,Weymouth  Massachusetts  US,407 Bins Alley,Southborough,Massachusetts,Worcester County,,42.341936533560464,-71.569906446542475,1819738.6400000004,809491.6399999999,2025-11-07T12:24:53.157036,patients.csv,229,false
30db29cb-a1c0-272e-bfed-ce88ebc23b2d,1965-09-12,None,999-54-8730,S99973302,X55538579X,Mrs.,Barbara209,Acevedo301,None,Alvarez441,M,white,hispanic,F,Marigot  Saint Andrew Parish  DM,619 Purdy Run Suite 61,Southborough,Massachusetts,Worcester County,,42.267110437672,-71.540103682060732,2150447.0714999991,353552.39849999995,2025-11-07T12:24:53.157036,patients.csv,269,false
ce6fbb19-19f4-b597-7df8-8bb192f78da8,1956-09-23,None,999-58-3173,S99967959,X73005810X,Mrs.,Hulda44,Reichel38,None,Luettgen772,M,white,nonhispanic,F,Brockton  Massachusetts  US,497 Gusikowski Extension,Southbridge,Massachusetts,Worcester County,1550,42.025163928310292,-72.079098069409383,2983892.6685,187621.7215,2025-11-07T12:24:53.157036,patients.csv,384,false
1d1af1df-c916-9534-dcb4-b9aaf02e48d5,1974-07-16,None,999-32-8645,S99916853,X49532086X,Mrs.,Pattie91,Feest103,None,Reynolds644,M,white,nonhispanic,F,Marshfield  Massachusetts  US,475 Monahan Parade,Springfield,Massachusetts,Hampden County,1013,42.149784698856287,-72.623621357996228,771826.6675000001,617051.93249999988,2025-11-07T12:24:53.157036,patients.csv,113,false
c0c41fd4-6b03-a08f-ca14-94e353230678,1958-09-15,None,999-18-1814,S99914795,X56418197X,Mrs.,Jennie425,Jerde200,None,Sawayn19,M,white,nonhispanic,F,Quincy  Massachusetts  US,971 Rice Extension,Springfield,Massachusetts,Hampden County,1128,42.075280180396042,-72.5286579210616,2196043.174,549238.10599999991,2025-11-07T12:24:53.157036,patients.csv,260,false
1ab85caa-724e-d796-8d77-bcaf4a295826,1979-07-02,None,999-15-9615,S99943047,X41252022X,Mrs.,Casey401,Jacobi462,None,Shanahan202,M,other,nonhispanic,F,Lowell  Massachusetts  US,789 Deckow Arcade,Springfield,Massachusetts,Hampden County,1128,42.132288806506068,-72.595261091483849,634485.337,370888.873,2025-11-07T12:24:53.157036,patients.csv,333,false
dd4daa77-4499-cb78-bab2-9815954509fa,1960-08-19,1990-11-23,999-98-2149,S99981742,X37032640X,Mrs.,Anne636,Gleason633,None,Yundt842,M,white,nonhispanic,F,Bedford  Massachusetts  US,330 Bogisich Knoll,Springfield,Massachusetts,Hampden County,1105,42.124667930940909,-72.5182807680241,466711.24200000009,119629.548,2025-11-07T12:24:53.157036,patients.csv,626,false
56ca32c8-a903-b357-6ea3-92f9503e8a8a,1961-03-23,None,999-25-1013,S99963557,X73342293X,Mrs.,Margart214,Keebler762,None,VonRueden376,M,black,hispanic,F,Adams  Massachusetts  US,450 Kutch Bridge Unit 35,Springfield,Massachusetts,Hampden County,1020,42.097287726884467,-72.553079857915392,1771519.3639999994,255453.096,2025-11-07T12:24:53.157036,patients.csv,881,false
378931d8-1854-534e-a316-6ebaa62b9570,1994-02-19,None,999-46-2218,S99943475,X9151913X,Mrs.,Ching589,Morar593,None,Altenwerth646,M,white,nonhispanic,F,Sandwich  Massachusetts  US,1014 Cartwright Key Suite 95,Springfield,Massachusetts,Hampden County,1104,42.117116131046366,-72.646268057288836,255162.87249999997,20.137499999999928,2025-11-07T12:24:53.157036,patients.csv,1008,false
79cac46d-5eb0-347f-1373-9ccfbc04fded,1981-06-10,None,999-55-7956,S99982792,X60198646X,Mrs.,Diann220,Kub800,None,Carter549,M,white,nonhispanic,F,Boston  Massachusetts  US,231 Wintheiser Approach Suite 28,Springfield,Massachusetts,Hampden County,1118,42.129402747401159,-72.566603726893945,530155.98050000018,467864.74949999992,2025-11-07T12:24:53.157036,patients.csv,1076,false
cb328021-a854-dc94-e7ae-426580477308,1964-05-31,None,999-10-6445,S99986790,X86596484X,Mrs.,Sherry479,Barrows492,None,Schuppe920,M,white,nonhispanic,F,Boston  Massachusetts  US,976 Ortiz Orchard,Stoughton,Massachusetts,Norfolk County,,42.081222541678763,-71.126027552195509,803147.0779999994,553335.44199999969,2025-11-07T12:24:53.157036,patients.csv,1160,false
03777c32-ed98-50e2-f75d-cbcad532c610,1968-03-26,None,999-77-2595,S99926429,X40438170X,Mrs.,Eloise59,Gerhold939,MD,Waelchi213,M,white,nonhispanic,F,Ware  Massachusetts  US,964 Hayes Stravenue Unit 38,Sudbury,Massachusetts,Middlesex County,,42.345021485506919,-71.378677403490585,2003833.1189999992,145358.761,2025-11-07T12:24:53.157036,patients.csv,491,false
5fa19f72-3c42-c600-eff0-c97e8448ad57,1952-02-19,None,999-44-3135,S99939297,X33324982X,Mrs.,Natalie960,Armstrong51,None,Stehr398,M,white,nonhispanic,F,Quincy  Massachusetts  US,275 Bahringer Rest,Swampscott,Massachusetts,Essex County,,42.480533156020719,-70.877290460558967,2206092.0419999985,202661.398,2025-11-07T12:24:53.157036,patients.csv,781,false
ba9773bf-d2ba-899b-a68c-4ef986c1325e,1966-12-25,None,999-37-4701,S99935143,X44107854X,Mrs.,Birgit199,Maggio310,None,Rice937,M,white,nonhispanic,F,Abington  Massachusetts  US,731 Kiehn Estate Suite 65,Swansea,Massachusetts,Bristol County,,41.784868871636434,-71.240845695488545,1747059.6725000003,629.52749999999992,2025-11-07T12:24:53.157036,patients.csv,292,false
d6c850ad-7e48-0c4b-23b9-ef4d6e58773c,1985-11-19,None,999-85-9031,S99946046,X75050574X,Mrs.,Michelle423,Haley279,None,Will178,M,white,nonhispanic,F,Lawrence  Massachusetts  US,239 Osinski Neck Unit 34,Swansea,Massachusetts,Bristol County,,41.7680627058392,-71.250210253300892,1523287.6834999998,125989.9465,2025-11-07T12:24:53.157036,patients.csv,657,false
eca161aa-f1c3-7391-baa6-37ee86e32b23,1960-11-13,2015-05-22,999-33-1344,S99917432,X54491202X,Mrs.,Chantal971,Moore224,None,Sanford861,M,white,nonhispanic,F,Worcester  Massachusetts  US,840 Nienow Viaduct Suite 1,Swansea,Massachusetts,Bristol County,,41.723779910972674,-71.248298898347059,1702786.0000000007,703220.39999999991,2025-11-07T12:24:53.157036,patients.csv,818,false
c24c5971-3c20-aeab-95da-9dba58dad4a3,1960-11-13,None,999-94-9579,S99968615,X86104512X,Mrs.,Demetrice140,Collier206,None,Terry864,M,white,nonhispanic,F,Quincy  Massachusetts  US,1093 Mayert Loaf Suite 68,Swansea,Massachusetts,Bristol County,,41.710459580396254,-71.249683118915229,2343254.2830000003,94989.507,2025-11-07T12:24:53.157036,patients.csv,828,false
382bd5b8-f7b6-1132-b8fd-49ed4a44f6da,1973-10-05,None,999-68-1723,S99979927,X80024237X,Mrs.,Ruby458,Cole117,None,Rempel203,M,white,nonhispanic,F,Gloucester  Massachusetts  US,441 Kemmer Wall,Topsfield,Massachusetts,Essex County,1983,42.604769830002752,-70.935505354702713,1657990.0045,321613.8755,2025-11-07T12:24:53.157036,patients.csv,1136,false
f75b4628-3ea9-4f6c-b3a6-e7ff678f58cf,1981-03-08,None,999-76-4109,S99910848,X41181844X,Mrs.,Joseph689,Stiedemann542,None,Homenick806,M,white,nonhispanic,F,Westford  Massachusetts  US,897 Brown Extension,Upton,Massachusetts,Worcester County,1568,42.167510855667309,-71.562260977831514,1720307.5684999996,291191.1815,2025-11-07T12:24:53.157036,patients.csv,245,false
3782e52d-3a8e-b8a0-1fce-c0bf74d6a96c,1989-01-17,None,999-78-3480,S99977772,X60883323X,Mrs.,Stormy472,Gulgowski816,None,Roob72,M,white,nonhispanic,F,Haverhill  Massachusetts  US,850 Maggio Glen Suite 80,Wakefield,Massachusetts,Middlesex County,1940,42.534013145085382,-71.040081454506137,1400309.8840000003,208924.676,2025-11-07T12:24:53.157036,patients.csv,788,false
90053970-cbf7-9102-32f1-61c1b05827a8,1959-03-23,None,999-20-9677,S99929577,X45931143X,Mrs.,Mika226,Daugherty69,None,Rempel203,M,white,nonhispanic,F,Falmouth  Massachusetts  US,566 Klein Gardens,Walpole,Massachusetts,Norfolk County,2081,42.123487454746375,-71.228273201498425,2002214.7375000005,332021.74249999988,2025-11-07T12:24:53.157036,patients.csv,132,false
05801c88-9f2e-536e-9068-4b7b4431d072,1994-01-17,None,999-76-3109,S99927819,X69226720X,Mrs.,Shanda945,Cremin516,None,Ankunding277,M,white,nonhispanic,F,Westwood  Massachusetts  US,233 Wuckert Promenade Apt 82,Walpole,Massachusetts,Norfolk County,,42.096535334555782,-71.259292770268218,692391.435,295.84499999999986,2025-11-07T12:24:53.157036,patients.csv,317,false
49dcfcdb-2e70-3c98-9ce1-7020c1d8850d,1992-01-21,None,999-14-5107,S99919260,X67310188X,Mrs.,Camille85,O'Kon634,None,Bergnaum523,M,white,nonhispanic,F,Cambridge  Massachusetts  US,284 Nader Crossroad Suite 91,Walpole,Massachusetts,Norfolk County,,42.174005422376361,-71.2986192620538,1007546.32,0,2025-11-07T12:24:53.157036,patients.csv,560,false
a7624ac9-6308-e015-1c5c-115c97c631fe,1959-11-02,None,999-16-7928,S99982440,X77033125X,Mrs.,Esther279,Runolfsson901,None,Feil794,M,white,nonhispanic,F,Billerica  Massachusetts  US,389 Mraz Pathway Apt 38,Waltham,Massachusetts,Middlesex County,2453,42.399832304959027,-71.206038362207721,2286986.7040000004,480203.186,2025-11-07T12:24:53.157036,patients.csv,22,false
2dacba2b-f4f3-9726-0f13-2f1a87f69bba,1988-03-15,None,999-31-2745,S99997263,X23541953X,Mrs.,Margarite168,Boyer713,None,Botsford977,M,white,nonhispanic,F,Southwick  Massachusetts  US,340 Ullrich Viaduct Unit 53,Waltham,Massachusetts,Middlesex County,2453,42.3262511391239,-71.213939609847415,1371909.6475,223046.0925,2025-11-07T12:24:53.157036,patients.csv,41,false
f665d685-1e8b-dc83-a1e4-7ca3f26d5a8c,1971-06-27,None,999-22-8599,S99960343,X38501945X,Mrs.,Palma671,Mann644,None,Gaylord332,M,white,nonhispanic,F,Somerset  Massachusetts  US,460 O'Keefe Wall,Waltham,Massachusetts,Middlesex County,2472,42.38754278730552,-71.216445340637264,1984094.365,158415.70500000002,2025-11-07T12:24:53.157036,patients.csv,232,false
7decf363-d260-555d-ffaf-a2c2833f39d6,1988-05-15,None,999-58-5124,S99980713,X53047044X,Mrs.,Emogene884,Schroeder447,None,McLaughlin530,M,other,nonhispanic,F,Revere  Massachusetts  US,291 Hansen Branch,Waltham,Massachusetts,Middlesex County,2451,42.427862248173405,-71.212768020677558,1008436.7355000004,484232.3645,2025-11-07T12:24:53.157036,patients.csv,1112,false
9c3df38a-d3b7-2198-3898-51f9153d023d,1974-06-18,None,999-27-9514,S99929282,X34535135X,Mrs.,Edythe31,Morar593,None,McDermott739,M,white,nonhispanic,F,Berkley  Massachusetts  US,392 Beahan Divide,Watertown,Massachusetts,Middlesex County,,42.339456639736049,-71.180324709277272,1671702.1050000004,11815.035,2025-11-07T12:24:53.157036,patients.csv,186,false
85b3245b-919c-7552-8ab3-8fa82a35b178,1978-06-07,None,999-65-4601,S99972629,X22540862X,Mrs.,Ulrike696,Bauch723,None,Orn563,M,white,nonhispanic,F,Worcester  Massachusetts  US,600 Wyman Promenade Unit 60,Watertown,Massachusetts,Middlesex County,2472,42.401366771881271,-71.130771846446919,2306240.1290000007,405128.221,2025-11-07T12:24:53.157036,patients.csv,946,false
c509eb5c-27d4-e7f6-59f8-54c8e8997877,1968-12-07,None,999-46-3846,S99947421,X18810853X,Mrs.,Candace369,Braun514,None,Considine820,M,white,nonhispanic,F,Dudley  Massachusetts  US,271 Rohan Gateway,Watertown,Massachusetts,Middlesex County,2472,42.399110586910517,-71.166736147911948,1986680.3055,197857.4645,2025-11-07T12:24:53.157036,patients.csv,1129,false
cb8c092a-99aa-6c9c-1ec1-660f0b00549d,1990-12-28,None,999-74-6572,S99980075,X57149020X,Mrs.,Kari181,Douglas31,None,Langworth352,M,white,nonhispanic,F,Framingham  Massachusetts  US,413 Auer Burg Suite 64,Wellesley,Massachusetts,Norfolk County,2457,42.330604003519419,-71.30822395704439,1040518.45,22454.94,2025-11-07T12:24:53.157036,patients.csv,13,false
d1ac7006-362b-cc1d-d516-f11d65055473,1932-09-18,None,999-70-8556,S99931311,X42063320X,Mrs.,Nita296,McLaughlin530,None,Rice937,M,white,nonhispanic,F,Sandwich  Massachusetts  US,404 Jacobi Mission,Wellesley,Massachusetts,Norfolk County,2481,42.251522219726311,-71.348154150987355,2934852.472,1483773.9880000004,2025-11-07T12:24:53.157036,patients.csv,239,false
ccd81797-18f3-cf40-4f64-f37b7b50d689,1988-03-21,None,999-14-7085,S99927990,X26209760X,Mrs.,Miss492,Reichert620,None,O'Keefe54,M,white,nonhispanic,F,South Yarmouth  Massachusetts  US,701 Friesen Promenade,Wellesley,Massachusetts,Norfolk County,,42.305559287902057,-71.247437666064471,7128124.6179999989,291690.332,2025-11-07T12:24:53.157036,patients.csv,1009,false
7014a3c8-c168-7809-d981-f7f4cc181442,1966-05-22,None,999-29-2584,S99978327,X81349489X,Mrs.,Noriko180,Mayert710,None,Ward668,M,white,nonhispanic,F,Raynham  Massachusetts  US,1002 Grimes Key Suite 18,Wenham,Massachusetts,Essex County,,42.595761009376659,-70.87717035280096,3491927.8905000007,98696.4495,2025-11-07T12:24:53.157036,patients.csv,378,false
53b3d6bf-2171-c8ac-f4c7-8905a01cf559,1961-08-18,2002-07-26,999-17-4543,S99989061,X23981506X,Mrs.,Lee268,Carter549,MD,Hickle134,M,hawaiian,nonhispanic,F,Fairhaven  Massachusetts  US,822 Goyette Branch Suite 11,West Concord,Massachusetts,Middlesex County,,42.41814596847712,-71.358930272840055,1521907.9989999998,125576.831,2025-11-07T12:24:53.157036,patients.csv,792,false
0cbfba7c-bd09-5afb-221c-3cd30ae46757,1961-08-18,None,999-60-7155,S99941372,X85366477X,Mrs.,Gretta175,Rolfson709,MD,Hane680,M,hawaiian,nonhispanic,F,Leominster  Massachusetts  US,396 Dach Row,West Concord,Massachusetts,Middlesex County,,42.481939263922989,-71.377193895522751,1859659.7875000003,871250.3825,2025-11-07T12:24:53.157036,patients.csv,804,false
77e0ed77-2f51-7fe3-792d-ff1e0be7f3c2,1942-11-27,2010-05-07,999-99-1793,S99972185,X87159064X,Mrs.,Leota851,Thiel172,None,Lindgren255,M,white,nonhispanic,F,Quincy  Massachusetts  US,368 Swift Stravenue Apt 65,West Yarmouth,Massachusetts,Barnstable County,2673,41.635380121434814,-70.26355086012488,2531853.3890000004,330514.291,2025-11-07T12:24:53.157036,patients.csv,714,false
5ebac3bc-45f8-9136-b77a-d20b40dde915,1942-11-27,None,999-36-1410,S99987773,X73628577X,Mrs.,Ula130,Goldner995,None,Ebert178,M,white,nonhispanic,F,Revere  Massachusetts  US,408 Effertz Bridge Suite 62,West Yarmouth,Massachusetts,Barnstable County,2673,41.689928298893882,-70.256947164422769,2703469.686,477605.08400000015,2025-11-07T12:24:53.157036,patients.csv,726,false
5457eec5-b284-85e6-9c6c-1817a211c98f,1976-02-08,None,999-96-7344,S99955861,X25587791X,Mrs.,Iola859,Volkman526,None,Turcotte120,M,white,nonhispanic,F,Clinton  Massachusetts  US,139 Effertz Ville,Westborough,Massachusetts,Worcester County,1581,42.298250187603273,-71.575025177205859,1305566.3005,191499.9695,2025-11-07T12:24:53.157036,patients.csv,925,false
79823958-40ce-9882-a2da-9ff37be49b19,1969-07-01,None,999-73-7072,S99998636,X47165432X,Mrs.,Dorathy429,Wunsch504,None,Kulas532,M,black,nonhispanic,F,Boston  Massachusetts  US,686 Kshlerin Parade,Westfield,Massachusetts,Hampden County,1086,42.1601736750784,-72.800382408512533,1758916.6205000002,238540.4795,2025-11-07T12:24:53.157036,patients.csv,354,false
7f4ecb1c-eb6f-f819-0d42-b86912ee0d38,1911-07-14,1994-11-26,999-32-6873,S99981179,X79577902X,Mrs.,Julia241,Madrigal893,None,Delgado712,M,white,hispanic,F,Mexico City  Mexico City  MX,961 Tremblay Brook,Westfield,Massachusetts,Hampden County,1085,42.084797868956407,-72.791263398672456,431263.74250000011,1986223.7574999984,2025-11-07T12:24:53.157036,patients.csv,527,false
7bc66758-5d59-0b38-1532-29a33fa146c1,1911-07-14,None,999-60-8357,S99926288,X64417126X,Mrs.,Susana117,Meléndez48,None,Delatorre612,M,white,hispanic,F,San Juan  Puerto Rico  PR,435 Bode Ferry Apt 60,Westfield,Massachusetts,Hampden County,1085,42.120393050403706,-72.734442181420448,1458536.7575000003,2767934.962499999,2025-11-07T12:24:53.157036,patients.csv,550,false
cd6bea41-b268-4c96-0338-3f3d8129e5d8,1950-01-24,None,999-13-6677,S99925789,X33770943X,Mrs.,Gayla444,Purdy2,None,Carter549,M,hawaiian,nonhispanic,F,Lawrence  Massachusetts  US,993 Grady Skyway,Westfield,Massachusetts,Hampden County,,42.193306720706708,-72.794444815690383,2471348.3520000004,320497.148,2025-11-07T12:24:53.157036,patients.csv,803,false
fb6add40-7cd4-b320-e630-e0c2bd86c9c9,1952-08-21,None,999-57-4140,S99914360,X52424712X,Mrs.,Hiedi833,Mills423,None,Hane680,M,white,nonhispanic,F,Plymouth  Massachusetts  US,839 Huels Lodge,Westfield,Massachusetts,Hampden County,1085,42.143598050893466,-72.809477953386022,1659300.6764999998,212850.8335,2025-11-07T12:24:53.157036,patients.csv,1085,false
d786f8d0-61de-9b30-54d3-9a8eb517da09,1954-11-15,None,999-64-5429,S99930195,X58078397X,Mrs.,Inés791,Huerta329,None,Aragón562,M,black,hispanic,F,Portsmouth  Saint John Parish  DM,558 Grimes Wall,Westport,Massachusetts,Bristol County,,41.53329034909563,-71.084462337617225,1930485.2570000009,491536.793,2025-11-07T12:24:53.157036,patients.csv,202,false
73678386-4129-73b5-024b-dd923dc59095,1953-05-02,2010-01-13,999-55-5470,S99958687,X7129280X,Mrs.,Janetta325,Breitenberg711,None,Heaney114,M,black,nonhispanic,F,Boston  Massachusetts  US,281 Brown Haven,Westport,Massachusetts,Bristol County,,41.590148593002006,-71.032366167183582,2422254.0415,18812.098500000011,2025-11-07T12:24:53.157036,patients.csv,739,false
d7c46304-29f5-5ddb-f5df-7d816cf4f318,1983-08-02,None,999-59-2801,S99973310,X27644068X,Mrs.,Elana101,Herman763,None,Thompson596,M,white,nonhispanic,F,Everett  Massachusetts  US,790 O'Kon Spur Suite 12,Westwood,Massachusetts,Norfolk County,,42.20595941414652,-71.2536606487995,1371509.616,262512.254,2025-11-07T12:24:53.157036,patients.csv,544,false
9a89902c-ba23-e035-51fc-1dd6285e6309,1976-08-02,None,999-91-1078,S99940391,X17170526X,Mrs.,Trisha327,Murray856,None,Ledner144,M,white,nonhispanic,F,Newton  Massachusetts  US,751 Altenwerth Ferry Suite 32,Weymouth,Massachusetts,Norfolk County,,42.239009130515832,-70.921077643500638,2199824.4020000007,181552.888,2025-11-07T12:24:53.157036,patients.csv,403,false
aa2f41c3-412f-6635-26df-de6f46013766,1966-06-22,None,999-92-4686,S99988679,X57937607X,Mrs.,Chanel977,Emmerich580,None,Connelly992,M,white,nonhispanic,F,Shrewsbury  Massachusetts  US,634 Aufderhar Common,Weymouth,Massachusetts,Norfolk County,2190,42.162266030590807,-70.9760299426597,2093583.9925,795871.2075,2025-11-07T12:24:53.157036,patients.csv,435,false
faf1d0f2-c429-72a4-5be0-e542949829ab,1989-06-23,None,999-66-4140,S99918162,X7094359X,Mrs.,Awilda854,McClure239,None,Littel644,M,white,nonhispanic,F,Bedford  Massachusetts  US,684 Medhurst View Apt 79,Weymouth,Massachusetts,Norfolk County,,42.163401150495218,-70.965202802178979,1462590.8275,11988.0525,2025-11-07T12:24:53.157036,patients.csv,813,false
751b24b6-7d65-fcee-0f58-b4144dc8ddbc,1951-01-21,1996-09-01,999-82-7698,S99925064,X59145510X,Mrs.,Charline650,Cronin387,None,Ankunding277,M,white,nonhispanic,F,Andover  Massachusetts  US,915 Macejkovic Forge,Weymouth,Massachusetts,Norfolk County,2190,42.287665468422738,-70.9451005173661,1550597.137,613074.64299999992,2025-11-07T12:24:53.157036,patients.csv,939,false
aeabbc7e-1f5f-91fe-ac34-52c1ceca0b6b,1951-01-21,None,999-72-2913,S99996168,X42579767X,Mrs.,Claire652,Lakin515,None,Kris249,M,white,nonhispanic,F,Sunderland  Massachusetts  US,579 McClure Estate Suite 93,Weymouth,Massachusetts,Norfolk County,2188,42.26831893806586,-70.910284420997868,2381836.3025,966123.2875,2025-11-07T12:24:53.157036,patients.csv,949,false
6f35c499-7420-2122-d3b4-ea13cc57669d,1972-10-08,None,999-77-1469,S99942107,X80656093X,Mrs.,Henriette328,Flatley871,None,Fisher429,M,hawaiian,nonhispanic,F,Concord  Massachusetts  US,449 Johnson Frontage road,Whitinsville,Massachusetts,Worcester County,1588,42.164989420351091,-71.72152671422333,1746836.7025000004,8851.5975,2025-11-07T12:24:53.157036,patients.csv,388,false
1f528581-7613-2b96-dce3-68c7cf967ea1,1985-04-03,None,999-82-4137,S99935035,X77363212X,Mrs.,Bonita405,Bernier607,None,Hagenes547,M,white,nonhispanic,F,Dover  Massachusetts  US,377 Sauer Rapid Apt 46,Whitman,Massachusetts,Plymouth County,,42.073791707970052,-70.928354101792479,2223556.5275000003,219554.6725,2025-11-07T12:24:53.157036,patients.csv,27,false
291828e7-6bda-7710-381e-93e150aa1312,1943-08-28,1998-01-09,999-34-9468,S99965987,X81221708X,Mrs.,Charlyn749,Bayer639,None,Kemmer137,M,white,nonhispanic,F,Chicopee  Massachusetts  US,220 Hintz Way Apt 19,Whitman,Massachusetts,Plymouth County,,42.098389170498152,-70.906225345108652,2195689.2860000003,140517.33399999997,2025-11-07T12:24:53.157036,patients.csv,604,false
e1183fd3-ffb9-5078-31ea-2ab0e5e7db90,1943-08-28,2003-11-09,999-93-4310,S99921620,X82111435X,Mrs.,Josphine206,Keebler762,None,Swift555,M,white,nonhispanic,F,Somerset  Massachusetts  US,438 Pfeffer Harbor,Whitman,Massachusetts,Plymouth County,,42.092961245485981,-70.906090477094892,1696347.7849999997,29711.595,2025-11-07T12:24:53.157036,patients.csv,614,false
c07fdd29-a5c1-6e59-32f4-ce41a4633cd5,1943-08-28,None,999-41-8137,S99914378,X40691234X,Mrs.,Bee658,Macejkovic424,None,Bashirian201,M,white,nonhispanic,F,Lowell  Massachusetts  US,161 Mitchell Ferry Suite 80,Whitman,Massachusetts,Plymouth County,,42.029874638580161,-70.971737554894872,4015299.6715,533954.7185,2025-11-07T12:24:53.157036,patients.csv,632,false
dcdd1094-9e05-e734-aaee-0c7e971d9a1a,1969-10-08,None,999-89-4400,S99941827,X55303487X,Mrs.,Ellen406,Parker433,None,MacGyver246,M,black,nonhispanic,F,Spencer  Massachusetts  US,920 Mann Quay Apt 68,Wilbraham,Massachusetts,Hampden County,,42.095360278704327,-72.429503872760677,1670546.8949999998,111897.775,2025-11-07T12:24:53.157036,patients.csv,892,false
c104b1ec-d2e8-6ff7-4cc1-e58144be7da2,1993-10-14,None,999-95-8375,S99953411,X48328393X,Mrs.,Christen366,Aufderhar910,None,Schuppe920,M,asian,hispanic,F,Clinton  Massachusetts  US,888 Satterfield Route,Winthrop,Massachusetts,Suffolk County,2128,42.34477183393026,-71.009997137854043,857665.21949999989,348173.85049999994,2025-11-07T12:24:53.157036,patients.csv,775,false
04f25f73-04b2-469c-3806-540417a0d61c,1969-10-19,2005-11-09,999-93-4258,S99913030,X20390688X,Mrs.,Maye976,Dickinson688,None,Glover433,M,white,hispanic,F,Plymouth  Massachusetts  US,392 Renner Divide Suite 57,Woburn,Massachusetts,Middlesex County,,42.478471703167891,-71.16214462165658,2815496.5474999994,7908.892499999999,2025-11-07T12:24:53.157036,patients.csv,59,false
33b3cedc-e045-2a40-e5b7-116ede5d8c66,1944-02-16,2019-10-10,999-13-7298,S99927892,X79444529X,Mrs.,Sharlene906,D'Amore443,None,Kassulke119,M,white,nonhispanic,F,Wakefield  Massachusetts  US,963 Wilderman Brook Unit 46,Worcester,Massachusetts,Worcester County,,42.305617274749793,-71.802639939419791,2843546.9980000006,500198.0120000001,2025-11-07T12:24:53.157036,patients.csv,84,false
63d20fbe-d046-cc9f-59b7-c51c073583c1,1944-02-16,None,999-67-9678,S99973446,X88197513X,Mrs.,Roselia779,Kilback373,None,Wunsch504,M,white,nonhispanic,F,Lynn  Massachusetts  US,445 Stark Dale,Worcester,Massachusetts,Worcester County,1609,42.242209057556721,-71.76752705067625,4108771.9455000008,678808.11450000014,2025-11-07T12:24:53.157036,patients.csv,104,false
b03985e9-38d0-4564-1b52-4a8651cecdd5,1964-07-12,None,999-51-5571,S99980439,X71674000X,Mrs.,Sasha806,Renner328,None,Williamson769,M,white,nonhispanic,F,Lawrence  Massachusetts  US,593 Rowe Rest,Worcester,Massachusetts,Worcester County,1602,42.25840633489134,-71.763476374964,1945077.166,248556.064,2025-11-07T12:24:53.157036,patients.csv,156,false
ef5697a6-2bd3-d1c3-67ea-0f7892f4e76f,1986-07-19,None,999-70-7522,S99976329,X46981126X,Mrs.,Dorotea472,Botello137,None,Jiménez568,M,white,hispanic,F,Portsmouth  Saint John Parish  DM,959 Kuvalis Bypass Unit 8,Worcester,Massachusetts,Worcester County,1604,42.234017943000552,-71.853812290031158,974282.2335,499851.9765,2025-11-07T12:24:53.157036,patients.csv,182,false
c63b5472-3136-5428-0e24-662ff2b5cee5,1979-05-07,None,999-40-9065,S99970135,X82171436X,Mrs.,Vania595,Mills423,None,DuBuque211,M,white,nonhispanic,F,Boston  Massachusetts  US,639 Stamm Union Suite 86,Worcester,Massachusetts,Worcester County,1606,42.2642126583947,-71.85796584103872,1870732.1364999996,66507.1635,2025-11-07T12:24:53.157036,patients.csv,192,false
2a48a5b5-97d4-63df-1172-524a47bc49b5,1966-11-06,None,999-95-4766,S99945285,X85319795X,Mrs.,Emilie407,Nader710,None,Moore224,M,white,nonhispanic,F,Uxbridge  Massachusetts  US,857 Kris Wall Unit 89,Yarmouth,Massachusetts,Barnstable County,,41.643076778215317,-70.2200850886755,2648660.1829999997,949640.287,2025-11-07T12:24:53.157036,patients.csv,962,false
961f61f8-ed32-f113-8450-192064b49aa9,2002-06-13,None,999-91-5120,S99910835,None,Ms.,Jessia669,Wisoky380,None,None,None,white,nonhispanic,F,Southwick  Massachusetts  US,106 Kerluke Rest Apt 5,Abington,Massachusetts,Plymouth County,2351,42.154078769213477,-70.957996289812613,485313.59,1825.08,2025-11-07T12:24:53.157036,patients.csv,16,false
c1c5bcd1-d232-8de3-7e0f-3ef13280455c,1995-05-21,None,999-70-1217,S99929211,X88367049X,Ms.,Delmy607,Shanahan202,None,None,None,white,nonhispanic,F,Lexington  Massachusetts  US,930 King Stravenue,Agawam,Massachusetts,Hampden County,,42.036128413937043,-72.727203032424029,1121225.9899999998,3581.34,2025-11-07T12:24:53.157036,patients.csv,97,false
165a4435-31ff-0493-eb3f-3a86106f3a59,1972-09-14,None,999-29-3189,S99999166,X55007970X,Ms.,Thelma273,Bayer639,JD,None,S,white,nonhispanic,F,Pembroke  Massachusetts  US,999 Crist Track,Agawam,Massachusetts,Hampden County,,42.109277041390747,-72.620754341254937,1997480.936,468500.674,2025-11-07T12:24:53.157036,patients.csv,118,false
d637aa7b-6fbc-ef23-c55a-d9c33b3d376d,1993-05-17,None,999-79-7737,S99965524,X49864830X,Ms.,Zona368,Koss676,None,None,S,hawaiian,nonhispanic,F,Newburyport  Massachusetts  US,618 Glover Plaza,Amesbury,Massachusetts,Essex County,,42.887942375870587,-70.919689824542829,1545083.1155000003,150843.39449999997,2025-11-07T12:24:53.157036,patients.csv,980,false
6ab08a28-1670-be6a-f2c9-f2e248700836,2001-04-01,None,999-15-4276,S99940513,X30897820X,Ms.,Ermelinda113,Kerluke267,None,None,None,white,nonhispanic,F,Groton  Massachusetts  US,184 Dooley Annex Unit 31,Amherst,Massachusetts,Hampshire County,,42.340055664157411,-72.526883967228144,512197.82500000007,2144.925,2025-11-07T12:24:53.157036,patients.csv,106,false
51c7ff6a-33e3-3e1b-d3ad-0035c8227dfa,2002-04-11,None,999-16-9961,S99921624,None,Ms.,Georgiann138,Heaney114,None,None,None,white,nonhispanic,F,Springfield  Massachusetts  US,967 Hintz Drive,Amherst,Massachusetts,Hampshire County,,42.367762881972013,-72.473300727617342,40978.56,0,2025-11-07T12:24:53.157036,patients.csv,141,false
0354da61-b0c8-3469-d3f6-c2fd0f508b7a,1974-12-31,None,999-56-5795,S99988175,X63677301X,Ms.,Scarlett814,Breitenberg711,None,None,S,asian,nonhispanic,F,Cochituate  Massachusetts  US,383 Kozey Drive,Arlington,Massachusetts,Middlesex County,,42.459803489651762,-71.138602426011317,450028.4545,563871.0655,2025-11-07T12:24:53.157036,patients.csv,574,false
08c062dd-284c-1b1c-3475-8122032000fc,1974-08-10,None,999-29-5349,S99916533,X61750802X,Ms.,Jennie425,Leuschke194,None,None,S,white,nonhispanic,F,Needham  Massachusetts  US,777 Boehm Bridge,Arlington,Massachusetts,Middlesex County,,42.420204504119312,-71.1674295708968,3037058.3590000006,392093.901,2025-11-07T12:24:53.157036,patients.csv,1096,false
1b0d214c-f965-877c-6715-820eb1bd82dc,1952-09-14,None,999-93-6408,S99926700,X52691604X,Ms.,Hae300,Corkery305,None,None,S,white,nonhispanic,F,West Newbury  Massachusetts  US,901 Klein Ramp,Athol,Massachusetts,Worcester County,,42.62237626445755,-72.256512493044568,2655132.887000001,311281.083,2025-11-07T12:24:53.157036,patients.csv,832,false
db2b8604-f8ea-0b47-1b95-2cf9d553a104,1994-11-22,None,999-37-4234,S99994143,X69924762X,Ms.,Evita885,Hessel84,None,None,None,white,nonhispanic,F,Chelmsford  Massachusetts  US,232 Bosco Route,Ayer,Massachusetts,Middlesex County,1432,42.582102203167295,-71.617328635652385,662050.67999999993,0,2025-11-07T12:24:53.157036,patients.csv,165,false
05877654-69c4-d607-400e-e162ea103642,1994-02-06,None,999-82-3432,S99995190,X28743557X,Ms.,Yuonne878,Dooley940,None,None,S,white,nonhispanic,F,Wayland  Massachusetts  US,752 Bogisich Skyway,Bedford,Massachusetts,Middlesex County,1730,42.45706613389877,-71.241761623071582,1561672.4925000002,14291.9775,2025-11-07T12:24:53.157036,patients.csv,244,false
25c76c36-e3b2-ece6-70e6-028b0f152e1f,1956-07-14,None,999-18-9686,S99938389,X3078197X,Ms.,Delmy607,Auer97,None,None,S,hawaiian,nonhispanic,F,Boston  Massachusetts  US,470 Bartell Harbor,Belchertown,Massachusetts,Hampshire County,,42.326503926292581,-72.443676920605739,2179656.84,67804.139999999985,2025-11-07T12:24:53.157036,patients.csv,967,false
08886577-5a7a-7547-9249-4565e85d38b3,1998-09-16,None,999-70-1089,S99934144,X60782368X,Ms.,Dominga527,Kuphal363,None,None,None,white,nonhispanic,F,Palmer  Massachusetts  US,932 Pfannerstill Grove Apt 0,Belchertown,Massachusetts,Hampshire County,,42.268623322270713,-72.392686777784064,751954.59000000008,499.64999999999992,2025-11-07T12:24:53.157036,patients.csv,973,false
0c821314-2669-2ad3-2ac3-8ce662d8325c,1975-11-15,None,999-50-6610,S99961876,X51741763X,Ms.,Paz9,Murphy561,None,None,S,black,nonhispanic,F,Lynn  Massachusetts  US,357 Hermann Estate,Berkley,Massachusetts,Bristol County,,41.801771754602157,-71.112431210220237,1263902.017,464160.003,2025-11-07T12:24:53.157036,patients.csv,126,false
23add813-11a9-abf7-f511-e3a7400ae578,1983-10-18,None,999-74-1500,S99941097,X524293X,Ms.,Jennette837,Kemmer137,PhD,None,S,white,nonhispanic,F,Lynn  Massachusetts  US,1062 Altenwerth Village Suite 25,Beverly,Massachusetts,Essex County,1915,42.538865608620895,-70.891570216925928,1694954.2774999994,480.44249999999977,2025-11-07T12:24:53.157036,patients.csv,1063,false
e8ffd460-0685-7966-5e43-d24315e2f40c,2000-05-09,None,999-77-3291,S99969464,X8974911X,Ms.,Joya53,Hagenes547,None,None,None,black,nonhispanic,F,Shelburne Falls  Massachusetts  US,235 Mueller Club,Boston,Massachusetts,Suffolk County,2163,42.336932745434567,-71.119624489966725,555142.87,64730.310000000012,2025-11-07T12:24:53.157036,patients.csv,135,false
80591a09-43a2-3933-605e-d14dd364f2c5,1996-09-05,None,999-54-7963,S99925899,X50906127X,Ms.,Ciara810,Effertz744,None,None,None,white,nonhispanic,F,Lynn  Massachusetts  US,522 Altenwerth Divide,Boston,Massachusetts,Suffolk County,2125,42.295393402557728,-71.038712200800759,1228658.7795,360575.8805,2025-11-07T12:24:53.157036,patients.csv,373,false
0b48bf9b-5582-1253-ab01-b34da54bad15,1973-11-15,None,999-76-1573,S99925854,X68929408X,Ms.,Ramona980,Cordero852,None,None,S,black,hispanic,F,Port-au-Prince  Haiti  HT,374 Brown Rapid Apt 74,Boston,Massachusetts,Suffolk County,2124,42.375995162819933,-71.042019400110647,572373.19599999988,582081.45399999991,2025-11-07T12:24:53.157036,patients.csv,494,false
e1245016-60e8-f2d1-728b-5f32bf4b387b,1973-11-30,None,999-65-8823,S99945886,X37250120X,Ms.,Thomasina264,Heidenreich818,None,None,S,white,nonhispanic,F,Stoughton  Massachusetts  US,802 Orn Vista Apt 72,Boston,Massachusetts,Suffolk County,2130,42.383966383811973,-71.033084353811674,1776776.5329999998,553740.477,2025-11-07T12:24:53.157036,patients.csv,504,false
478dfbd6-4a0b-f3cb-0d30-a336f9d0c2e8,1999-02-07,None,999-19-2838,S99963155,X13281771X,Ms.,Florencia449,Ontiveros947,None,None,None,white,hispanic,F,Wesley  Saint Andrew Parish  DM,781 Cruickshank Wynd Apt 72,Boston,Massachusetts,Suffolk County,2109,42.253421196817612,-71.168289796933323,511773.3795,4186.4505,2025-11-07T12:24:53.157036,patients.csv,564,false
94ece286-bfa5-d195-26a7-70ada019e082,1993-05-10,None,999-95-7075,S99940706,X58953026X,Ms.,Emilia403,Uribe503,None,None,S,white,hispanic,F,Kingston  Kingston  JM,354 Bartell Street,Boston,Massachusetts,Suffolk County,2109,42.343343184541069,-71.085070852169963,564439.1975,9556.1025,2025-11-07T12:24:53.157036,patients.csv,970,false
41aa16da-a60c-243b-5f97-eae742c63c68,1999-02-19,None,999-76-2694,S99937328,X79656793X,Ms.,Drucilla444,Kshlerin58,None,None,None,white,nonhispanic,F,Methuen  Massachusetts  US,453 Lehner Rue Apt 16,Boston,Massachusetts,Suffolk County,2152,42.307207040234729,-71.156862417000525,671066.31250000012,101098.7075,2025-11-07T12:24:53.157036,patients.csv,995,false
9a4502e6-fba6-707c-891f-5d525c98ae23,1975-11-16,None,999-86-6957,S99961360,X23202996X,Ms.,Michele387,Keeling57,None,None,S,white,nonhispanic,F,Lynn  Massachusetts  US,691 Crooks Boulevard Suite 45,Boston,Massachusetts,Suffolk County,2135,42.369594405363571,-71.079837044073486,2782146.6050000004,393231.825,2025-11-07T12:24:53.157036,patients.csv,1038,false
93d970b1-94b9-8455-de35-0bcc1a45eb7b,2003-11-01,None,999-36-4310,S99977497,None,Ms.,Mariella503,Berge125,None,None,None,white,hispanic,F,Medford  Massachusetts  US,713 Goodwin Alley Apt 1,Boston,Massachusetts,Suffolk County,2126,42.300402200794082,-71.079775013407925,635747.1825,388.5675,2025-11-07T12:24:53.157036,patients.csv,1043,false
7c3602b6-35ed-df2b-3c8b-cb5b55689217,1977-08-28,None,999-16-8556,S99913832,X39766304X,Ms.,Danette111,Stehr398,None,None,S,black,nonhispanic,F,Westfield  Massachusetts  US,925 Mayert Esplanade Apt 16,Boston,Massachusetts,Suffolk County,2120,42.382151001965511,-71.069428328189957,1306332.2150000003,20631.405,2025-11-07T12:24:53.157036,patients.csv,1107,false
1eb1b9e0-4cdf-7910-e76d-9f7534bcc7f0,1999-10-11,None,999-86-9547,S99969038,X31537789X,Ms.,Lavone763,Swaniawski813,None,None,None,white,nonhispanic,F,Everett  Massachusetts  US,876 Langworth Run Apt 41,Boston,Massachusetts,Suffolk County,2136,42.3426512877,-71.017947367263787,594452.17249999987,7380.1874999999991,2025-11-07T12:24:53.157036,patients.csv,1120,false
3d5f91c2-0539-37c9-0691-d2bbe28c78e3,2002-03-01,None,999-20-4381,S99923610,None,Ms.,Lashonda618,Klein929,None,None,None,white,nonhispanic,F,Cambridge  Massachusetts  US,1030 Ledner Club Unit 86,Bourne,Massachusetts,Barnstable County,,41.778965690599904,-70.638447510208351,570693.255,267.765,2025-11-07T12:24:53.157036,patients.csv,337,false
e65573ba-e39e-bac4-2e49-2d3cf9a538b8,1965-06-03,None,999-74-2017,S99935685,X18910084X,Ms.,Elza246,Johnson679,None,None,S,white,nonhispanic,F,Boston  Massachusetts  US,665 Mayert Common Apt 54,Braintree,Massachusetts,Norfolk County,2184,42.252009913502889,-71.046285176106721,2239357.518,406383.472,2025-11-07T12:24:53.157036,patients.csv,364,false
9cbf47d8-b59a-ef34-c330-77accc084c17,1934-09-09,None,999-22-6740,S99919161,X12593111X,Ms.,Santina680,Kub800,None,None,S,white,nonhispanic,F,Brookline  Massachusetts  US,583 Smitham Passage Apt 99,Brockton,Massachusetts,Plymouth County,2351,42.10054837608682,-71.003253171679617,3014163.0684999982,633922.9715,2025-11-07T12:24:53.157036,patients.csv,396,false
8b831e48-9db7-f037-8b8a-e94be939d2ea,1923-09-06,None,999-29-1436,S99974665,X87631030X,Ms.,Elena945,Otero621,None,None,S,black,hispanic,F,Lima  Lima Province  PE,307 Shanahan Ramp Apt 24,Brockton,Massachusetts,Plymouth County,2301,42.128943231859353,-71.0457626685755,2950506.4880000004,724554.142,2025-11-07T12:24:53.157036,patients.csv,1082,false
c8ff4993-f646-91ea-f261-c8622dd1500a,1978-11-19,None,999-88-3087,S99997226,X74475717X,Ms.,Darcey370,Walker122,None,None,S,white,nonhispanic,F,Malden  Massachusetts  US,771 Jerde Viaduct,Brookline,Massachusetts,Norfolk County,2215,42.27842601841725,-71.16339026450872,1593130.696,297654.154,2025-11-07T12:24:53.157036,patients.csv,215,false
da97668c-bf70-6c4d-3157-24aae70ed237,1928-11-13,2000-05-11,999-31-9246,S99956047,X21379694X,Ms.,Talisha682,Parisian75,None,None,S,asian,nonhispanic,F,Hyderabad  Andhra Pradesh  IN,1039 Kautzer Knoll,Burlington,Massachusetts,Middlesex County,1803,42.453717799340929,-71.249222250871981,1906475.9609999992,532006.32899999991,2025-11-07T12:24:53.157036,patients.csv,302,false
4773d311-a4f3-56a3-46aa-522da4d4743b,2002-12-30,None,999-24-6131,S99915877,None,Ms.,María José279,Duarte203,None,None,None,white,hispanic,F,Bogota  Bogota  CO,563 Raynor Park,Cambridge,Massachusetts,Middlesex County,,42.407979325732811,-71.169201877151636,475482.59499999991,267.46499999999992,2025-11-07T12:24:53.157036,patients.csv,998,false
5b0609a7-49e8-65b4-dc32-9edc8301c646,1989-09-05,None,999-28-1194,S99960333,X86472494X,Ms.,Olimpia983,Rolfson709,None,None,S,white,nonhispanic,F,Wilmington  Massachusetts  US,510 Kemmer Drive,Chelmsford,Massachusetts,Middlesex County,,42.600404806407731,-71.418476871888174,1008793.35,69835.289999999964,2025-11-07T12:24:53.157036,patients.csv,452,false
b7a5d15d-bbb7-2f00-061c-a07e5efc6a9c,1943-01-22,None,999-26-7623,S99999360,X70568230X,Ms.,Brett333,Heathcote539,None,None,S,white,nonhispanic,F,Boston  Massachusetts  US,389 Kuhic Route Unit 47,Chelmsford,Massachusetts,Middlesex County,,42.6276697478143,-71.331427440174025,2520092.7410000004,656162.1590000001,2025-11-07T12:24:53.157036,patients.csv,1057,false
2c098b38-279d-88b3-d553-e87b56eb1b04,1995-01-26,None,999-38-3600,S99926392,X29662254X,Ms.,Marcela739,Almonte426,None,None,None,white,hispanic,F,Wesley  Saint Andrew Parish  DM,393 Haley Road Unit 51,Chelsea,Massachusetts,Suffolk County,,42.372055696836405,-71.084893409669391,695019.1,310355.85,2025-11-07T12:24:53.157036,patients.csv,301,false
01d78eb5-7f50-45e9-f524-921196a3dffe,2000-12-13,None,999-67-3382,S99973218,X29205391X,Ms.,Siu135,Konopelski743,None,None,None,white,nonhispanic,F,Rehoboth  Massachusetts  US,397 Leffler Hollow,Chelsea,Massachusetts,Suffolk County,2149,42.416435076935159,-71.00567786179414,75594.483999999982,214867.08599999995,2025-11-07T12:24:53.157036,patients.csv,316,false
745f262a-2510-e98e-524a-72934969372e,1990-09-22,None,999-54-7888,S99918224,X77636974X,Ms.,Tawna357,Gorczany269,None,None,S,white,nonhispanic,F,Brookline  Massachusetts  US,1076 Ortiz Grove,Chelsea,Massachusetts,Suffolk County,2149,42.391444826893213,-71.069204120427941,1136066.33,1318.8299999999997,2025-11-07T12:24:53.157036,patients.csv,672,false
a67877ad-5f7a-782d-c74c-0aa5d2072de3,2003-06-12,None,999-75-4531,S99986537,None,Ms.,Man114,Kassulke119,None,None,None,white,hispanic,F,Marshfield  Massachusetts  US,802 Pfannerstill Crossing,Clinton,Massachusetts,Worcester County,,42.419364702071967,-71.72046615335303,446189.53,0,2025-11-07T12:24:53.157036,patients.csv,520,false
b38f6f4d-8a9d-3d94-92f8-22704c8281a2,1966-03-13,None,999-79-4199,S99933945,X69443407X,Ms.,Tashina114,Runolfsdottir785,None,None,S,white,nonhispanic,F,Cambridge  Massachusetts  US,732 Johnston Hollow Suite 89,Danvers,Massachusetts,Essex County,1923,42.530499176092249,-70.985142616021321,1810742.808,60894.222,2025-11-07T12:24:53.157036,patients.csv,866,false
f9b25fb8-133c-51c3-96f7-34ffb1c872ec,2001-10-12,None,999-36-4259,S99968879,X79244631X,Ms.,Kizzy275,Lubowitz58,None,None,None,asian,nonhispanic,F,Braintree  Massachusetts  US,445 Hilpert Lane Unit 53,Dedham,Massachusetts,Norfolk County,2026,42.250341184182432,-71.158513281699342,1374329.1700000002,29505.840000000004,2025-11-07T12:24:53.157036,patients.csv,889,false
79161603-dc83-d0eb-3728-8dffc0c3407e,1952-02-14,None,999-59-5716,S99963245,X88095157X,Ms.,Lachelle614,Tillman293,None,None,S,white,nonhispanic,F,Fall River  Massachusetts  US,212 Connelly Trail Apt 46,Dedham,Massachusetts,Norfolk County,,42.190828467754322,-71.187925363929537,2463560.1855,166985.6645,2025-11-07T12:24:53.157036,patients.csv,1156,false
e0807fab-552e-931f-366f-761dff93a52e,1975-06-01,None,999-47-6808,S99949529,X22847209X,Ms.,Phuong301,Lynch190,None,None,S,white,nonhispanic,F,Newton  Massachusetts  US,529 Ernser Lane,Duxbury,Massachusetts,Plymouth County,2332,42.0810213738681,-70.658975646513113,2796090.8345000013,461194.0155000001,2025-11-07T12:24:53.157036,patients.csv,778,false
6dcdf9cd-efbe-c8c0-c633-ef255bc05ef5,1958-01-09,None,999-61-3011,S99953989,X37672541X,Ms.,Remedios388,Fahey393,None,None,S,white,nonhispanic,F,Lynn  Massachusetts  US,888 Bradtke Gateway,Erving,Massachusetts,Franklin County,,42.595615928834732,-72.421064113408235,2242984.1595,152358.6305,2025-11-07T12:24:53.157036,patients.csv,1114,false
8fa5a097-1970-9370-4193-a7baa3d235b5,2000-08-25,None,999-84-8860,S99941898,X42921765X,Ms.,Verla696,Hamill307,None,None,None,white,nonhispanic,F,Waltham  Massachusetts  US,804 Mohr Lodge Apt 92,Everett,Massachusetts,Middlesex County,2148,42.451740755837349,-71.070178828094058,214600.8025,115026.0475,2025-11-07T12:24:53.157036,patients.csv,20,false
307b6419-5147-4716-10b1-bb458ac191c3,2003-07-19,None,999-53-6468,S99966610,None,Ms.,Micheal721,Shields502,None,None,None,white,nonhispanic,F,Worcester  Massachusetts  US,933 Jast Plaza,Fairhaven,Massachusetts,Bristol County,,41.650304769738689,-70.894137188017851,486024.12250000006,2349.0675,2025-11-07T12:24:53.157036,patients.csv,43,false
49d56ae6-5b5e-838c-da96-3b65e201aaef,2003-05-17,None,999-51-1958,S99954595,None,Ms.,Ashton21,Mitchell808,None,None,None,white,nonhispanic,F,Quincy  Massachusetts  US,739 Corwin Center,Fairhaven,Massachusetts,Bristol County,,41.633866235044565,-70.854652738430531,345196.12250000006,20.137499999999928,2025-11-07T12:24:53.157036,patients.csv,855,false
752a3c69-44d7-d6af-0340-7d3e748f6060,2000-08-10,None,999-65-3198,S99953663,X80600666X,Ms.,Oralia106,Williamson769,None,None,None,white,nonhispanic,F,Wellesley  Massachusetts  US,180 Hegmann Trail,Fall River,Massachusetts,Bristol County,,41.719968551734581,-71.111970714351074,490096.0425,101.55749999999998,2025-11-07T12:24:53.157036,patients.csv,224,false
49103abc-8e28-03bd-deb0-bca5082e23ba,1979-11-15,None,999-96-1503,S99991127,X11655352X,Ms.,Moon129,Ledner144,None,None,S,white,nonhispanic,F,Boston  Massachusetts  US,973 Nicolas Heights,Fall River,Massachusetts,Bristol County,2723,41.685999692045982,-71.135281163712563,1586245.57,123862.22,2025-11-07T12:24:53.157036,patients.csv,616,false
b44c935b-8498-871d-454c-df0785874753,1953-06-26,2008-07-04,999-86-9982,S99979427,X21597875X,Ms.,Avis183,Ankunding277,None,None,S,white,nonhispanic,F,Boston  Massachusetts  US,467 Okuneva Corner,Falmouth,Massachusetts,Barnstable County,2540,41.555729504586175,-70.581895427773844,2075033.4225000003,290993.9075,2025-11-07T12:24:53.157036,patients.csv,945,false
d4dd09e5-8eae-7136-407c-df2715f2643b,1979-10-15,None,999-30-9113,S99965790,X26705261X,Ms.,Shemeka786,Kertzmann286,None,None,S,white,nonhispanic,F,Fitchburg  Massachusetts  US,443 Kulas Ferry Apt 28,Fitchburg,Massachusetts,Worcester County,,42.626160472899,-71.8099604265503,1411378.6660000002,283131.96400000004,2025-11-07T12:24:53.157036,patients.csv,594,false
418c6a4c-1615-cba9-80b3-ac2901f4c07f,1950-09-18,None,999-82-2148,S99982318,X73927817X,Ms.,Laurine214,Cronin387,None,None,S,white,nonhispanic,F,Quincy  Massachusetts  US,957 Fay Gateway,Foxborough,Massachusetts,Norfolk County,,42.09017477895209,-71.263996501564549,2659399.854,755510.266,2025-11-07T12:24:53.157036,patients.csv,420,false
236bc48b-5230-46f9-3725-a7b5274f4798,2001-04-08,None,999-10-6703,S99993413,X15404479X,Ms.,Alanna27,Daugherty69,None,None,None,white,nonhispanic,F,Pittsfield  Massachusetts  US,350 Oberbrunner Key,Framingham,Massachusetts,Middlesex County,,42.280552436831037,-71.392823838668349,725466.25,0,2025-11-07T12:24:53.157036,patients.csv,1154,false
c9447fb9-418d-fe6d-1404-43aa9f58fc47,2001-09-21,None,999-24-5684,S99966435,X89443899X,Ms.,Pauletta164,Brown30,None,None,None,white,nonhispanic,F,Amherst  Massachusetts  US,838 Stanton Trafficway,Georgetown,Massachusetts,Essex County,,42.731859547544254,-71.020173289960979,527348.85,0,2025-11-07T12:24:53.157036,patients.csv,850,false
c5340af3-dde7-d403-78dd-bf20a03f0238,2001-09-02,None,999-99-9148,S99982686,X28396491X,Ms.,Margorie48,Stoltenberg489,None,None,None,white,nonhispanic,F,Billerica  Massachusetts  US,204 Feeney Wall,Granby,Massachusetts,Hampshire County,,42.290508820086494,-72.549378763870834,552066.61,116258.79,2025-11-07T12:24:53.157036,patients.csv,515,false
81d85a6d-8dc1-a067-0d33-832e589a20fa,1944-04-03,None,999-82-4326,S99913318,X7288784X,Ms.,Bethanie176,Gislason620,None,None,S,asian,nonhispanic,F,Boston  Massachusetts  US,332 Ziemann Frontage road,Granville,Massachusetts,Hampden County,,42.097950208192579,-72.957525104942931,2093049.472000001,563106.80800000019,2025-11-07T12:24:53.157036,patients.csv,877,false
baaa597d-06af-67c9-837c-620f96157c3b,2002-05-06,None,999-32-7156,S99999870,None,Ms.,Alva958,Conn188,None,None,None,white,nonhispanic,F,Mashpee  Massachusetts  US,898 Heidenreich Promenade Unit 61,Greenfield,Massachusetts,Franklin County,,42.591684111160212,-72.6232448695412,551443.645,339.13499999999993,2025-11-07T12:24:53.157036,patients.csv,628,false
8206bd63-5dd4-cf3e-a29b-baa65e9a9429,1970-04-22,None,999-56-1158,S99923975,X50334491X,Ms.,Anja508,Jakubowski832,None,None,S,white,nonhispanic,F,Methuen  Massachusetts  US,657 Haley Neck Suite 93,Greenfield,Massachusetts,Franklin County,,42.663772397774331,-72.558844391603046,2627885.0325000007,15042.4875,2025-11-07T12:24:53.157036,patients.csv,960,false
246fb368-8991-dc93-f6a5-eca807e7dbde,1990-10-28,None,999-60-9817,S99914273,X80400694X,Ms.,Eleni953,Hilpert278,JD,None,S,white,nonhispanic,F,Amesbury  Massachusetts  US,1051 Weimann Flat Apt 41,Halifax,Massachusetts,Plymouth County,,42.001596725325847,-70.8811988722922,667527.8949999999,256041.245,2025-11-07T12:24:53.157036,patients.csv,139,false
8c2d5e9b-0717-9616-beb9-21296a5b547d,1960-12-15,None,999-50-8690,S99926520,X57197008X,Ms.,Zelda766,Ernser583,None,None,S,white,nonhispanic,F,Amherst  Massachusetts  US,874 Skiles Club,Haverhill,Massachusetts,Essex County,1830,42.775896744535842,-71.006615575059925,2341031.1384999994,177213.09149999998,2025-11-07T12:24:53.157036,patients.csv,21,false
d488232e-bf14-4bed-08c0-a82f34b6a197,2003-01-28,None,999-56-6057,S99929424,None,Ms.,Phillis443,Walter473,None,None,None,white,nonhispanic,F,Boston  Massachusetts  US,677 Ritchie Terrace,Hingham,Massachusetts,Plymouth County,2043,42.200490824321214,-70.916075575203024,582557.803,104782.20699999998,2025-11-07T12:24:53.157036,patients.csv,4,false
9188198b-4f9b-8648-3609-37465be0a144,1972-08-07,None,999-22-6498,S99984003,X17506109X,Ms.,Melodi744,Hessel84,None,None,S,white,nonhispanic,F,Nantucket  Massachusetts  US,613 Nicolas Track,Holyoke,Massachusetts,Hampden County,,42.258515552681331,-72.634645207432541,564859.527,426954.64299999992,2025-11-07T12:24:53.157036,patients.csv,450,false
ee56c87e-394b-b981-c3aa-eb3663209f37,1996-04-30,None,999-10-2977,S99919922,X59106415X,Ms.,Latarsha812,Carroll471,None,None,None,asian,nonhispanic,F,Sharon  Massachusetts  US,1091 Windler Lock Suite 97,Hubbardston,Massachusetts,Worcester County,,42.529142626798851,-71.977274356016,828042.18750000012,6665.7825,2025-11-07T12:24:53.157036,patients.csv,749,false
094c294d-4e4c-043d-4100-f59b08b45770,1991-03-11,None,999-97-8600,S99918687,X68361045X,Ms.,Ayanna800,Krajcik437,None,None,S,white,nonhispanic,F,Fall River  Massachusetts  US,1001 Hayes Crossing Suite 10,Hudson,Massachusetts,Middlesex County,1749,42.3646206311644,-71.580974172832072,1360546.163,12441.256999999998,2025-11-07T12:24:53.157036,patients.csv,513,false
be86cb71-0481-f2c6-c89b-e8ea1136a893,1957-02-12,None,999-21-8577,S99910061,X43205480X,Ms.,Isadora719,Tremblay80,None,None,S,white,nonhispanic,F,Melrose  Massachusetts  US,207 Dooley Orchard,Ipswich,Massachusetts,Essex County,,42.72173796879688,-70.820746808492331,2511927.5475000013,532650.7825,2025-11-07T12:24:53.157036,patients.csv,102,false
4a4fd874-cf7c-d4f5-07a1-77b844d97c5f,1997-06-15,None,999-82-8090,S99936932,X53018491X,Ms.,Lynsey2,Rath779,None,None,None,white,nonhispanic,F,Lanesborough  Massachusetts  US,882 Roob Track,Lancaster,Massachusetts,Worcester County,,42.462273829535981,-71.63791673798012,761161.47100000014,137412.109,2025-11-07T12:24:53.157036,patients.csv,624,false
9d403f74-9f2a-894d-468b-268f08189ab4,1996-04-16,None,999-99-7586,S99960871,X73808823X,Ms.,Kizzie166,Hickle134,None,None,None,white,nonhispanic,F,Chicopee  Massachusetts  US,548 Kohler Knoll Apt 30,Lawrence,Massachusetts,Essex County,,42.719892274755168,-71.195028172997453,217257.91,0,2025-11-07T12:24:53.157036,patients.csv,442,false
312d3dd7-d005-5d59-078e-2dc5615a466c,2003-06-04,None,999-49-3336,S99979223,None,Ms.,Glendora96,Hettinger594,None,None,None,white,nonhispanic,F,Falmouth  Massachusetts  US,345 Kerluke Burg,Lawrence,Massachusetts,Essex County,,42.659890382984,-71.141191102499079,508065.13,690.81,2025-11-07T12:24:53.157036,patients.csv,805,false
2f031d4a-b070-ce15-6372-30c8fecf1164,1994-09-30,None,999-47-2075,S99936245,X18832457X,Ms.,Magdalene960,Orn563,None,None,S,asian,nonhispanic,F,Shanghai  Shanghai Municipality  CN,206 Harber Meadow,Lexington,Massachusetts,Middlesex County,2420,42.4005014969083,-71.187721517798366,1565996.5620000004,406247.948,2025-11-07T12:24:53.157036,patients.csv,30,false
fac847f2-6b31-2022-e96c-24c04a08256c,2001-07-05,None,999-73-3750,S99935740,X26050748X,Ms.,Gladys682,Wuckert783,None,None,None,white,nonhispanic,F,Rockport  Massachusetts  US,736 Gusikowski Promenade,Lexington,Massachusetts,Middlesex County,2421,42.463254875404722,-71.266985023007948,582474.6955,130182.0245,2025-11-07T12:24:53.157036,patients.csv,801,false
3515e99a-c9ef-2628-6949-bf2ba1d74897,2003-09-22,None,999-77-1814,S99958203,None,Ms.,Alexandria361,Hilll811,None,None,None,white,nonhispanic,F,Westfield  Massachusetts  US,230 Bartell Promenade,Lexington,Massachusetts,Middlesex County,2420,42.479161072303533,-71.233104912347144,467782.68,2824.0199999999995,2025-11-07T12:24:53.157036,patients.csv,1026,false
10d90820-db26-953d-7818-a17f198cc2f8,1999-05-07,None,999-62-9912,S99979689,X4843005X,Ms.,Manda751,Crist667,None,None,None,white,nonhispanic,F,Worcester  Massachusetts  US,132 Reilly Trafficway,Littleton,Massachusetts,Middlesex County,,42.5581591813885,-71.5292583485106,1456469.48,36499.8,2025-11-07T12:24:53.157036,patients.csv,825,false
9ef4db86-c427-ddfe-a607-737f08ffb0c1,1973-04-02,None,999-67-3698,S99988330,X51623363X,Ms.,Terrilyn343,Murphy561,None,None,S,asian,nonhispanic,F,Hanoi  Hà Đông  VN,239 Upton Walk,Lowell,Massachusetts,Middlesex County,1852,42.644893137322526,-71.284651831118367,2756377.8550000004,392992.92499999993,2025-11-07T12:24:53.157036,patients.csv,130,false
652b2ac8-8a88-4715-3d08-eef8c558a53f,1983-02-28,None,999-98-1999,S99995307,X86866643X,Ms.,Christen366,Cartwright189,None,None,S,white,nonhispanic,F,Mansfield  Massachusetts  US,243 Stanton Route,Lowell,Massachusetts,Middlesex County,1854,42.634208114309892,-71.3578651789828,2025690.7050000003,54574.305000000008,2025-11-07T12:24:53.157036,patients.csv,1058,false
00209bf2-8e4d-06d1-82a4-daad02f25829,1943-01-05,None,999-65-6749,S99917588,X56318270X,Ms.,Donnetta255,Beer512,None,None,S,other,nonhispanic,F,Belmont  Massachusetts  US,557 Herzog Ferry Unit 77,Lowell,Massachusetts,Middlesex County,1850,42.609876079967179,-71.2749398818066,2467785.0310000009,93089.839000000022,2025-11-07T12:24:53.157036,patients.csv,1060,false
e26891fb-8959-8553-d12a-f92bd5c3bafa,2002-07-09,None,999-95-4935,S99924516,None,Ms.,Mae105,D'Amore443,None,None,None,white,nonhispanic,F,Boston  Massachusetts  US,784 Reichert Trailer Apt 50,Ludlow,Massachusetts,Hampden County,,42.195973383932127,-72.409997916256472,543834.2875,3743.6625,2025-11-07T12:24:53.157036,patients.csv,556,false
39e6bf34-9ff7-f200-8cd8-7b44ef09b4ed,1995-11-23,None,999-67-2090,S99966301,X47914986X,Ms.,Teresita257,Little434,None,None,None,white,nonhispanic,F,Randolph  Massachusetts  US,563 Emard Frontage road Suite 20,Lynn,Massachusetts,Essex County,1902,42.485788630737432,-70.962493445305739,976792.30000000016,1675.1999999999998,2025-11-07T12:24:53.157036,patients.csv,200,false
8b75c459-60b7-ff60-9ef5-74f64131beda,1945-03-18,None,999-40-1955,S99989584,X89182371X,Ms.,Marilyn850,Zieme486,None,None,S,white,nonhispanic,F,Boston  Massachusetts  US,691 Wolf Ville Unit 36,Marlborough,Massachusetts,Middlesex County,1752,42.398082047849527,-71.514831975447407,3384385.2775000008,1175746.1125000005,2025-11-07T12:24:53.157036,patients.csv,884,false
f7f16284-7947-c5d0-9d50-d5e51e082888,2002-04-08,None,999-49-2181,S99977632,None,Ms.,Sherley266,Dare640,None,None,None,white,nonhispanic,F,Framingham  Massachusetts  US,849 Hermiston Viaduct,Marshfield,Massachusetts,Plymouth County,2050,42.155607519148447,-70.708970302072288,464032.7605,42137.0595,2025-11-07T12:24:53.157036,patients.csv,436,false
297c1550-317d-aac0-b529-042721fed414,1994-11-23,None,999-12-7403,S99911249,X75890672X,Ms.,Chan58,Hartmann983,None,None,None,white,nonhispanic,F,Andover  Massachusetts  US,263 Jaskolski Meadow Unit 56,Mattapoisett,Massachusetts,Plymouth County,,41.611603394350851,-70.808522971708783,1275265.065,10012.605,2025-11-07T12:24:53.157036,patients.csv,522,false
a7b903a5-5c6f-3f5e-4035-62d94b0b52b3,1995-12-21,None,999-21-2434,S99916617,X56847635X,Ms.,Lavonia8,Abernathy524,None,None,None,white,nonhispanic,F,Boxford  Massachusetts  US,702 Hane Boulevard,Medford,Massachusetts,Middlesex County,2145,42.416678966867117,-71.081593034005067,694925.9574999999,61101.172499999993,2025-11-07T12:24:53.157036,patients.csv,39,false
6f0b58f9-cb95-1fb3-5fef-cd914f9b4de3,1980-11-15,None,999-53-7954,S99931851,X37685126X,Ms.,Devon268,Bernhard322,None,None,S,white,hispanic,F,Berkley  Massachusetts  US,1065 Sporer Underpass,Methuen,Massachusetts,Essex County,1841,42.779823260715965,-71.166237354559627,1156272.05,447992.81,2025-11-07T12:24:53.157036,patients.csv,306,false
411b4d1d-dd68-1a09-7d8a-7d1f0e7a3d7c,1989-12-19,None,999-36-9442,S99966454,X72037745X,Ms.,Nanci249,Kreiger457,None,None,S,hawaiian,nonhispanic,F,East Harwich  Massachusetts  US,328 Hartmann Ferry Suite 1,Methuen,Massachusetts,Essex County,1841,42.671367020863009,-71.123519980727693,1107525.1235,427571.0665,2025-11-07T12:24:53.157036,patients.csv,623,false
122d96b5-9b37-a7c2-7567-c3a66ae854d7,1956-01-23,None,999-84-7825,S99999630,X69721357X,Ms.,Bridgette172,Schuppe920,None,None,S,white,nonhispanic,F,Lowell  Massachusetts  US,970 Dietrich Street,Middleborough,Massachusetts,Plymouth County,,41.864454988265386,-70.838162356379371,2019106.6100000008,1534.5299999999995,2025-11-07T12:24:53.157036,patients.csv,284,false
b810c52d-5c90-ede3-65b0-cdcda01df8f4,1995-11-11,None,999-30-6389,S99959232,X76376426X,Ms.,Ashley34,McKenzie376,None,None,None,asian,nonhispanic,F,Worcester  Massachusetts  US,1061 Bergnaum Lane,Newbury,Massachusetts,Essex County,,42.740925506096737,-70.919591198218114,667393.5125,35147.1675,2025-11-07T12:24:53.157036,patients.csv,518,false
bf079bf2-4d65-f4a6-0f7b-f02801b57177,2003-09-09,None,999-99-9657,S99930232,None,Ms.,Shana231,Ziemann98,None,None,None,white,nonhispanic,F,Haverhill  Massachusetts  US,450 Sporer Branch Apt 52,Newton,Massachusetts,Middlesex County,2459,42.306185454832942,-71.272442774916072,1153967.73,37094.49,2025-11-07T12:24:53.157036,patients.csv,311,false
6d715e84-4c7a-e4a9-e8ce-6065e2607107,1999-03-12,None,999-13-1931,S99980332,X36827885X,Ms.,Shonta375,Dickinson688,None,None,None,hawaiian,nonhispanic,F,Wareham  Massachusetts  US,520 Heidenreich Path Apt 84,Newton,Massachusetts,Middlesex County,2462,42.318354823196408,-71.24712112446349,776222.94249999989,4226.5275,2025-11-07T12:24:53.157036,patients.csv,400,false
37dd96cc-2255-db60-bca6-005438b7d3ee,1994-07-13,None,999-20-6615,S99996481,X74058708X,Ms.,Thomasena108,O'Conner199,None,None,S,white,nonhispanic,F,Truro  Massachusetts  US,112 D'Amore Corner,Newton,Massachusetts,Middlesex County,2466,42.3523668681692,-71.215565601233564,121440.358,621496.802,2025-11-07T12:24:53.157036,patients.csv,827,false
2f877574-2528-9b88-4119-33f99fdd181a,1989-03-18,None,999-70-1401,S99996667,X89176166X,Ms.,Etta748,Sporer811,None,None,S,white,nonhispanic,F,North Falmouth  Massachusetts  US,480 Hodkiewicz View,Newton,Massachusetts,Middlesex County,2461,42.335829972373169,-71.158484402567964,2039357.369,397432.62099999993,2025-11-07T12:24:53.157036,patients.csv,1024,false
1e2bd11c-6949-0dba-c7b3-890aa0023fde,1996-02-20,None,999-70-5278,S99984173,X85122636X,Ms.,Randa356,Nader710,None,None,None,white,nonhispanic,F,East Bridgewater  Massachusetts  US,909 Heathcote Terrace Unit 87,North Adams,Massachusetts,Berkshire County,1247,42.710605115434241,-73.050121117113818,635188.58750000014,2813.3325,2025-11-07T12:24:53.157036,patients.csv,625,false
a7b1578d-868c-9f64-e678-0f218c65d3e8,1942-09-06,2021-01-14,999-42-3944,S99913091,X77990701X,Ms.,Judi176,Russel238,None,None,S,white,nonhispanic,F,Chelsea  Massachusetts  US,793 Bogan Meadow Suite 76,North Adams,Massachusetts,Berkshire County,1247,42.667572959321085,-73.110717704060846,2116009.326,101649.644,2025-11-07T12:24:53.157036,patients.csv,896,false
11c26def-8343-b989-96e8-dbd27e79d54e,1942-09-06,None,999-21-8572,S99925254,X2413452X,Ms.,Galina98,Beatty507,None,None,S,white,nonhispanic,F,Winthrop  Massachusetts  US,776 Towne Boulevard Suite 58,North Adams,Massachusetts,Berkshire County,1247,42.625852592395887,-73.073170842829612,1103313.6529999997,5401.997,2025-11-07T12:24:53.157036,patients.csv,932,false
591d3cc1-8a81-1962-faef-d96b874870b2,2002-05-08,None,999-18-9966,S99955477,None,Ms.,Kaitlyn96,Heathcote539,None,None,None,white,nonhispanic,F,Gloucester  Massachusetts  US,911 Morissette Approach,Northampton,Massachusetts,Hampshire County,1062,42.351882557903828,-72.622931406833885,1264689.4025,3557.9775000000004,2025-11-07T12:24:53.157036,patients.csv,146,false
79e131ae-ef35-fe33-f806-df3c5ed41b11,1952-04-11,1994-04-22,999-23-1178,S99914890,X86299066X,Ms.,Chiquita638,Schuppe920,None,None,S,white,nonhispanic,F,Haverhill  Massachusetts  US,507 Robel Trafficway Suite 54,Northampton,Massachusetts,Hampshire County,1062,42.312027006597489,-72.670531206169528,1431293.817,264188.773,2025-11-07T12:24:53.157036,patients.csv,1051,false
686c1000-a5ff-55f7-668b-752dc9816edb,1995-03-08,None,999-88-4860,S99959795,X38732374X,Ms.,Kenyetta225,Nader710,None,None,None,white,nonhispanic,F,Stockbridge  Massachusetts  US,656 Bernhard Burg,Northampton,Massachusetts,Hampshire County,1060,42.386312020263453,-72.752512127777749,857280.74000000011,180869.14,2025-11-07T12:24:53.157036,patients.csv,1104,false
561db9de-7617-4fed-b230-1553b8dd65f3,1995-12-04,None,999-50-1190,S99984536,X15372696X,Ms.,Jackelyn13,Ledner144,None,None,None,white,nonhispanic,F,Lowell  Massachusetts  US,719 Frami Rue Suite 69,Palmer,Massachusetts,Hampden County,1079,42.164764920563549,-72.3675954943682,650686.65949999983,496988.4905,2025-11-07T12:24:53.157036,patients.csv,266,false
add236d5-0131-8a3f-8b55-a081df83922e,1997-12-19,None,999-49-5374,S99970841,X62900787X,Ms.,Darline247,Ondricka197,None,None,None,white,nonhispanic,F,Worcester  Massachusetts  US,1057 Okuneva Promenade,Peabody,Massachusetts,Essex County,1960,42.504621218819452,-71.035921988863791,342735.91250000009,46762.717500000006,2025-11-07T12:24:53.157036,patients.csv,91,false
4e65c7b6-abda-fcae-ffb1-31c700e03afd,1970-06-22,None,999-36-9698,S99948046,X28815069X,Ms.,Tiana543,Fay398,None,None,S,white,nonhispanic,F,Adams  Massachusetts  US,522 Stiedemann Lock Unit 29,Peabody,Massachusetts,Essex County,,42.534162662925389,-70.924149789869617,2794307.3614999987,382149.5585,2025-11-07T12:24:53.157036,patients.csv,516,false
5c15f3b9-fbd5-80e5-755d-5a697e4b0499,2003-02-28,None,999-87-4285,S99951677,None,Ms.,Ellen406,Windler79,None,None,None,white,nonhispanic,F,Worcester  Massachusetts  US,377 Gutmann Meadow,Peabody,Massachusetts,Essex County,1940,42.508782326980082,-70.961581695600188,475545.755,252.67499999999995,2025-11-07T12:24:53.157036,patients.csv,536,false
c23879ce-c23c-dbb3-8812-1ecdcbbdfe6f,1969-06-18,None,999-35-6329,S99959158,X77115991X,Ms.,Tajuana20,Boyle917,None,None,S,white,nonhispanic,F,Boston  Massachusetts  US,892 Stoltenberg Passage,Pembroke,Massachusetts,Plymouth County,,42.047785051649917,-70.840611913081631,2644707.6450000005,1431.165,2025-11-07T12:24:53.157036,patients.csv,543,false
ef0b300f-2534-043f-86f7-f34119bf5bd4,2003-10-04,None,999-75-9947,S99976373,None,Ms.,Ruthann382,Rolfson709,None,None,None,asian,nonhispanic,F,Hong Kong  Hong Kong Special Administrative Region  CN,367 Hammes Quay Unit 50,Pepperell,Massachusetts,Middlesex County,,42.620907105381143,-71.601740465058768,458366.6925,541.35749999999985,2025-11-07T12:24:53.157036,patients.csv,1119,false
905c24ca-4f11-d6e1-c555-fcf809b6144c,2000-10-11,None,999-11-5315,S99930692,X45904390X,Ms.,Betsy439,Bashirian201,None,None,None,white,nonhispanic,F,Belchertown  Massachusetts  US,236 McClure Flat,Pinehurst,Massachusetts,Middlesex County,1866,42.525948909439592,-71.265994154789752,399106.17750000011,702.02249999999992,2025-11-07T12:24:53.157036,patients.csv,562,false
08d4ab09-5ba6-e114-3dbc-cfd6493146c5,1918-12-21,2015-08-28,999-36-2339,S99964436,X9521625X,Ms.,Betsey110,Funk324,None,None,S,white,nonhispanic,F,Lawrence  Massachusetts  US,165 Kling Run Apt 23,Pittsfield,Massachusetts,Berkshire County,1201,42.44940280016241,-73.290448969734868,3222613.251,180170.379,2025-11-07T12:24:53.157036,patients.csv,794,false
acf7fc98-1e54-740b-953d-f111696e7e4e,1918-12-21,1995-07-11,999-96-2602,S99921289,X55036643X,Ms.,Elna874,Nikolaus26,None,None,S,white,nonhispanic,F,Dracut  Massachusetts  US,885 Nitzsche Trailer Unit 62,Pittsfield,Massachusetts,Berkshire County,,42.41923664180603,-73.305040318570661,2049307.5370000012,357012.693,2025-11-07T12:24:53.157036,patients.csv,824,false
0cf08145-a634-329f-54d3-9cbd04ba18cc,2000-07-14,None,999-80-4482,S99957131,X28576229X,Ms.,Cathryn51,Reynolds644,None,None,None,white,nonhispanic,F,Pembroke  Massachusetts  US,245 Jacobson Vista Suite 88,Plymouth,Massachusetts,Plymouth County,,41.853024789903188,-70.659919328221932,1391160.5624999998,122.01749999999996,2025-11-07T12:24:53.157036,patients.csv,1141,false
3b26d1ac-6443-060d-d502-b93b8d82ccc2,1917-05-15,1991-01-03,999-50-6458,S99996003,X5156920X,Ms.,Marivel862,Ledner144,None,None,S,white,nonhispanic,F,Boston  Massachusetts  US,341 Schaefer Trail,Quincy,Massachusetts,Norfolk County,2170,42.266537695603837,-70.975217472745484,2514943.4535000008,1613574.5365000002,2025-11-07T12:24:53.157036,patients.csv,546,false
722b8d8e-7435-5871-ab7d-9f4b900f1a6e,1958-03-10,None,999-97-6301,S99993150,X43990142X,Ms.,Val761,Weber641,None,None,S,black,nonhispanic,F,Beverly  Massachusetts  US,1069 Haley Club,Quincy,Massachusetts,Norfolk County,2169,42.205281352692893,-70.977058988871065,2424926.833,293206.567,2025-11-07T12:24:53.157036,patients.csv,552,false
a2ac2a39-b1eb-a338-3aca-7598d56e4501,2001-09-30,None,999-23-4793,S99944519,X23591298X,Ms.,Lin401,Powlowski563,None,None,None,white,nonhispanic,F,Gloucester  Massachusetts  US,137 Mosciski Promenade Unit 97,Quincy,Massachusetts,Norfolk County,2170,42.250353639734321,-71.071946237002152,52894.614999999976,11113.194999999998,2025-11-07T12:24:53.157036,patients.csv,573,false
25e2030b-e0c7-3b91-d434-57693cb72659,1948-01-14,None,999-83-4577,S99973895,X30940965X,Ms.,Ethelene252,Reilly981,None,None,S,white,nonhispanic,F,Merrimac  Massachusetts  US,459 Walsh Estate,Quincy,Massachusetts,Norfolk County,2171,42.319561166586119,-71.045253866375731,1943993.998,15052.691999999995,2025-11-07T12:24:53.157036,patients.csv,589,false
c4bdbf50-4728-5778-7f4a-ce39e9c58232,1917-05-15,1942-02-17,999-41-5785,S99955112,X69226659X,Ms.,Svetlana462,Tremblay80,None,None,None,white,nonhispanic,F,Falmouth  Massachusetts  US,919 Reilly Wall Suite 89,Quincy,Massachusetts,Norfolk County,2186,42.249175387792533,-71.122197751416891,954178.1375,121638.3525,2025-11-07T12:24:53.157036,patients.csv,640,false
eb7cffc3-28d2-e8b0-72bc-8e86860ed313,1962-04-23,2016-07-21,999-36-8879,S99927631,X35294594X,Ms.,Shonna561,Cassin499,None,None,S,white,nonhispanic,F,Winchester  Massachusetts  US,246 Gusikowski Underpass,Raynham,Massachusetts,Bristol County,,41.940637989824168,-71.082278961991634,1840593.089,265931.741,2025-11-07T12:24:53.157036,patients.csv,326,false
b75fc5f1-10f0-5103-82f3-e7957a48132a,1962-04-23,None,999-79-2194,S99934490,X60808386X,Ms.,Lora418,Kilback373,None,None,S,white,nonhispanic,F,Gill  Massachusetts  US,468 Bins Track Suite 3,Raynham,Massachusetts,Bristol County,,41.92637257942571,-71.023919361368627,3435766.8599999994,22541.46,2025-11-07T12:24:53.157036,patients.csv,343,false
6493c2c4-8139-16da-0a7e-39cf37bc3b2f,2002-06-22,None,999-76-1295,S99932347,None,Ms.,Filomena215,Miller503,None,None,None,white,nonhispanic,F,Lynn  Massachusetts  US,485 Konopelski Bridge,Reading,Massachusetts,Middlesex County,,42.48722728247391,-71.101011999530087,536026.0675,306.59249999999992,2025-11-07T12:24:53.157036,patients.csv,610,false
c05490c6-49eb-1c19-14e1-0da37eb3e937,1996-08-22,None,999-64-6426,S99952828,X77151304X,Ms.,Ivy932,Strosin214,None,None,None,white,nonhispanic,F,Boston  Massachusetts  US,218 Schimmel Pathway Unit 5,Rehoboth,Massachusetts,Bristol County,,41.798644873028138,-71.271104250197226,1105326.512,196459.848,2025-11-07T12:24:53.157036,patients.csv,1044,false
fbee8d6b-5acf-370c-7edd-af0d84f5288c,2000-10-10,None,999-67-9966,S99935035,X30514325X,Ms.,Synthia172,Davis923,None,None,None,asian,nonhispanic,F,Macau  Macao Special Administrative Region of the People's Republic of China  CN,114 Crona Mission Apt 98,Revere,Massachusetts,Suffolk County,2151,42.446827773509874,-70.9969441999577,203853.33,53.069999999999837,2025-11-07T12:24:53.157036,patients.csv,173,false
767e1d64-d100-a9ec-fe05-073c6857ffa8,1965-04-10,None,999-11-9695,S99948686,X71590169X,Ms.,Kylee806,Rempel203,None,None,S,black,nonhispanic,F,Weymouth  Massachusetts  US,609 Champlin Terrace,Revere,Massachusetts,Suffolk County,,42.413904723716819,-70.973051256995717,2210637.7860000008,349290.944,2025-11-07T12:24:53.157036,patients.csv,359,false
e9cbe913-d36c-2a77-2a27-60dbf73601e3,1992-02-23,None,999-38-4047,S99968691,X37756113X,Ms.,Ellena683,Jerde200,None,None,S,white,nonhispanic,F,Boston  Massachusetts  US,970 Marks Boulevard,Salem,Massachusetts,Essex County,1970,42.480144702875016,-70.836971869021411,1219145.5545000003,28884.5755,2025-11-07T12:24:53.157036,patients.csv,838,false
6ede3346-0149-628e-0025-e2b9d3f54778,1975-04-02,None,999-94-3041,S99996140,X56211732X,Ms.,Concha418,Adams676,None,None,S,white,nonhispanic,F,Amherst  Massachusetts  US,973 Heller Gate,Salem,Massachusetts,Essex County,,42.563518118342337,-70.856983171187366,1619099.5034999994,361267.3965,2025-11-07T12:24:53.157036,patients.csv,1014,false
5a766b6a-5ed3-9281-386e-10c3fe75a263,1978-10-29,None,999-95-7242,S99933393,X48996510X,Ms.,Isabelle619,Runte676,None,None,S,white,nonhispanic,F,Medford  Massachusetts  US,158 Dicki Path Apt 40,Sandwich,Massachusetts,Barnstable County,2563,41.751662929888191,-70.452487380133135,2783676.3990000007,494492.79100000008,2025-11-07T12:24:53.157036,patients.csv,996,false
bc8d72aa-9065-473c-d9cd-cceb942ddfaf,1994-12-04,None,999-97-6480,S99984646,X48197179X,Ms.,Andrea7,Collins926,None,None,None,white,nonhispanic,F,Medfield  Massachusetts  US,580 Miller Annex Suite 54,Saugus,Massachusetts,Essex County,,42.450815631936223,-70.969153325200068,921360.42,397.31999999999988,2025-11-07T12:24:53.157036,patients.csv,755,false
3dfce025-b696-711a-8c2d-6903736e2882,1962-10-04,None,999-15-5852,S99939163,X44564760X,Ms.,Henry768,Gottlieb798,None,None,S,white,nonhispanic,F,Westford  Massachusetts  US,257 Heaney Parade,Scituate,Massachusetts,Plymouth County,,42.245284288343342,-70.778776294402292,2004855.275,1259245.085,2025-11-07T12:24:53.157036,patients.csv,242,false
7adfe946-37fc-cb42-d68b-04175f767196,1996-06-09,None,999-29-3995,S99913674,X79541431X,Ms.,Ilona639,Graham902,None,None,None,white,nonhispanic,F,Brookline  Massachusetts  US,927 Marvin Branch Suite 8,Seekonk,Massachusetts,Bristol County,,41.878436190822043,-71.336577445006142,1349054.46,0,2025-11-07T12:24:53.157036,patients.csv,143,false
303c8bd7-a047-5e7c-6dd3-1d6e7f04d439,1999-06-04,None,999-68-4052,S99942622,X39843761X,Ms.,Almeta56,Marvin195,None,None,None,white,nonhispanic,F,Rowley  Massachusetts  US,879 Leffler Lane,Shrewsbury,Massachusetts,Worcester County,,42.238403465061566,-71.7480975454029,533833.1,165183.69999999998,2025-11-07T12:24:53.157036,patients.csv,164,false
4e64cd82-c0b5-2005-2690-240374ca045c,1952-10-09,None,999-86-5158,S99956855,X2926881X,Ms.,Numbers230,McClure239,None,None,S,white,nonhispanic,F,Millbury  Massachusetts  US,415 Smith Common Unit 56,Somerset,Massachusetts,Bristol County,2726,41.733711215272919,-71.115602115499172,3315897.4095000005,204304.3705,2025-11-07T12:24:53.157036,patients.csv,185,false
40ef2428-c142-6e65-8e0e-0ee4098dda28,1974-09-19,None,999-62-5189,S99917935,X73174301X,Ms.,Meghan514,Jacobson885,None,None,S,white,nonhispanic,F,Weymouth  Massachusetts  US,967 Gutkowski Light,Somerville,Massachusetts,Middlesex County,2138,42.399743401765811,-71.17517600043432,1384466.0999999996,488.55,2025-11-07T12:24:53.157036,patients.csv,327,false
36a83b79-3f28-57dc-b0cc-6dccdcb2c2b0,2001-01-07,None,999-50-3118,S99993605,X35065313X,Ms.,Asuncion264,Heidenreich818,None,None,None,white,nonhispanic,F,Haverhill  Massachusetts  US,287 Halvorson Ranch Unit 86,Somerville,Massachusetts,Middlesex County,2145,42.387661488204152,-71.094741602847492,514091.7625,635.5875,2025-11-07T12:24:53.157036,patients.csv,615,false
09a88ead-dcf8-1702-a172-fcb15b294d7f,1995-12-10,None,999-34-6081,S99953990,X14556497X,Ms.,Janeth814,Grant908,None,None,None,white,nonhispanic,F,Leominster  Massachusetts  US,969 Hettinger Lodge,Somerville,Massachusetts,Middlesex County,2145,42.392257437027233,-71.123850330655614,822600.44150000007,187077.0585,2025-11-07T12:24:53.157036,patients.csv,767,false
eff48ed7-eab5-258e-2d5d-0793f7941bea,1978-04-14,None,999-40-5786,S99932983,X88255257X,Ms.,Sierra982,Kohler843,None,None,S,white,nonhispanic,F,Townsend  Massachusetts  US,774 Runte Glen,South Amherst,Massachusetts,Hampshire County,,42.333633513887342,-72.530508018921807,1802866.1779999996,182569.302,2025-11-07T12:24:53.157036,patients.csv,736,false
ef82862b-c0f8-7440-2dcb-4d7137349f0d,1988-08-04,None,999-42-8417,S99975645,X43216868X,Ms.,Melodie819,Cormier289,None,None,S,white,nonhispanic,F,Naples  Campania  IT,161 Aufderhar Meadow,South Dennis,Massachusetts,Barnstable County,2660,41.660868268634317,-70.150350399307655,1447117.1895,486322.20049999992,2025-11-07T12:24:53.157036,patients.csv,631,false
17ad4670-1e85-702d-c7b5-eac3e87f90ed,1998-07-09,None,999-38-3378,S99935864,X29386171X,Ms.,Stephanie963,Gibson10,None,None,None,white,nonhispanic,F,Hadley  Massachusetts  US,519 Cassin View,South Hadley,Massachusetts,Hampshire County,,42.286743092943148,-72.576181919055486,587751.19000000006,0,2025-11-07T12:24:53.157036,patients.csv,273,false
bebfd4c4-1fcb-6cf4-5488-29c7b456089c,2000-07-05,None,999-65-1971,S99910745,X53247191X,Ms.,Mabelle762,Nienow652,None,None,None,other,nonhispanic,F,West Brookfield  Massachusetts  US,1058 Leannon Promenade,Southwick,Massachusetts,Hampden County,,42.031535136848689,-72.805340347281117,1264857.62,0,2025-11-07T12:24:53.157036,patients.csv,592,false
863410e4-cd33-2f03-47b6-01fa2bc39753,2002-05-31,None,999-55-4685,S99918843,None,Ms.,Renee555,Hilll811,None,None,None,asian,nonhispanic,F,Chongqing  Chongqing Municipality  CN,748 Greenholt Loaf Unit 79,Springfield,Massachusetts,Hampden County,1103,42.120568866613212,-72.532055682482778,1217819.5625,11625.3075,2025-11-07T12:24:53.157036,patients.csv,446,false
b4b89a78-2d0b-f956-1c84-b373ffd34e49,1966-03-20,None,999-64-4270,S99918186,X18923460X,Ms.,Breanne585,Leffler128,None,None,S,white,nonhispanic,F,Malden  Massachusetts  US,824 Hammes Village Suite 28,Springfield,Massachusetts,Hampden County,1106,42.130915717897153,-72.6030136624855,2731106.391,440167.59899999993,2025-11-07T12:24:53.157036,patients.csv,557,false
db0ba46f-9b5e-63cd-cbe4-3c0ea82abbdf,1960-08-19,None,999-62-5005,S99936991,X67560433X,Ms.,Emerita401,Jones311,None,None,S,white,nonhispanic,F,Hanson  Massachusetts  US,156 Carroll Neck,Springfield,Massachusetts,Hampden County,1013,42.078668499394944,-72.602315431710082,800800.95649999962,500527.9535,2025-11-07T12:24:53.157036,patients.csv,639,false
9480b971-2ca2-56af-dded-aa0fac41e0a7,1997-12-21,None,999-55-2544,S99971223,X43330403X,Ms.,Brunilda665,Toy286,None,None,None,white,nonhispanic,F,Moscow  Moscow  RU,510 Bergnaum Run,Springfield,Massachusetts,Hampden County,1128,42.199880547537049,-72.589793428926427,710004.45150000008,394745.7385,2025-11-07T12:24:53.157036,patients.csv,847,false
a8259641-ea43-ab98-3577-e1027c2dac2b,2001-07-01,None,999-59-6518,S99983478,X70853146X,Ms.,Ina660,Oberbrunner298,None,None,None,white,nonhispanic,F,Haverhill  Massachusetts  US,793 Fahey Byway,Springfield,Massachusetts,Hampden County,1105,42.197092101056256,-72.6103881079997,513891.53,165.56999999999988,2025-11-07T12:24:53.157036,patients.csv,1134,false
70da0834-3ef3-7dfe-ad2a-8a00b5f87749,2000-04-28,None,999-55-7085,S99965827,X38975870X,Ms.,Reynalda736,Metz686,None,None,None,white,nonhispanic,F,Framingham  Massachusetts  US,189 Johns Orchard Suite 72,Stoughton,Massachusetts,Norfolk County,,42.10087710045191,-71.137673236970556,626757.56250000012,18447.3675,2025-11-07T12:24:53.157036,patients.csv,331,false
cfe3bcd5-9b1b-3564-4a5d-028e16988bba,1964-05-31,1987-10-04,999-75-1448,S99936504,X24539963X,Ms.,Reina25,Tremblay80,None,None,None,white,nonhispanic,F,Winchester  Massachusetts  US,657 Skiles Run,Stoughton,Massachusetts,Norfolk County,,42.094398683600552,-71.069149328729637,77100.6035,51501.4665,2025-11-07T12:24:53.157036,patients.csv,1148,false
c806f7fc-916e-3539-ca50-776b89f987a9,1961-10-01,None,999-46-5287,S99912096,X65682727X,Ms.,Veta780,Roob72,None,None,S,white,nonhispanic,F,West Springfield  Massachusetts  US,160 Rempel Village,Swampscott,Massachusetts,Essex County,,42.482003000605452,-70.863569007744587,1800610.4740000004,194537.046,2025-11-07T12:24:53.157036,patients.csv,1040,false
71feb043-65a2-618f-8a43-77990c308b76,1989-01-17,2013-12-13,999-14-2098,S99991693,X63346475X,Ms.,Jacki842,Waters156,None,None,None,white,nonhispanic,F,Chicopee  Massachusetts  US,106 Brekke Road Suite 14,Wakefield,Massachusetts,Middlesex County,1940,42.494869425973945,-71.093829216382915,754931.99749999994,54157.342500000006,2025-11-07T12:24:53.157036,patients.csv,783,false
d2f61dcd-764f-619a-a60e-dc4a23eb3d53,1999-04-03,None,999-58-5537,S99945748,X58766646X,Ms.,Molly175,Carroll471,None,None,None,white,nonhispanic,F,West Springfield  Massachusetts  US,875 Rutherford Fort Unit 44,Waltham,Massachusetts,Middlesex County,,42.399438879050507,-71.284720803287428,587705.3175,1245.6225,2025-11-07T12:24:53.157036,patients.csv,92,false
8a19de22-523c-e702-74b3-da3ee570507e,1995-01-01,None,999-77-7501,S99942530,X79819812X,Ms.,Brinda322,Gorczany269,None,None,None,white,nonhispanic,F,Tewksbury  Massachusetts  US,450 Lebsack Hollow Suite 0,Waltham,Massachusetts,Middlesex County,2453,42.398721083843682,-71.139093186354032,731684.715,769.30499999999984,2025-11-07T12:24:53.157036,patients.csv,1137,false
a01f3f38-11eb-bf6b-02b6-26b8c38c6a0f,1999-04-07,None,999-35-4669,S99913274,X68097435X,Ms.,Mallory926,Hills818,None,None,None,white,nonhispanic,F,Brookline  Massachusetts  US,804 Conroy Burg Apt 71,Wellesley,Massachusetts,Norfolk County,2482,42.297222138805672,-71.320863042553029,571997.08500000008,21363.645,2025-11-07T12:24:53.157036,patients.csv,950,false
066f03fb-a5aa-5b53-d4a6-b31f5b44a29f,2000-06-26,None,999-71-3337,S99944681,X37752615X,Ms.,Porsha375,Spencer878,None,None,None,asian,nonhispanic,F,Sutton  Massachusetts  US,171 Cartwright Station,West Newbury,Massachusetts,Essex County,,42.789264846322531,-70.940193130696684,1249966.4214999997,391590.6585,2025-11-07T12:24:53.157036,patients.csv,1003,false
70c444f6-2f20-e9c3-0c1c-13fab72f9a4a,1957-07-10,None,999-74-5226,S99912015,X20517205X,Ms.,Marilu588,Upton904,None,None,S,white,nonhispanic,F,Boston  Massachusetts  US,577 Stracke Divide,West Springfield,Massachusetts,Hampden County,,42.161487791211087,-72.62837892830575,3081893.9480000008,326077.542,2025-11-07T12:24:53.157036,patients.csv,428,false
76ddfad7-424d-d66a-30da-33c1ba147bc2,2003-04-04,None,999-57-8999,S99924164,None,Ms.,Nona876,Satterfield305,None,None,None,white,hispanic,F,Randolph  Massachusetts  US,120 Stoltenberg Station,West Springfield,Massachusetts,Hampden County,1089,42.102509935241258,-72.61101527932955,489218.06750000006,391.91249999999991,2025-11-07T12:24:53.157036,patients.csv,1142,false
f42c7ebb-76cb-c999-e713-73169d94ccce,2001-07-11,None,999-10-9710,S99921572,X70095954X,Ms.,Kiyoko456,Reilly981,None,None,None,white,nonhispanic,F,Boston  Massachusetts  US,236 Crist Brook,Westfield,Massachusetts,Hampden County,,42.097114352833948,-72.770959656473167,564552.46000000008,0,2025-11-07T12:24:53.157036,patients.csv,583,false
49b2eb30-3376-3e26-e774-08e40c0ca44a,1960-10-23,None,999-11-1331,S99999603,X60457114X,Ms.,Cythia210,Crist667,None,None,S,white,nonhispanic,F,East Brookfield  Massachusetts  US,578 Metz Route,Westfield,Massachusetts,Hampden County,,42.091338522543928,-72.784916910533283,2047056.417,1183565.793,2025-11-07T12:24:53.157036,patients.csv,988,false
00ae3b00-9500-efc1-2758-a93d3f77e650,1953-05-02,None,999-45-6499,S99914692,X44939163X,Ms.,Tashia814,Boehm581,None,None,S,black,nonhispanic,F,Marshfield  Massachusetts  US,800 Runte Gardens,Westport,Massachusetts,Bristol County,,41.533694506759971,-71.1143475033481,2057874.8525,219855.5075,2025-11-07T12:24:53.157036,patients.csv,750,false
454bbec4-42bc-bd2c-fe3a-f8f4fc4346e9,2001-09-17,None,999-88-1494,S99947520,X15711612X,Ms.,Kizzy275,Daniel959,None,None,None,white,nonhispanic,F,Worcester  Massachusetts  US,649 Langosh Lock,Whitman,Massachusetts,Plymouth County,,42.032078882198292,-70.946169798525347,1602396.16,38825.19,2025-11-07T12:24:53.157036,patients.csv,305,false
c518abbe-9695-1b3a-3173-305ff9bb6150,1965-08-29,None,999-73-4200,S99988117,X2596805X,Ms.,Lesa839,Price929,None,None,S,white,hispanic,F,Lowell  Massachusetts  US,633 Sawayn Rue,Winchendon,Massachusetts,Worcester County,1475,42.62724856359111,-72.084027400018741,2109629.549,165529.391,2025-11-07T12:24:53.157036,patients.csv,425,false
c9b4f8c6-d7be-6563-0560-c90cfe6b12ca,2003-10-08,None,999-17-8551,S99937265,None,Ms.,Pei116,Williamson769,None,None,None,white,nonhispanic,F,Randolph  Massachusetts  US,996 Kemmer Port Unit 36,Woburn,Massachusetts,Middlesex County,1890,42.508243079625551,-71.172624340281885,1220556.9499999995,0,2025-11-07T12:24:53.157036,patients.csv,26,false
97899f1d-9c3b-2b90-17b8-400c11ab8f0f,1969-10-19,None,999-92-9590,S99972960,X36775426X,Ms.,Alberta625,Waters156,None,None,S,white,hispanic,F,Peabody  Massachusetts  US,246 Boyle Heights Apt 11,Woburn,Massachusetts,Middlesex County,1890,42.47373281976995,-71.19371785183553,2695191.145500001,206727.3645,2025-11-07T12:24:53.157036,patients.csv,70,false
6c96e5f4-464b-0afa-ff6f-aab2e1e55a49,1958-12-02,None,999-89-4956,S99942595,X66073977X,Ms.,Lilly908,Hamill307,None,None,S,white,nonhispanic,F,Natick  Massachusetts  US,992 Rolfson Green,Worcester,Massachusetts,Worcester County,1604,42.188801563862881,-71.8048348078855,622545.03950000019,745336.55049999966,2025-11-07T12:24:53.157036,patients.csv,743,false
25e8dac5-c8bc-3dc7-d319-140d1da359c1,2001-07-05,None,999-46-3344,S99913641,X9384607X,Ms.,Donetta1,Bradtke547,None,None,None,white,nonhispanic,F,Saugus  Massachusetts  US,187 Conroy Rapid Apt 25,Worcester,Massachusetts,Worcester County,1606,42.264034242338987,-71.823497610124264,1411949.4125,2459.4375000000005,2025-11-07T12:24:53.157036,patients.csv,912,false
21db612c-b8ef-f666-53a6-cc657674d4cd,2003-06-17,None,999-92-3526,S99955577,None,Ms.,Rene434,Wisoky380,None,None,None,white,nonhispanic,F,Falmouth  Massachusetts  US,217 Altenwerth Road,Yarmouth,Massachusetts,Barnstable County,,41.650887090904412,-70.254016369631714,473470.7455,151012.1445,2025-11-07T12:24:53.157036,patients.csv,688,false
